User Name,Recommendations
Ban Mai,"['Lady Hill Sapa Resort', 'The Pepper King Resort', 'Ville De Mont Mountain Resort', 'The View Sapa Hotel', 'Silk Path Grand Resort & Spa Sapa', 'Sapa Pine Hill Eco Lodge', 'My Boutique Hotel & Spa', 'Changed Hotel SaPa Peace Valley hotel', 'Changed Hotel BB Sapa Resort & Spa - Formerly Victoria Sapa Resort & Spa', 'Changed Hotel Sapa Jade Hill Resort & Spa']"
Vinh Quốc,"['Sapa Snow Hotel', 'The View Sapa Hotel', 'Sapa Melody Hotel', 'SAPA FULL HOUSE HOTEL', 'Liberty Sapa Hotel', 'Tiger Sapa hotel', 'Sapa Hills Hotel', 'Changed Hotel Sapa Vista Hotel', 'Changed Hotel Sapa Valley view hotel', 'Changed Hotel Ehome Sapa']"
Thanh Bình,"['Lustig Hostel', 'Sapa Odyssey Hostel', 'Flaco Hostel Sapa', 'Himalaya Sapa Hostel', 'Sapa Signature Inn', 'Minh Hưng Hostel', 'The View Sapa Hotel', 'Changed Hotel My Dream Hotel 1', 'Changed Hotel HeLLo Sapa Hotel', 'Changed Hotel May Nui Sa Pa Hostel']"
Lan Vy,"['Surelee Homestay', ""My's Homestay sapa"", 'Sapa Riverside Homestay', 'Dzay house homestay', 'You hour homestay', 'Tavan View Homestay', 'Vietoutdoors Homestay', ""Changed Hotel Sapa's Soul homestay"", 'Changed Hotel Hmong Culture Homestay', 'Changed Hotel Sapa Eco Homestay']"
Diễm Chi,"['SaPa Retreat Condotel', 'The View Sapa Hotel', 'Hanna Retreat Sapa Villas', 'Sapa Tatu Homestay', 'SAPA FULL HOUSE HOTEL', 'Sapa View Hotel', 'Sapa Snow Hotel', 'Changed Hotel Sapa Melody Hotel', 'Changed Hotel Sapa Family House 2', 'Changed Hotel Chapa Farmstay - Mountain Retreat']"
Ðông Hải,"[""Lenh's Family House"", 'SaPa Farmer House', 'Dzay house homestay', 'De Amor House & Coffee', 'Cơmlam Eco House', 'Sapa Bamboo Eco', 'Camellia Guest House', 'Changed Hotel Goong House', 'Changed Hotel River mountain view homestay', 'Changed Hotel Sapa Rosie House']"
Tâm Linh,"['Camellia Guest House', 'Manh Linh Guest house', 'SAPA FULL HOUSE HOTEL', 'Sapa Mountain Queen House', 'Hmong Wooden Home', 'Mintu Home', 'The Upper House Sapa', 'Changed Hotel Love House Sapa', 'Changed Hotel THANH XUAN Hotel', 'Changed Hotel Thanh Ha Homestay Sapa']"
Diễm Phúc,"['Sapa Legend Hotel & Spa', 'Phuong Nam Hotel', 'Sharaton Boutique Hotel 8', 'Lustig Hostel', 'Flaco Hostel Sapa', 'HeLLo Sapa Hotel', 'Sapa Odyssey Hostel', 'Changed Hotel Son Ha Hotel SAPA', ""Changed Hotel Pao's Sapa Leisure Hotel"", 'Changed Hotel Himalaya Sapa Hostel']"
Phước An,"[""My's Homestay sapa"", 'Sapa Rosie House', 'Tạo Phượng Sa Pa Hotel 1', 'Surelee Homestay', 'Eco Hills Homestay', 'Dzay house homestay', 'Hmong Culture Homestay', 'Changed Hotel Amazing Hotel Sapa', 'Changed Hotel Minh Anh Guesthouse 10', 'Changed Hotel Mimosa Hotel Sapa']"
Thế Hùng,"['Sapa Mountain Queen House', 'Sharaton Boutique Hotel', 'Vietoutdoors Homestay', 'Sapa Mushroom Homestay 4', 'Sapa Valley view hotel', 'Sapa Snow Hotel', 'The View Sapa Hotel', 'Changed Hotel HeLLo Sapa Hotel', 'Changed Hotel Sapa Melody Hotel', 'Changed Hotel Sapa Alley Homestay']"
Ðình Sang,"['ChiChi Hotel Sapa', 'My Boutique Hotel & Spa', 'My Gallery Boutique Hotel & Spa', 'Sapa Dragon Hotel', 'Sapa Green Hotel', 'Sharaton Boutique Hotel', 'Sapa View Hotel', 'Changed Hotel Eden Boutique Hotel & Spa', 'Changed Hotel Eden Central Hotel & Spa', 'Changed Hotel Sapa Lavie Hotel & Spa']"
Minh Hiền,"['Flaco Hostel Sapa', 'Sapa Odyssey Hostel', 'Lustig Hostel', 'Sapa Signature Inn', 'Rainbow Sa Pa Hotel', 'Himalaya Sapa Hostel', 'Ehome Sapa', 'Changed Hotel HeLLo Sapa Hotel', 'Changed Hotel Minh Hưng Hostel', 'Changed Hotel May Nui Sa Pa Hostel']"
Ánh Linh,"['You hour homestay', 'Hmong Culture Homestay', 'Sapa Dao Homestay', 'Sapa Riverside Ecolodge & Spa', 'Surelee Homestay', 'Vietoutdoors Homestay', 'Sapa Eco Homestay', 'Changed Hotel Sapa Riverside Homestay', 'Changed Hotel Sapa Orange Homestay', ""Changed Hotel Sapa's Soul homestay""]"
Minh Kỳ,"['Sapa Paramount Hotel', 'Paramount Homestay', 'Sapa Village Hotel', 'Lacasa Sapa Hotel', 'Sapa Star Hotel', 'Sapa Valley view hotel', 'Sapa Legend Hotel & Spa', 'Changed Hotel Phuong Nam Hotel', 'Changed Hotel May Ho Hotel Sapa', 'Changed Hotel SAPA FULL HOUSE HOTEL']"
Huy Khiêm,"['The View Sapa Hotel', 'Sapa View Hotel', 'Sapa Star Hotel', 'Helios Sapa Hotel', 'Sapa Lodge Hotel', 'Mimosa Hotel Sapa', 'Le Bordeaux Sapa Hotel', 'Changed Hotel Liberty Sapa Hotel', 'Changed Hotel DeLaSol Sapa Hotel', 'Changed Hotel Sapa Mountain City Hotel']"
Triệu Mẫn,"['Cat Cat Galerie d’Art', 'Sapa Praha Hotel', 'Lanh Sapa Homestay', 'Tạo Phượng Sa Pa Hotel 3', 'Homestay số 91-Suối Hồ Sa Pa 1', 'Sapa Mushroom Homestay 1', 'Liberty Sapa Hotel', 'Changed Hotel Sapa Centre Hotel', 'Changed Hotel SAPA GREEN FOREST HOTEL', 'Changed Hotel Orchids Hotel']"
Lan Nhi,"['Dang Khoa Garden Inn', 'Sapa Jungle Homestay', 'D Home Sapa', ""Hoa's homestay Sapa"", 'Dang Khoa Homestay', 'Nguyen Dang Guesthouse', 'SAPA FULL HOUSE HOTEL', 'Changed Hotel Homestay số 91-Suối Hồ Sa Pa 4', 'Changed Hotel Sharaton Boutique Hotel 7', 'Changed Hotel Sapa Friendly Inn & Travel']"
Thục Uyên,"['May Ho Hotel Sapa', 'Sapa Star Hotel', 'Sapa Van Hung Hotel', 'Tiger Sapa hotel', 'Cherry Hotel', 'Sapa View Hotel', 'Orchids Hotel', 'Changed Hotel SAPA FULL HOUSE HOTEL', 'Changed Hotel ChiChi Hotel Sapa', 'Changed Hotel H&T Luxury Hotel']"
Huyền Thoại,"['Le Chapa Hotel & Spa', 'Le Bordeaux Sapa Hotel', 'Chapa Farmstay - Mountain Retreat', 'Chapa Stream House', 'My Boutique Hotel & Spa', 'Eden Central Hotel & Spa', 'SAPA GREEN FOREST HOTEL', 'Changed Hotel Sapa View Hotel', 'Changed Hotel HAPPY FAMILY HOTEL', 'Changed Hotel Sapa Lodge Hotel']"
Trung,"['My Gallery Boutique Hotel & Spa', 'Sapa Tulip Hotel', 'Son Ha Sapa Hotel Plus', 'TINH DOI SA PA Guest House', 'Vip Sapa Hotel 1', 'My Boutique Hotel & Spa', 'Eden Boutique Hotel & Spa', 'Changed Hotel Hillyhome Sapa', 'Changed Hotel Homestay Discovery Sapa 2', 'Changed Hotel Nomadtrails Boutique Sapa Hotel']"
Yến Mai,"['Himalaya Sapa Hostel', 'Phuong Nam Hotel', 'Son Ha Hotel SAPA', 'Sharaton Boutique Hotel 8', 'KK Sapa Hotel', 'HOTEL DE SAPA', 'The View Sapa Hotel', 'Changed Hotel Sapa Legend Hotel & Spa', 'Changed Hotel Sapa View Hotel', ""Changed Hotel Pao's Sapa Leisure Hotel""]"
Tuấn Tú,"['Sapa Capsule Hotel 1', 'Sapa Garden Hotel', 'Nghiêng Sapa Hotel', 'Sapa View Hotel', 'Himalaya Sapa Hostel', 'Sapa Dragon Hotel', 'Sapa Valley view hotel', 'Changed Hotel Sapa Capsule Hotel', 'Changed Hotel The View Sapa Hotel', 'Changed Hotel Sapa Wings Hotel']"
Hoàng Linh,"['Lacasa Sapa Hotel', 'May Ho Hotel Sapa', 'ChiChi Hotel Sapa', 'Sapa Dragon Hotel', 'Liberty Sapa Hotel', 'Sapa Vista Hotel', 'Tiger Sapa hotel', 'Changed Hotel Saparis Hotel', 'Changed Hotel Sapa Star Hotel', 'Changed Hotel SAPA FULL HOUSE HOTEL']"
Trung Ðức,"['Liberty Sapa Hotel', 'Hotel Sao Xanh', 'Homestay số 91-Suối Hồ Sa Pa 5', 'Tiger Sapa hotel', 'ChiChi Hotel Sapa', 'SAPA FULL HOUSE HOTEL', 'Sapa Mountain City Hotel', 'Changed Hotel Minh Anh Guesthouse 3', 'Changed Hotel Sapa Signature Inn', 'Changed Hotel Saigonese Trekking House']"
Ngọc Khanh,"['Sapa Tay Bac Home', 'Tay Bac Sky Homestay', 'D Home Sapa 2', 'D Home Sapa', 'Mintu Home', 'Pavi home', 'Sunset View Home', 'Changed Hotel young home', 'Changed Hotel Hmong Wooden Home', 'Changed Hotel Sapa Stay']"
Cường Thịnh,"['Camellia Guest House 1', 'Cherry Hoa Dao 1', 'Sapa Odyssey Hostel 1', 'Hotel Sao Xanh 2', 'sapa eco terraces 6', 'Sapa House Hotel', 'Sunset View Home 2', 'Changed Hotel Sunset View Home 3', 'Changed Hotel Minh Anh Guesthouse 7', 'Changed Hotel Homestay số 91-Suối Hồ Sa Pa 4']"
Nhật Hùng,"['Sapa Peaceful Hotel', 'May Hong Hotel', 'Tạo Phượng Sa Pa Hotel 2', 'Sapa Jade Hill Resort & Spa 1', 'Sapa Friendly Inn & Travel 1', 'Sapa Melody Hotel', 'Sapa View Hotel', 'Changed Hotel Sapa Wings Hotel 2', 'Changed Hotel Sapa Clover Hotel', 'Changed Hotel The View Sapa Hotel']"
Nhật Mai,"['Eden Boutique Hotel & Spa', 'Sapa Lavie Hotel & Spa', 'Sapa View Hotel', 'Sharaton Boutique Hotel', 'Sapa Green Hotel', 'Sapa Centre Hotel', 'The View Sapa Hotel', 'Changed Hotel My Gallery Boutique Hotel & Spa', 'Changed Hotel My Boutique Hotel & Spa', 'Changed Hotel KK Sapa Hotel']"
Xuân Sơn,"['Sapa Vista Hotel', 'The View Sapa Hotel', 'Sapa Snow Hotel', 'Sapa Hills Hotel', 'SAPA FULL HOUSE HOTEL', 'Sapa Centre Hotel', 'My Dream Hotel', 'Changed Hotel Sapa Valley view hotel', 'Changed Hotel Sapa Melody Hotel', 'Changed Hotel Vip Sapa Hotel']"
Kiều Hoa,"['The View Sapa Hotel', 'HAPPY FAMILY HOTEL', 'Sapa Melody Hotel', 'Tubotel Sapa', 'Sapa Centre Hotel', 'Sapa Snow Hotel', 'Sapa Valley view hotel', 'Changed Hotel Sapa Topaz Hotel & Spa', 'Changed Hotel Sapa View Hotel', 'Changed Hotel Sapa Star Hotel']"
Nam Hưng,"['Azure Sapa Hotel', 'The View Sapa Hotel', 'Sapa Lodge Hotel', 'Sapa Mountain City Hotel', 'Liberty Sapa Hotel', 'Sapa Star Hotel', 'Paramount Homestay', 'Changed Hotel DeLaSol Sapa Hotel', 'Changed Hotel Mimosa Hotel Sapa', 'Changed Hotel Sapa Valley view hotel']"
Thanh Loan,"['Ladybird Sapa Hotel', 'Sapa View Hotel', 'Sapa Star Hotel', 'The View Sapa Hotel', 'Sapa Cloud Hotel', 'Sapa Hills Hotel', 'Sapa Mountain City Hotel', 'Changed Hotel Sapa Lodge Hotel', 'Changed Hotel Nghiêng Sapa Hotel', 'Changed Hotel ChiChi Hotel Sapa']"
Như Ngà,"['Sapa House Hotel', 'Sapa Tatu Homestay', 'Sunset View Home 3', 'Alpha Villa', 'You hour homestay', 'Song Anh Hotel Sapa', 'sapa eco terraces 4', 'Changed Hotel Hung Vuong hotel', 'Changed Hotel Hotel Sao Xanh 5', 'Changed Hotel May Ho Hotel Sapa']"
Ðắc Trọng,"['Sapa Elite Hotel', 'Sapa Friendly Inn & Travel 2', 'Laika Cafe Hotel', 'SAPA GREEN FOREST HOTEL', 'Homestay Séo Mý Tỷ', 'Homestay Discovery Sapa 4', 'Hotel Sao Xanh 4', 'Changed Hotel Sharaton Boutique Hotel 8', 'Changed Hotel Sapa Hills Hotel 1', 'Changed Hotel Sharaton Boutique Hotel 3']"
Hải Thảo,"['Son Ha Sapa Hotel Plus', 'Sapa Tulip Hotel', 'My Gallery Boutique Hotel & Spa', 'Hillyhome Sapa', 'TINH DOI SA PA Guest House', 'Homestay Discovery Sapa 2', 'Vip Sapa Hotel 1', 'Changed Hotel Mai Vàng Hotel', 'Changed Hotel Sapa Lodge Hotel', 'Changed Hotel Sapa Star Hotel']"
Lệ Hoa,"['Sapa Melody Hotel', 'The View Sapa Hotel', 'Aurora SaPa Hotel', 'ChiChi Hotel Sapa', 'Sapa Star Hotel', 'Cherry Hotel', 'Hung Vuong hotel', 'Changed Hotel Sapa Centre Hotel', 'Changed Hotel Sapa Lavie Hotel & Spa', 'Changed Hotel Sapa Vista Hotel']"
Hoàng Quân,"['Sapa Mountain Queen House', 'HeLLo Sapa Hotel', 'Sapa Alley Homestay', 'Sharaton Boutique Hotel', 'SAPA FULL HOUSE HOTEL', 'Vip Sapa Hotel', 'The Upper House Sapa', 'Changed Hotel Sapa Mushroom Homestay 4', 'Changed Hotel Sapa View Hotel', 'Changed Hotel Vietoutdoors Homestay']"
Hàm Duyên,"['Sapa Melody Hotel', 'Sapa Snow Hotel', 'The View Sapa Hotel', 'Sapa Centre Hotel', 'Sapa Star Hotel', 'Hung Vuong hotel', 'Beautiful Sapa Hotel', 'Changed Hotel Rainbow Sa Pa Hotel', 'Changed Hotel Sapa Valley view hotel', 'Changed Hotel Cherry Hotel']"
Hạc,"['Paris Boutique Hotel Sapa', 'Nomadtrails Boutique Sapa Hotel', 'My Boutique Hotel & Spa', 'Pi’s Boutique Sapa', 'Sapa Legend Hotel & Spa', 'My Gallery Boutique Hotel & Spa', 'Liberty Sapa Hotel', 'Changed Hotel SAPA FULL HOUSE HOTEL', 'Changed Hotel Sapa Wings Hotel', 'Changed Hotel Eden Boutique Hotel & Spa']"
Việt Thông,"['Sapa Pine Hill Eco Lodge', 'Sapa Lodge Hotel', 'Hmong Eco Villas', 'sapa eco terraces', 'Sapa Eco Villas & Spa', 'Sapa Eco Homestay', 'Lady Hill Sapa Resort', 'Changed Hotel Swing Sa Pa Homestay', 'Changed Hotel Sapa Eco Bungalows & Spa', 'Changed Hotel The Upper House Sapa']"
Sỹ Thực,"['Green Sapa Homestay', 'You hour homestay', 'Sapa Green Hotel', 'SAPA GREEN FOREST HOTEL', 'Love House Sapa', 'Homestay số 91-Suối Hồ Sa Pa', ""Sapa's Soul homestay"", 'Changed Hotel River mountain view homestay', 'Changed Hotel Sapa Fantasea Homestay', 'Changed Hotel Sapa Tatu Homestay']"
Diệu Nương,"['Phuong Nam Hotel', 'Sapa Legend Hotel & Spa', 'Son Ha Hotel SAPA', 'Himalaya Sapa Hostel', 'Sharaton Boutique Hotel 8', 'Sapa Valley view hotel', 'Lacasa Sapa Hotel', 'Changed Hotel Sapa Paramount Hotel', 'Changed Hotel Sapa Wings Hotel', ""Changed Hotel Pao's Sapa Leisure Hotel""]"
Thành Doanh,"['Nomadtrails Boutique Sapa Hotel', 'Sapa Valley view hotel', 'My Gallery Boutique Hotel & Spa', 'Sapa Star Hotel', 'Sapa Lodge Hotel', 'Mimosa Hotel Sapa', 'Pi’s Boutique Sapa', 'Changed Hotel The View Sapa Hotel', 'Changed Hotel SAPA FULL HOUSE HOTEL', 'Changed Hotel Sapa Melody Hotel']"
Phương Nhi,"['Sapa Rosie House', 'Amazing Hotel Sapa', ""My's Homestay sapa"", 'Tạo Phượng Sa Pa Hotel 1', 'Sapa Mountain City Hotel', 'The View Sapa Hotel', 'Sapa Star Hotel', 'Changed Hotel Minh Anh Guesthouse 10', 'Changed Hotel Mimosa Hotel Sapa', 'Changed Hotel Sapa Lodge Hotel']"
Thái Nguyên,"['London Sa Pa Hotel', 'Sapa Horizon Hotel', 'Tay Bac Sky Homestay', 'Vip Sapa Hotel 9', 'Sapa View Hotel', 'Sapa Melody Hotel', 'Sapa Green Hotel', 'Changed Hotel May Ho Hotel Sapa', 'Changed Hotel Sapa Mushroom Homestay 6', 'Changed Hotel Saparis Hotel']"
Giao,"['Sapa Panorama Hotel', 'BB Hotel Sapa', 'SAPA FULL HOUSE HOTEL', 'Sapa Sunrise Hotel', 'Sapa Praha Hotel', 'ChiChi Hotel Sapa', 'Sapa Wings Hotel', 'Changed Hotel Sapa Aroma Hotel', 'Changed Hotel Lotus Hotel', 'Changed Hotel May Ho Hotel Sapa']"
Minh Yến,"['Son Ha Hotel SAPA', 'Phuong Nam Hotel', 'Sapa Legend Hotel & Spa', ""Pao's Sapa Leisure Hotel"", 'Sharaton Boutique Hotel 8', 'Cat Cat Galerie d’Art', 'Sapa Village Hotel', 'Changed Hotel Muong Thanh Sapa Hotel', 'Changed Hotel Son Ha Sapa Hotel Plus', 'Changed Hotel Himalaya Sapa Hostel']"
My,"['Eden Central Hotel & Spa', 'Eden Boutique Hotel & Spa', 'HAPPY FAMILY HOTEL', 'Sapa View Hotel', 'The View Sapa Hotel', 'Sapa Centre Hotel', 'Sapa Dragon Hotel', 'Changed Hotel Sapa Lavie Hotel & Spa', 'Changed Hotel My Boutique Hotel & Spa', 'Changed Hotel Sapa Star Hotel']"
Cẩm Yến,"['London Sa Pa Hotel', 'Sapa Horizon Hotel', 'Vip Sapa Hotel 9', 'Sapa Mushroom Homestay 6', 'Tiger Sapa hotel', 'Liberty Sapa Hotel', 'ChiChi Hotel Sapa', 'Changed Hotel Tay Bac Sky Homestay', 'Changed Hotel Saparis Hotel', 'Changed Hotel SAPA FULL HOUSE HOTEL']"
Yên Nhi,"['Botanic Sapa Hotel', 'SAPA FULL HOUSE HOTEL', 'ChiChi Hotel Sapa', 'Sapa Star Hotel', 'Sapa Hills Hotel', 'My Dream Hotel 1', 'Sapa Lodge Hotel', 'Changed Hotel Sapa View Hotel', 'Changed Hotel The View Sapa Hotel', 'Changed Hotel Sapa Melody Hotel']"
Trường Sa,"['Son Ha Hotel SAPA 1', 'Sapa Friendly Inn & Travel 3', 'Hotel Sao Xanh 9', 'Bonjour Sa Pa Hotel', 'sapa eco terraces 8', 'Minh Anh Guesthouse 7', 'Sapa Elite Hotel', 'Changed Hotel Tạo Phượng Sa Pa Hotel 9', 'Changed Hotel Vip Sapa Hotel 4', 'Changed Hotel Son Ha Hotel SAPA 2']"
Hùng Sơn,"['Mây Núi Homestay', 'Thanh Ha Homestay Sapa', 'Love House Sapa', 'Homestay coldwinter Sapa', 'Sapa Center View Hotel', 'Hung Vuong hotel', 'Bình Lan Hotel', 'Changed Hotel May Nui Sa Pa Hostel', 'Changed Hotel You hour homestay', 'Changed Hotel Rainbow Sa Pa Hotel']"
Thiên Kim,"['Pi’s Boutique Sapa', 'Sapa Lodge Hotel', 'Sharaton Boutique Hotel', 'Sapa View Hotel', 'My Gallery Boutique Hotel & Spa', 'Sapa Mountain City Hotel', 'My Boutique Hotel & Spa', 'Changed Hotel Nomadtrails Boutique Sapa Hotel', 'Changed Hotel Việt Hoa Hotel Sapa', 'Changed Hotel Mimosa Hotel Sapa']"
Danh Thành,"['sapa eco terraces 8', 'Tạo Phượng Sa Pa Hotel 9', 'Hotel Sao Xanh 9', 'Sapa Friendly Inn & Travel 3', 'Son Ha Hotel SAPA 1', 'Pi’s Boutique Sapa 1', 'Tạo Phượng Sa Pa Hotel 8', 'Changed Hotel Bonjour Sa Pa Hotel', 'Changed Hotel Sapa Peaceful Hotel 5', 'Changed Hotel sapa eco terraces 1']"
Tùng Châu,"['Ehome Sapa', 'Phu Quy Hotel Sapa', 'Sapa Mushroom Homestay 2', 'Sapa Snow Hotel', 'SAPA FULL HOUSE HOTEL', 'The View Sapa Hotel', 'Sapa Centre Hotel', 'Changed Hotel Vip Sapa Hotel 8', 'Changed Hotel Sunset View Home', ""Changed Hotel Lenh's Family House""]"
Hưng Ðạo,"['Sapa Center View Hotel', 'Sapa Melody Hotel', 'Beautiful Sapa Hotel', 'Bình Lan Hotel', 'My Dream Hotel', 'Sapa View Hotel', 'Sapa Star Hotel', 'Changed Hotel Rainbow Sa Pa Hotel', 'Changed Hotel Aurora SaPa Hotel', 'Changed Hotel The View Sapa Hotel']"
Anh Khôi,"['Quoc Thai Sapa Hotel', 'Helios Sapa Hotel', 'May Ho Hotel Sapa', 'Sapa Star Hotel', 'The View Sapa Hotel', 'Sapa Van Hung Hotel', 'SaPa Peace Valley hotel', 'Changed Hotel Love House Sapa', 'Changed Hotel Sapa Mountain City Hotel', 'Changed Hotel Bình Lan Hotel']"
Huyền Diệu,"['Anise Sapa Hotel', 'Sapa View Hotel', 'Sapa Mountain Queen House', 'Sapa Mountain City Hotel', 'Lotus Hotel', 'Sapa Horizon Hotel', 'Sapa Valley view hotel', 'Changed Hotel Sapa Praha Hotel', 'Changed Hotel Sapa Garden Hotel', 'Changed Hotel Liberty Sapa Hotel']"
Lý,"['De Amor House & Coffee', 'Ngua Bay Hotel', 'Sapa Star Hotel', 'Sapa Eco Homestay', 'Gạo House & Coffee', 'Goong House', 'SAPA FULL HOUSE HOTEL', 'Changed Hotel Homestay Discovery Sapa 4', 'Changed Hotel Chapa Stream House', 'Changed Hotel Aliana Boutique Sapa Hotel & Spa']"
Ý Lan,"['Sapa Village Hotel', 'Sapa Paramount Hotel', 'Tiger Sapa hotel', 'Sapa Centre Hotel', 'Liberty Sapa Hotel', 'The View Sapa Hotel', 'Rainbow Sa Pa Hotel', 'Changed Hotel Sapa Star Hotel', 'Changed Hotel May Ho Hotel Sapa', 'Changed Hotel Sapa View Hotel']"
Huy Trân,"['Sapa Eco Homestay', 'Sapa Star Hotel', 'Ngua Bay Hotel', 'Aliana Boutique Sapa Hotel & Spa', 'Homestay Discovery Sapa 4', 'Eco Hills Homestay', 'Surelee Homestay', 'Changed Hotel Sapa Bamboo Eco', 'Changed Hotel Sapa Dao Homestay', 'Changed Hotel De Amor House & Coffee']"
Hương Thảo,"['Hmong Wooden Home', 'D Home Sapa', 'D Home Sapa 2', 'Black Hmong View hotel', 'SAPA FULL HOUSE HOTEL', 'Hmong Eco Villas', 'Sunset View Home', 'Changed Hotel Camellia Guest House', 'Changed Hotel Hmong Culture Homestay', 'Changed Hotel Mintu Home']"
Vinh Diệu,"['Sapa Peaceful Hotel 5', 'Sapa Capsule Hotel', 'Cherry Hoa Dao 4', 'Tạo Phượng Sa Pa Hotel 1', 'Sharaton Boutique Hotel 9', 'Tạo Phượng Sa Pa Hotel 2', 'Sapa Friendly Inn & Travel 4', 'Changed Hotel Sharaton Boutique Hotel 7', 'Changed Hotel Tạo Phượng Sa Pa Hotel 3', 'Changed Hotel Sapa Capsule Hotel 1']"
Kiết,"['Sapa Legend Hotel & Spa', ""Pao's Sapa Leisure Hotel"", 'Phuong Nam Hotel', 'Sharaton Boutique Hotel 8', 'Sapa Garden Hotel', 'Sapa View Hotel', 'Sapa Star Hotel', 'Changed Hotel The View Sapa Hotel', 'Changed Hotel Son Ha Hotel SAPA', 'Changed Hotel Himalaya Sapa Hostel']"
Thiệu Bảo,"['PO homestay', ""My's Homestay sapa"", 'Sapa Alley Homestay', 'Sapa Dao Homestay', 'Sapa Orange Homestay', 'Sapa Garden Hotel', 'Surelee Homestay', 'Changed Hotel You hour homestay', 'Changed Hotel Mekhoo & Zizi Sapa Homestay', 'Changed Hotel River mountain view homestay']"
An Di,"['The View Sapa Hotel', 'ChiChi Hotel Sapa', 'Sapa Melody Hotel', 'Sapa View Hotel', 'SaPa Retreat Condotel', 'SaPa Peace Valley hotel', 'D Home Sapa 2', 'Changed Hotel Chapa Farmstay - Mountain Retreat', 'Changed Hotel Hung Vuong hotel', 'Changed Hotel Chapa Stream House']"
Kim Thư,"['Le Bordeaux Sapa Hotel', 'Sapa Lodge Hotel', 'DeLaSol Sapa Hotel', 'Tubotel Sapa', 'Sapa Centre Hotel', 'Sapa Star Hotel', 'Sapa Melody Hotel', 'Changed Hotel Helios Sapa Hotel', 'Changed Hotel SAPA FULL HOUSE HOTEL', 'Changed Hotel Sapa View Hotel']"
Quý Khánh,"['Homestay coldwinter Sapa', 'Bình Lan Hotel', 'Alpha Villa', 'Discovery Hotel', 'Sapa Van Hung Hotel', 'Helios Sapa Hotel', 'Nguyen Dang Guesthouse', 'Changed Hotel Love House Sapa', 'Changed Hotel Sơn Trang Hotel', 'Changed Hotel You hour homestay']"
Tuấn Trung,"['Grand Flamant Hotel Sapa', 'Sapa View Hotel', 'DeLaSol Sapa Hotel', 'HOTEL DE SAPA', 'Sapa Star Hotel', 'ChiChi Hotel Sapa', 'Tubotel Sapa', 'Changed Hotel Sapa Hills Hotel', 'Changed Hotel Sapa Grand Hills Hotel Apartments', 'Changed Hotel Liberty Sapa Hotel']"
Phong Ðộ,"['The View Sapa Hotel 1', 'HOTEL DE SAPA 1', 'Vip Sapa Hotel 4', 'Vip Sapa Hotel 3', 'Homestay số 91-Suối Hồ Sa Pa 9', 'Minh Anh Guesthouse 5', 'The View Sapa Hotel', 'Changed Hotel Vip Sapa Hotel 8', 'Changed Hotel Sharaton Boutique Hotel 4', 'Changed Hotel Sharaton Boutique Hotel 8']"
Huyền Ngọc,"['Sapa Star Hotel', 'Sapa Mountain City Hotel', 'Sapa Lodge Hotel', 'Sapa Valley view hotel', 'Sapa View Hotel', 'The View Sapa Hotel', 'Liberty Sapa Hotel', 'Changed Hotel Sapa Stay', 'Changed Hotel En Hotel Sapa', 'Changed Hotel SAPA FULL HOUSE HOTEL']"
Thanh Xuân,"['Hung Vuong hotel', 'Sapa Van Hung Hotel', 'Alpha Villa', 'Sapa Melody Hotel', 'The View Sapa Hotel', 'My Boutique Hotel & Spa', 'Sapa Lavie Hotel & Spa', 'Changed Hotel Sapa Centre Hotel', 'Changed Hotel Rainbow Sa Pa Hotel', 'Changed Hotel Cherry Hotel']"
Thành Trung,"['Sapa Jungle Homestay', 'D Home Sapa', ""Hoa's homestay Sapa"", 'Homestay số 91-Suối Hồ Sa Pa 4', 'Homestay Discovery Sapa', 'Sapa Dao Homestay', 'Sapa Riverside Homestay', 'Changed Hotel Dang Khoa Garden Inn', 'Changed Hotel Sharaton Boutique Hotel 7', 'Changed Hotel You hour homestay']"
Uyển Nghi,"['Sapa Eco Villas & Spa', 'Sapa Eco Homestay', 'My Boutique Hotel & Spa', 'Hanna Retreat Sapa Villas', 'Sapa Centre Hotel', 'Sapa Riverside Ecolodge & Spa', 'Chapa Stream House', 'Changed Hotel Hmong Eco Villas', 'Changed Hotel Sapa Eco Bungalows & Spa', 'Changed Hotel The Upper House Sapa']"
Tiểu Mi,"['Sapa Riverside Ecolodge & Spa', 'Sapa Eco Villas & Spa', 'River mountain view homestay', 'Chapa Stream House', ""H'mông cổ trấn sapa homestay"", 'The View Sapa Hotel', 'Sapa Topaz Hotel & Spa', 'Changed Hotel Sapa Eco Bungalows & Spa', 'Changed Hotel Sapa Riverside Homestay', 'Changed Hotel Ngua Bay Hotel']"
Ðức Toàn,"[""Hoa's homestay Sapa"", 'Homestay số 91-Suối Hồ Sa Pa 4', 'Dang Khoa Garden Inn', 'Sharaton Boutique Hotel 7', 'PO homestay', ""My's Homestay sapa"", 'Dzay house homestay', 'Changed Hotel Sapa Jungle Homestay', 'Changed Hotel Hmong Culture Homestay', 'Changed Hotel D Home Sapa']"
Duy Mạnh,"['Cơmlam Eco House', 'Plum Eco House', 'sapa eco terraces', 'Hmong Eco Villas', 'The Upper House Sapa', 'Sapa Eco Homestay', 'Sapa Mountain Queen House', 'Changed Hotel Sapa Bamboo Eco', 'Changed Hotel SAPA FULL HOUSE HOTEL', 'Changed Hotel Eco Hills Homestay']"
Thuận Anh,"['SAPA GREEN FOREST HOTEL', 'Laika Cafe Hotel', 'Sapa Hills Hotel 1', 'Sapa Elite Hotel', 'SAPA FULL HOUSE HOTEL', 'Sapa Mountain City Hotel', 'Sapa Lodge Hotel', 'Changed Hotel Homestay Séo Mý Tỷ', 'Changed Hotel Sapa Friendly Inn & Travel 2', 'Changed Hotel Sapa View Hotel']"
Hương Xuân,"['Việt Hoa Hotel Sapa', 'Sapa Lodge Hotel', 'Sapa Hills Hotel', 'Sapa Snow Hotel', 'SAPA FULL HOUSE HOTEL', 'Sapa Melody Hotel', 'Tiger Sapa hotel', 'Changed Hotel Sapa Star Hotel', 'Changed Hotel Liberty Sapa Hotel', 'Changed Hotel Sapa View Hotel']"
Quang Tuấn,"['Aliana Boutique Sapa Hotel & Spa', 'Sapa Eco Homestay', 'Ngua Bay Hotel', 'My Boutique Hotel & Spa', 'Sapa Wings Hotel', 'Sapa Aroma Hotel', 'Eden Boutique Hotel & Spa', 'Changed Hotel Homestay Discovery Sapa 4', 'Changed Hotel Sapa Star Hotel', 'Changed Hotel De Amor House & Coffee']"
Danh Văn,"['Aliana Boutique Sapa Hotel & Spa 1', 'Tạo Phượng Sa Pa Hotel 5', 'Nghiêng Sapa Hotel', 'Hotel Sao Xanh 7', 'Nhà Bên Suối homestay', 'Hotel Sao Xanh 8', 'Sapa Wings Hotel 1', 'Changed Hotel Bình Lan Hotel', 'Changed Hotel Lan Rung Boutique', 'Changed Hotel Vip Sapa Hotel 2']"
Hải Duyên,"['Ehome Sapa 1', 'Homestay Discovery Sapa 8', 'Homestay số 91-Suối Hồ Sa Pa 5', 'Sharaton Boutique Hotel 3', 'Homestay Discovery Sapa 2', 'sapa eco terraces 3', 'sapa eco terraces 9', 'Changed Hotel Pi’s Boutique Sapa 1', 'Changed Hotel sapa eco terraces 1', 'Changed Hotel Ehome Sapa']"
Kiều Diễm,"['Phủ Giáng Vân Homestay Sapa 1', 'Sunset View Home 7', 'Sharaton Boutique Hotel 6', 'Minh Anh Guesthouse 6', 'Sapa Mushroom Homestay 4', 'sapa eco terraces 6', 'Sapa Mushroom Homestay 6', 'Changed Hotel Sapa Mushroom Homestay 3', 'Changed Hotel Sapa Mushroom Homestay 7', 'Changed Hotel Sharaton Boutique Hotel 2']"
Phong,"['Hmong Culture Homestay', 'Sapa Riverside Homestay', 'Vietoutdoors Homestay', ""My's Homestay sapa"", 'Hmong Wooden Home', 'Sapa Mushroom Homestay', 'Dzay house homestay', 'Changed Hotel You hour homestay', 'Changed Hotel Surelee Homestay', 'Changed Hotel ChienDe Homestay']"
Phương Quyên,"['Ehome Sapa', 'Phu Quy Hotel Sapa', 'Sunset View Home', 'Vip Sapa Hotel 8', 'Goong House', 'Dzay house homestay', 'Ngua Bay Hotel', 'Changed Hotel Chapa Stream House', 'Changed Hotel Sapa Mushroom Homestay 2', ""Changed Hotel Lenh's Family House""]"
Song,"['Phuong Nam Hotel 1', 'Minh Anh Guesthouse 6', 'sapa eco terraces 9', 'Homestay Discovery Sapa 4', 'Sapa Mushroom Homestay 3', 'Hotel Sao Xanh 4', 'Sunset View Home 3', 'Changed Hotel sapa eco terraces 6', 'Changed Hotel Minh Anh Guesthouse 7', 'Changed Hotel Sapa Wings Hotel 2']"
Ðình Ðôn,"['The View Sapa Hotel 1', 'Vip Sapa Hotel 4', 'HOTEL DE SAPA', 'Sharaton Boutique Hotel 8', 'Homestay số 91-Suối Hồ Sa Pa 9', 'Vip Sapa Hotel 3', 'Sen Vang 2 Hotel 1', 'Changed Hotel Sharaton Boutique Hotel 4', 'Changed Hotel HOTEL DE SAPA 1', 'Changed Hotel Minh Anh Guesthouse 5']"
Tuyết Loan,"['TUONG MAI HOTEL', 'Rainbow Sa Pa Hotel', 'Sapa Melody Hotel', 'Hung Vuong hotel', 'Flaco Hostel Sapa', 'The View Sapa Hotel', 'Sapa Lavie Hotel & Spa', 'Changed Hotel Mai Vàng Hotel', 'Changed Hotel Cherry Hotel', 'Changed Hotel Aurora SaPa Hotel']"
Trúc Linh,"['Paramount Homestay', 'Sapa Paramount Hotel', 'The View Sapa Hotel', 'DeLaSol Sapa Hotel', 'Sapa Star Hotel', 'Sapa Mountain City Hotel', 'Helios Sapa Hotel', 'Changed Hotel Liberty Sapa Hotel', 'Changed Hotel Azure Sapa Hotel', 'Changed Hotel ChiChi Hotel Sapa']"
Thịnh Cường,"['Sapa Center View Hotel', 'Sapa Star Hotel', 'Sapa View Hotel', 'SAPA FULL HOUSE HOTEL', 'My Dream Hotel', 'Bình Lan Hotel', 'Aurora SaPa Hotel', 'Changed Hotel Cherry Hotel', 'Changed Hotel Sapa Melody Hotel', 'Changed Hotel Beautiful Sapa Hotel']"
Anh Thái,"['Sapa Wings Hotel 1', 'Aliana Boutique Sapa Hotel & Spa 1', 'Sharaton Boutique Hotel 1', 'Sharaton Boutique Hotel 7', 'Cherry Hoa Dao 5', 'Tạo Phượng Sa Pa Hotel 8', 'Sapa Peaceful Hotel 5', 'Changed Hotel sapa eco terraces 1', 'Changed Hotel Sapa Wings Hotel 2', 'Changed Hotel Sapa Wings Hotel']"
Nguyên Khôi,"['Sapa Hills Hotel 1', 'SAPA GREEN FOREST HOTEL', 'Laika Cafe Hotel', 'Homestay Séo Mý Tỷ', 'Sapa Peaceful Hotel 1', 'Son Ha Hotel SAPA 2', 'Sapa Peaceful Hotel 6', 'Changed Hotel Sapa Elite Hotel', 'Changed Hotel Sapa Friendly Inn & Travel 2', 'Changed Hotel Sapa Peaceful Hotel 9']"
Tâm Hằng,"['Sapa Wings Hotel 2', 'Sapa Friendly Inn & Travel 1', 'Sapa Clover Hotel', 'Sapa Jade Hill Resort & Spa 1', 'May Hong Hotel', 'Sapa Wings Hotel 1', 'Sapa Mushroom Homestay 7', 'Changed Hotel Tạo Phượng Sa Pa Hotel 2', 'Changed Hotel Sapa Peaceful Hotel', 'Changed Hotel Hotel Sao Xanh 2']"
Ðức Quang,"['Vietoutdoors Homestay', 'HeLLo Sapa Hotel', 'Sapa Mushroom Homestay 4', 'Sapa Mountain Queen House', 'Hmong Culture Homestay', 'Sapa Riverside Homestay', ""Sapa's Soul homestay"", 'Changed Hotel You hour homestay', 'Changed Hotel Sharaton Boutique Hotel', 'Changed Hotel Sapa Alley Homestay']"
Ðình Trung,"['Sapa Odyssey Hostel', 'Flaco Hostel Sapa', 'Lustig Hostel', 'Himalaya Sapa Hostel', 'Minh Hưng Hostel', 'Ehome Sapa', 'SaPa Peace Valley hotel', 'Changed Hotel Sapa Signature Inn', 'Changed Hotel HeLLo Sapa Hotel', 'Changed Hotel May Nui Sa Pa Hostel']"
Quang Khải,"['Song Anh Hotel Sapa', 'Helios Sapa Hotel', 'Minh Quang Hotel Sapa', 'Minh Anh Guesthouse', 'Sapa Star Hotel', 'Sapa Van Hung Hotel', 'Sapa Lodge Hotel', 'Changed Hotel The View Sapa Hotel', 'Changed Hotel Sapa Mountain City Hotel', 'Changed Hotel Liberty Sapa Hotel']"
Huyền Nhi,"['Sapa Star Hotel', 'H&T Luxury Hotel', 'Phu Quy Hotel Sapa', 'ChiChi Hotel Sapa', 'Liberty Sapa Hotel', 'SaPa Peace Valley hotel', 'SAPA FULL HOUSE HOTEL', 'Changed Hotel Mai Vàng Hotel', 'Changed Hotel Sapa Van Hung Hotel', 'Changed Hotel TUONG MAI HOTEL']"
Quang Dương,"['BB Sapa Resort & Spa - Formerly Victoria Sapa Resort & Spa', 'Sapa Jade Hill Resort & Spa', 'Aliana Boutique Sapa Hotel & Spa', 'Amazing Hotel Sapa', 'Sapa Eco Villas & Spa', 'Sapa Garden Hotel', 'My Boutique Hotel & Spa', 'Changed Hotel Grand Flamant Hotel Sapa', 'Changed Hotel KK Sapa Hotel', 'Changed Hotel Silk Path Grand Resort & Spa Sapa']"
Chấn Phong,"['Cherry Hotel', 'Sapa Melody Hotel', 'Hung Vuong hotel', 'Bình Lan Hotel', 'Orchids Hotel', 'The View Sapa Hotel', 'Sapa Centre Hotel', 'Changed Hotel Aurora SaPa Hotel', 'Changed Hotel My Dream Hotel', 'Changed Hotel Rainbow Sa Pa Hotel']"
Trường Giang,"['HAPPY FAMILY HOTEL', 'SAPA FULL HOUSE HOTEL', 'ChiChi Hotel Sapa', 'Sapa Topaz Hotel & Spa', 'Sapa View Hotel', 'Sapa Valley view hotel', 'Nghiêng Sapa Hotel', 'Changed Hotel Sapa Star Hotel', 'Changed Hotel The View Sapa Hotel', 'Changed Hotel Sapa Melody Hotel']"
An Hằng,"['Sapa Family House 2', 'Sapa Sunrise Hotel', 'D Home Sapa 2', 'Alpha Villa', 'Sapa Eco Homestay', 'Sapa Valley view hotel', 'Son Ha Hotel SAPA', 'Changed Hotel Sapa Garden Bed and Breakfast', 'Changed Hotel Sapa Centre Hotel', 'Changed Hotel Sapa Garden Hotel']"
Thiên Phú,"['Sapa Dao Homestay', 'You hour homestay', 'Sapa Riverside Homestay', ""Sapa's Soul homestay"", 'Cherry Hoa Dao', 'Homestay Discovery Sapa', 'Vietoutdoors Homestay', 'Changed Hotel River mountain view homestay', 'Changed Hotel Sapa Eco Homestay', 'Changed Hotel Sapa Jungle Homestay']"
Phụng Yến,"['Nguyên Hotel', 'Alpha Villa', 'My Dream Hotel 1', 'Rainbow Sa Pa Hotel', 'Hung Vuong hotel', 'Hotel Tâm Tình', 'Sapa Van Hung Hotel', 'Changed Hotel May Ho Hotel Sapa', 'Changed Hotel HAPPY FAMILY HOTEL', 'Changed Hotel H&T Luxury Hotel']"
Ngọc Uyển,"['Stone Paradise Homestay', 'Eco Hills Homestay', 'Dzay house homestay', ""My's Homestay sapa"", ""Sapa's Soul homestay"", 'Love House Sapa', 'Sapa Eco Homestay', 'Changed Hotel Catcat Garden House', 'Changed Hotel You hour homestay', 'Changed Hotel Surelee Homestay']"
Quang Thái,"['Saigonese Trekking House', 'Liberty Sapa Hotel', 'Sapa Signature Inn', 'Hotel Sao Xanh', 'SAPA FULL HOUSE HOTEL', 'Dzay house homestay', 'Quê Hương house', 'Changed Hotel Homestay số 91-Suối Hồ Sa Pa 5', 'Changed Hotel Minh Anh Guesthouse 3', 'Changed Hotel You hour homestay']"
Ngọc Khuê,"['Gạo House & Coffee', 'The Upper House Sapa', 'The View Sapa Hotel', 'Sapa Snow Hotel', 'Sapa Melody Hotel', 'De Amor House & Coffee', 'My Dream Hotel', 'Changed Hotel Sapa Mountain Queen House', 'Changed Hotel Sapa Vista Hotel', 'Changed Hotel SAPA FULL HOUSE HOTEL']"
Ðình Chương,"['Sapa View Hotel', 'SAPA FULL HOUSE HOTEL', 'Sapa Hills Hotel', 'The View Sapa Hotel', 'ChiChi Hotel Sapa', 'Tubotel Sapa', 'Liberty Sapa Hotel', 'Changed Hotel Sapa Star Hotel', 'Changed Hotel Tiger Sapa hotel', 'Changed Hotel SAPA GREEN FOREST HOTEL']"
Xuân An,"['Sapa Eco Homestay', 'sapa eco terraces', 'Sapa Eco Bungalows & Spa', 'Plum Eco House', 'Goong House', 'Eco Hills Homestay', 'Sapa Eco Villas & Spa', 'Changed Hotel Bamboo Sapa Hotel', 'Changed Hotel Cơmlam Eco House', 'Changed Hotel Sapa Bamboo Eco']"
Sơn Quyền,"['Quang Bình Hotel Sapa', 'Minh Quang Hotel Sapa', 'Sapa Tulip Hotel', 'The View Sapa Hotel', 'Sapa View Hotel', 'Alpha Villa', 'Sapa Van Hung Hotel', 'Changed Hotel Hung Vuong hotel', 'Changed Hotel Bình Lan Hotel', 'Changed Hotel Sapa Star Hotel']"
Huy Anh,"['Sapa Passion Hotel & Spa', 'HOTEL DE SAPA', 'Sapa Snow Hotel', 'Sapa Centre Hotel', 'Nghiêng Sapa Hotel', 'Sapa Hills Hotel', 'SAPA FULL HOUSE HOTEL', 'Changed Hotel The View Sapa Hotel', 'Changed Hotel Sapa Star Hotel', 'Changed Hotel Sapa Lodge Hotel']"
Khánh Hội,"['Minh Anh Guesthouse', 'Hung Vuong hotel', 'Alpha Villa', 'Sapa Centre Hotel', 'Rainbow Sa Pa Hotel', 'Aurora SaPa Hotel', 'Mintu Home', 'Changed Hotel Thien Phuong Guesthouse', 'Changed Hotel Nguyen Dang Guesthouse', 'Changed Hotel SAPA FULL HOUSE HOTEL']"
Ðan Thu,"['Black Hmong View hotel', 'Sapa Mountain City Hotel', 'Liberty Sapa Hotel', 'Sapa Lodge Hotel', 'Royal Hotel', 'SAPA FULL HOUSE HOTEL', 'Sapa Star Hotel', 'Changed Hotel Sapa Valley view hotel', 'Changed Hotel Sapa Snow Hotel', 'Changed Hotel The View Sapa Hotel']"
Lệ Chi,"['Sapa Orange Homestay', 'Mountain Light Homestay', 'Sapa Riverside Homestay', ""My's Homestay sapa"", 'Sapa Fantasea Homestay', 'ChienDe Homestay', 'Hmong Culture Homestay', 'Changed Hotel You hour homestay', ""Changed Hotel Sapa's Soul homestay"", 'Changed Hotel Sapa Dao Homestay']"
Lan Hương,"['Sapa Horizon Hotel', 'London Sa Pa Hotel', 'Tay Bac Sky Homestay', 'Vip Sapa Hotel 9', 'Sapa Mushroom Homestay 6', 'Lotus Hotel', 'Aliana Boutique Sapa Hotel & Spa', 'Changed Hotel Saparis Hotel', 'Changed Hotel Sapa Praha Hotel', 'Changed Hotel Sapa Wings Hotel']"
Thúy Phượng,"['Orchids Hotel', 'Rainbow Sa Pa Hotel', 'Aurora SaPa Hotel', 'The View Sapa Hotel', 'Cherry Hotel', 'Sapa Van Hung Hotel', 'Sapa Center View Hotel', 'Changed Hotel My Dream Hotel', 'Changed Hotel Sapa Vista Hotel', 'Changed Hotel My Dream Hotel 1']"
Nhật Khương,"[""Hoa's homestay Sapa"", 'Sharaton Boutique Hotel 7', 'Homestay số 91-Suối Hồ Sa Pa 4', 'D Home Sapa 2', 'Mintu Home', 'Sapa Melody Hotel', 'Sapa Star Hotel', 'Changed Hotel Sapa Jungle Homestay', 'Changed Hotel D Home Sapa', 'Changed Hotel Dang Khoa Garden Inn']"
Ánh Trang,"['Sapa Lodge Hotel', 'Sapa Mountain City Hotel', 'Royal Hotel', 'Le Bordeaux Sapa Hotel', 'Mimosa Hotel Sapa', 'Việt Hoa Hotel Sapa', 'Sapa Star Hotel', 'Changed Hotel The View Sapa Hotel', 'Changed Hotel SAPA FULL HOUSE HOTEL', 'Changed Hotel Sapa View Hotel']"
Lưu Ly,"['Vip Sapa Hotel 5', 'Cherry Hoa Dao 2', 'sapa eco terraces 7', 'Ville De Mont Mountain Resort', 'Homestay Discovery Sapa 9', 'Sunset View Home 3', 'Sapa Friendly Inn & Travel 5', 'Changed Hotel Sapa Odyssey Hostel 1', 'Changed Hotel Camellia Guest House 1', 'Changed Hotel Sharaton Boutique Hotel 2']"
Thiên Nga,"['Thanh Ha Homestay Sapa', 'THANH XUAN Hotel', 'Mây Núi Homestay', 'Minh Hưng Hostel', 'Love House Sapa', 'Camellia Guest House', 'Rainbow Sa Pa Hotel', 'Changed Hotel Son Ha Sapa Hotel Plus', 'Changed Hotel Manh Linh Guest house', 'Changed Hotel Sapa Melody Hotel']"
Thục Quyên,"['Amazing Hotel Sapa', 'Mimosa Hotel Sapa', 'Sapa Rosie House', 'Tạo Phượng Sa Pa Hotel 1', 'Minh Anh Guesthouse 10', 'KK Sapa Hotel', 'Pistachio Hotel Sapa', 'Changed Hotel Sapa Freesia Hotel', 'Changed Hotel HOTEL DE SAPA', ""Changed Hotel My's Homestay sapa""]"
Ngọc Hoa,"['Nguyên Hotel', 'Cherry Hotel', 'Hung Vuong hotel', 'Sapa Van Hung Hotel', 'My Dream Hotel 1', 'Alpha Villa', 'My Boutique Hotel & Spa', 'Changed Hotel My Dream Hotel', 'Changed Hotel Sapa Centre Hotel', 'Changed Hotel Hotel Tâm Tình']"
Quỳnh Nhung,"['Laika Cafe Hotel', 'Sapa Hills Hotel 1', 'Sapa Elite Hotel', 'May Ho Hotel Sapa', 'Sapa Star Hotel', 'Sapa Melody Hotel', 'Sapa Valley view hotel', 'Changed Hotel Homestay Séo Mý Tỷ', 'Changed Hotel Sapa Friendly Inn & Travel 2', 'Changed Hotel SAPA GREEN FOREST HOTEL']"
Bảo Bảo,"['Sapa Tulip Hotel', 'Hillyhome Sapa', 'My Gallery Boutique Hotel & Spa', 'TINH DOI SA PA Guest House', 'Homestay Discovery Sapa 2', 'SAPA FULL HOUSE HOTEL', 'The View Sapa Hotel', 'Changed Hotel Vip Sapa Hotel 1', 'Changed Hotel Sapa Star Hotel', 'Changed Hotel Son Ha Sapa Hotel Plus']"
Mỹ Nhân,"['Sapa Garden Hotel', 'Sapa Valley view hotel', 'Nghiêng Sapa Hotel', 'Sapa Dragon Hotel', 'Sapa Legend Hotel & Spa', 'SAPA FULL HOUSE HOTEL', 'Sapa Symphony Hotel', 'Changed Hotel The View Sapa Hotel', 'Changed Hotel HOTEL DE SAPA', 'Changed Hotel Sapa Vista Hotel']"
Anh Dũng,"['The Upper House Sapa', 'SAPA FULL HOUSE HOTEL', 'Sapa Mountain Queen House', 'Liberty Sapa Hotel', 'Royal Hotel', 'Sapa Melody Hotel', 'Gạo House & Coffee', 'Changed Hotel Sapa Snow Hotel', 'Changed Hotel HeLLo Sapa Hotel', 'Changed Hotel Tubotel Sapa']"
Ái Linh,"['Royal Hotel', 'Sapa Lodge Hotel', 'SAPA FULL HOUSE HOTEL', 'Liberty Sapa Hotel', 'ChiChi Hotel Sapa', 'My Dream Hotel 1', 'SAPA GREEN FOREST HOTEL', 'Changed Hotel Discovery Hotel', 'Changed Hotel Sapa Mountain City Hotel', 'Changed Hotel Sapa Royal Orbit Hotel']"
Mai,"['D Home Sapa 2', 'D Home Sapa', 'The View Sapa Hotel', 'Sapa Melody Hotel', 'Sapa View Hotel', 'Mintu Home', 'Sapa Star Hotel', 'Changed Hotel ChiChi Hotel Sapa', 'Changed Hotel HAPPY FAMILY HOTEL', 'Changed Hotel SAPA FULL HOUSE HOTEL']"
Dạ Thảo,"['Ehome Sapa', 'Sunset View Home', 'Vip Sapa Hotel 8', 'Sapa Mushroom Homestay 2', 'ChiChi Hotel Sapa', 'Liberty Sapa Hotel', 'Sapa View Hotel', 'Changed Hotel Phu Quy Hotel Sapa', 'Changed Hotel SAPA FULL HOUSE HOTEL', ""Changed Hotel Lenh's Family House""]"
Hữu Từ,"['My Dream Hotel', 'SAPA FULL HOUSE HOTEL', 'ChiChi Hotel Sapa', 'Sapa Lodge Hotel', 'Sapa Snow Hotel', 'Royal Hotel', 'Liberty Sapa Hotel', 'Changed Hotel Sapa Mountain City Hotel', 'Changed Hotel My Dream Hotel 1', 'Changed Hotel Phu Quy Hotel Sapa']"
Đơn,"['Tay Bac Sky Homestay', 'Sapa Horizon Hotel', 'Sapa Mushroom Homestay 6', 'Vip Sapa Hotel 9', 'Sapa Tay Bac Home', 'You hour homestay', 'Sapa Riverside Homestay', 'Changed Hotel Saparis Hotel', 'Changed Hotel Vietoutdoors Homestay', 'Changed Hotel London Sa Pa Hotel']"
Thu Nga,"['Bình Lan Hotel', 'Tạo Phượng Sa Pa Hotel 5', 'Hotel Sao Xanh 7', 'Aliana Boutique Sapa Hotel & Spa 1', 'The View Sapa Hotel', 'Sapa Star Hotel', 'ChiChi Hotel Sapa', 'Changed Hotel Lan Rung Boutique', 'Changed Hotel Nghiêng Sapa Hotel', 'Changed Hotel Nhà Bên Suối homestay']"
Công Án,"['Hà Giang Hotel Sapa', 'Sapa Mountain City Hotel', 'Sapa Lodge Hotel', 'New World Sa Pa Hotel', 'Sapa Valley view hotel', 'Royal Hotel', 'Helios Sapa Hotel', 'Changed Hotel Discovery Hotel', 'Changed Hotel SAPA FULL HOUSE HOTEL', 'Changed Hotel Sapa Legacy Hotel']"
Xuân,"['Sen Vang 2 Hotel', 'Hmong Eco Villas', 'Minh Anh Guesthouse 8', 'Son Ha Hotel SAPA 2', 'Vip Sapa Hotel 3', 'Sapa Star Hotel', 'Sapa Centre Hotel', 'Changed Hotel HAPPY FAMILY HOTEL', 'Changed Hotel ChiChi Hotel Sapa', 'Changed Hotel Hoa Chanh Bungalow']"
Như Loan,"['Helios Sapa Hotel', 'Tiger Sapa hotel', 'Sunset View Home 2', 'Sapa Friendly Inn & Travel 7', 'Sunset View Home 1', 'Minh Quang Hotel Sapa', 'Liberty Sapa Hotel', 'Changed Hotel Song Anh Hotel Sapa', 'Changed Hotel Sapa Star Hotel', 'Changed Hotel Sunset View Home 4']"
Thiên Ân,"['Chapa Stream House', 'Hmong Eco Villas', ""Lenh's Family House"", 'Sapa Riverside Homestay', 'Ngua Bay Hotel', 'The Upper House Sapa', 'Le Chapa Hotel & Spa', 'Changed Hotel De Amor House & Coffee', 'Changed Hotel SAPA FULL HOUSE HOTEL', 'Changed Hotel Chapa Farmstay - Mountain Retreat']"
Gia Hùng,"['Sapa Green Hotel', 'Sapa Dragon Hotel', 'My Boutique Hotel & Spa', 'The View Sapa Hotel', 'Sapa Clover Hotel', 'Saparis Hotel', 'Vip Sapa Hotel', 'Changed Hotel Sapa Cloud Hotel', 'Changed Hotel SAPA GREEN FOREST HOTEL', 'Changed Hotel Sapa View Hotel']"
Diệu Thiện,"['ChiChi Hotel Sapa', 'Eden Boutique Hotel & Spa', 'SAPA FULL HOUSE HOTEL', 'Sapa View Hotel', 'Tiger Sapa hotel', 'Phu Quy Hotel Sapa', 'My Dream Hotel 1', 'Changed Hotel Sapa Star Hotel', 'Changed Hotel Sapa Centre Hotel', 'Changed Hotel Liberty Sapa Hotel']"
Mỹ Duyên,"['Helios Sapa Hotel', 'Sapa View Hotel', 'The View Sapa Hotel', 'Liberty Sapa Hotel', 'Nghiêng Sapa Hotel', 'SAPA FULL HOUSE HOTEL', 'Tùng Lâm Hotel Sapa', 'Changed Hotel Quang Bình Hotel Sapa', 'Changed Hotel Minh Quang Hotel Sapa', 'Changed Hotel Alpha Villa']"
Xuân Phượng,"['Sapa Peaceful Hotel 6', 'Sapa Mushroom Homestay 5', 'Homestay Discovery Sapa 1', 'Tạo Phượng Sa Pa Hotel 3', 'Tạo Phượng Sa Pa Hotel 2', 'Tạo Phượng Sa Pa Hotel 6', 'May Nui Sa Pa Hostel', 'Changed Hotel sapa eco terraces 9', 'Changed Hotel Tạo Phượng Sa Pa Hotel 9', 'Changed Hotel May Nui Sa Pa Hostel 1']"
Anh Chi,"['TINH DOI SA PA Guest House', 'Hillyhome Sapa', 'Homestay Discovery Sapa 2', 'My Gallery Boutique Hotel & Spa', 'Son Ha Sapa Hotel Plus', 'Vip Sapa Hotel 1', 'Sapa Friendly Inn & Travel 9', 'Changed Hotel Sapa Friendly Inn & Travel 4', 'Changed Hotel Sapa Tulip Hotel', 'Changed Hotel Cherry Hoa Dao 9']"
Phượng Lệ,"['Đại Loan Sapa Hotel', 'My Dream Hotel', 'Sapa Melody Hotel', 'Hung Vuong hotel', 'The View Sapa Hotel', 'Sapa Vista Hotel', 'SAPA FULL HOUSE HOTEL', 'Changed Hotel Sapa Van Hung Hotel', 'Changed Hotel Rainbow Sa Pa Hotel', 'Changed Hotel Sapa Center View Hotel']"
Bửu Chưởng,"['PO homestay', 'Hmong Culture Homestay', 'Vietoutdoors Homestay', 'Sapa Centre Hotel', 'Love House Sapa', 'Dzay house homestay', 'Surelee Homestay', 'Changed Hotel Homestay coldwinter Sapa', 'Changed Hotel You hour homestay', 'Changed Hotel Sapa Mushroom Homestay']"
Giao Hưởng,"['Ngua Bay Hotel', 'Sapa Star Hotel', 'De Amor House & Coffee', 'Homestay Discovery Sapa 4', 'Khen Mong Nature Hotel', 'The View Sapa Hotel', 'Sapa Lodge Hotel', 'Changed Hotel Sapa Eco Homestay', 'Changed Hotel Chapa Stream House', 'Changed Hotel Aliana Boutique Sapa Hotel & Spa']"
Cẩm Linh,"['Sapa Signature Inn', 'Liberty Sapa Hotel', 'Saigonese Trekking House', 'Minh Anh Guesthouse 3', 'Flaco Hostel Sapa', 'Lustig Hostel', 'Ehome Sapa', 'Changed Hotel Homestay số 91-Suối Hồ Sa Pa 5', 'Changed Hotel Sapa Odyssey Hostel', 'Changed Hotel Hotel Sao Xanh']"
Như Thảo,"['New World Sa Pa Hotel', 'Discovery Hotel', 'Sapa Mountain City Hotel', 'ChiChi Hotel Sapa', 'Sapa View Hotel', 'London Sa Pa Hotel', 'My Dream Hotel 1', 'Changed Hotel The View Sapa Hotel', 'Changed Hotel New Epoch Sapa Hotel', 'Changed Hotel Royal Hotel']"
Quỳnh Vân,"['Camellia Guest House', 'Thanh Ha Homestay Sapa', 'Sapa Mountain Queen House', 'Minh Hưng Hostel', 'Sapa Star Hotel', 'Mây Núi Homestay', 'Love House Sapa', 'Changed Hotel Manh Linh Guest house', 'Changed Hotel SAPA FULL HOUSE HOTEL', 'Changed Hotel Minh Anh Guesthouse']"
Trung Anh,"['Homestay Séo Mý Tỷ', 'SAPA GREEN FOREST HOTEL', 'Sapa Hills Hotel 1', 'Sapa Elite Hotel', 'Sapa Friendly Inn & Travel 2', 'Mountain Light Homestay', 'Sapa Orange Homestay', 'Changed Hotel Laika Cafe Hotel', 'Changed Hotel You hour homestay', 'Changed Hotel Tavan View Homestay']"
Chuẩn Khoa,"[""Sapa's Soul homestay"", 'You hour homestay', 'Vietoutdoors Homestay', 'Sunset View Home', 'Eco Hills Homestay', 'Surelee Homestay', 'Sapa Riverside Homestay', 'Changed Hotel Dzay house homestay', 'Changed Hotel La Beauté Sa Pa', 'Changed Hotel Tavan View Homestay']"
An,"['Hillyhome Sapa', 'Hung Vuong hotel', 'You hour homestay', 'Bình Lan Hotel', 'The View Sapa Hotel', 'Alpha Villa', 'Sharaton Boutique Hotel', 'Changed Hotel SaPa Peace Valley hotel', 'Changed Hotel Love House Sapa', 'Changed Hotel Homestay coldwinter Sapa']"
Diệu Ái,"['Tiger Sapa hotel', 'Helios Sapa Hotel', 'Sunset View Home 2', 'Sapa Friendly Inn & Travel 7', 'Sunset View Home 4', 'Sapa View Hotel', 'ChiChi Hotel Sapa', 'Changed Hotel Sunset View Home 1', 'Changed Hotel Liberty Sapa Hotel', 'Changed Hotel SAPA FULL HOUSE HOTEL']"
Hướng,"['Sapa Aroma Hotel', 'Sapa Valley view hotel', 'Hotel Sao Xanh 3', 'Minh Anh Guesthouse 4', 'Sapa Freesia Hotel', 'Sapa Wings Hotel', 'Aliana Boutique Sapa Hotel & Spa', 'Changed Hotel Pi’s Boutique Sapa 1', 'Changed Hotel Phủ Giáng Vân Homestay Sapa', 'Changed Hotel Sapa Lodge Hotel']"
Trung Hiếu,"['Lotus Hotel', 'Sapa Praha Hotel', 'Sapa Horizon Hotel', 'Lotus Aroma Sapa Hotel', 'Sapa Aroma Hotel', 'Sapa Panorama Hotel', 'Anise Sapa Hotel', 'Changed Hotel Sapa Freesia Hotel', 'Changed Hotel The View Sapa Hotel', 'Changed Hotel Mountain Light Homestay']"
Hải Nam,"['Hung Vuong hotel', 'May Ho Hotel Sapa', 'SAPA FULL HOUSE HOTEL', 'Liberty Sapa Hotel', 'H&T Luxury Hotel', 'Alpha Villa', 'ChiChi Hotel Sapa', 'Changed Hotel My Dream Hotel', 'Changed Hotel Sapa Star Hotel', 'Changed Hotel Sapa Van Hung Hotel']"
Thu Ngọc,"['Quê Hương house', 'The Upper House Sapa', 'D Home Sapa 2', 'Gạo House & Coffee', 'The View Sapa Hotel', 'Liberty Sapa Hotel', 'Royal Hotel', 'Changed Hotel SAPA FULL HOUSE HOTEL', 'Changed Hotel Saigonese Trekking House', 'Changed Hotel Alpha Villa']"
Giang Sơn,"['Nhà Bên Suối homestay', 'Bình Lan Hotel', 'Nghiêng Sapa Hotel', 'Lan Rung Boutique', 'Tạo Phượng Sa Pa Hotel 5', 'Homestay coldwinter Sapa', 'You hour homestay', 'Changed Hotel Homestay số 91-Suối Hồ Sa Pa', 'Changed Hotel Aliana Boutique Sapa Hotel & Spa 1', 'Changed Hotel Hotel Sao Xanh 7']"
Thiên Hương,"['Rainbow Sa Pa Hotel', 'Bình Lan Hotel', 'Cherry Hotel', 'The View Sapa Hotel', 'Hung Vuong hotel', 'May Ho Hotel Sapa', 'Alpha Villa', 'Changed Hotel My Dream Hotel', 'Changed Hotel Aurora SaPa Hotel', 'Changed Hotel Orchids Hotel']"
Gia Hưng,"['Sapa Family House 2', 'Mintu Home', 'D Home Sapa 2', 'D Home Sapa', 'Homestay coldwinter Sapa', 'Pavi home', 'Dang Khoa Homestay', 'Changed Hotel Love House Sapa', 'Changed Hotel young home', 'Changed Hotel You hour homestay']"
Hàm Nghi,"['Aurora SaPa Hotel', 'Rainbow Sa Pa Hotel', 'SaPa Peace Valley hotel', 'My Dream Hotel', 'Orchids Hotel', 'Cherry Hotel', 'Sapa Snow Hotel', 'Changed Hotel The View Sapa Hotel', 'Changed Hotel Sapa Melody Hotel', 'Changed Hotel Sapa Centre Hotel']"
Tú Uyên,"['Flaco Hostel Sapa', 'Rainbow Sa Pa Hotel', 'Thanh Ha Homestay Sapa', 'Sapa Odyssey Hostel', 'May Nui Sa Pa Hostel', 'Sapa Melody Hotel', 'Minh Quang Hotel Sapa', 'Changed Hotel Hung Vuong hotel', 'Changed Hotel Minh Hưng Hostel', 'Changed Hotel Minh Anh Guesthouse']"
Giang Thiên,"['Son Ha Sapa Hotel Plus', 'My Gallery Boutique Hotel & Spa', 'TINH DOI SA PA Guest House', 'Vip Sapa Hotel 1', 'Homestay Discovery Sapa 2', 'Bình Lan Hotel', 'Aurora SaPa Hotel', 'Changed Hotel Homestay coldwinter Sapa', 'Changed Hotel Sapa Tulip Hotel', 'Changed Hotel Hillyhome Sapa']"
Thuận Hòa,"['Lady Hill Sapa Resort', 'Sapa Centre Hotel', 'KK Sapa Hotel', 'Tubotel Sapa', 'Sapa View Hotel', 'The Pepper King Resort', 'Sapa Star Hotel', 'Changed Hotel Sapa Jade Hill Resort & Spa', 'Changed Hotel HOTEL DE SAPA', 'Changed Hotel Sapa Passion Hotel & Spa']"
Oanh Vũ,"['Love House Sapa', 'You hour homestay', 'Homestay coldwinter Sapa', 'SaPa Peace Valley hotel', 'Bình Lan Hotel', 'Sapa Passion Hotel & Spa', 'Swing Sa Pa Homestay', 'Changed Hotel Arista Homestay', 'Changed Hotel Paramount Homestay', 'Changed Hotel The View Sapa Hotel']"
Thùy Nhi,"['New World Sa Pa Hotel', 'SAPA FULL HOUSE HOTEL', 'Sapa View Hotel', 'ChiChi Hotel Sapa', 'Sapa Star Hotel', 'Sapa Mountain City Hotel', 'The View Sapa Hotel', 'Changed Hotel Liberty Sapa Hotel', 'Changed Hotel New Epoch Sapa Hotel', 'Changed Hotel Tiger Sapa hotel']"
Ái Thi,"['Sen Vang 2 Hotel 1', 'Minh Anh Guesthouse 4', 'Sen Vang 2 Hotel', 'HOTEL DE SAPA 1', 'Sharaton Boutique Hotel 1', 'Sapa Friendly Inn & Travel 4', 'Sharaton Boutique Hotel 9', 'Changed Hotel Cherry Hoa Dao 9', 'Changed Hotel Sapa Eco Villas & Spa', 'Changed Hotel Sharaton Boutique Hotel 3']"
Mai Hà,"['Dzay house homestay', 'River mountain view homestay', 'Eco Hills Homestay', ""My's Homestay sapa"", 'Surelee Homestay', 'Hmong Culture Homestay', 'You hour homestay', ""Changed Hotel Sapa's Soul homestay"", 'Changed Hotel Tavan View Homestay', 'Changed Hotel Stone Paradise Homestay']"
Phương Yến,"['May Hong Hotel', 'Sapa Clover Hotel', 'Sapa Peaceful Hotel', 'Tạo Phượng Sa Pa Hotel 2', 'Sapa Jade Hill Resort & Spa 1', 'Sapa Friendly Inn & Travel 1', 'Eden Central Hotel & Spa', 'Changed Hotel Sapa Wings Hotel 2', 'Changed Hotel Tạo Phượng Sa Pa Hotel', 'Changed Hotel Lacasa Sapa Hotel']"
xanh,"['Sapa Family House 2', 'young home', 'SAPA FULL HOUSE HOTEL', 'Sapa Mountain Queen House', 'Sapa Centre Hotel', 'Green Sapa Homestay', 'Love House Sapa', 'Changed Hotel Dang Khoa Homestay', 'Changed Hotel ChiChi Hotel Sapa', 'Changed Hotel Sapa Tatu Homestay']"
Khánh Giang,"['You hour homestay', 'Tavan View Homestay', 'ChienDe Homestay', 'Sapa Eco Homestay', 'Surelee Homestay', ""My's Homestay sapa"", 'Sapa Lao Chai View Homestay', 'Changed Hotel Homestay Discovery Sapa', 'Changed Hotel Mama Chao Homestay', 'Changed Hotel Hmong Culture Homestay']"
Yến Anh,"['Khai Tam View Hotel', 'Minh Anh Guesthouse 1', 'Hotel Sao Xanh 5', 'Sharaton Boutique Hotel 4', 'Sapa Mushroom Homestay 9', 'Camellia Guest House 1', 'Tạo Phượng Sa Pa Hotel 5', 'Changed Hotel Sapa House Hotel', 'Changed Hotel Cherry Hoa Dao 2', 'Changed Hotel Sunset View Home 2']"
Bình Yên,"['Hoa Chanh Bungalow', 'Hmong Eco Villas', 'Sen Vang 2 Hotel', 'Vip Sapa Hotel 3', 'S Plus Bungalow', 'SaPa Farmer House', 'Chapa Farmstay - Mountain Retreat', 'Changed Hotel Sapa Eco Homestay', 'Changed Hotel Son Ha Hotel SAPA 2', 'Changed Hotel Minh Anh Guesthouse 8']"
Minh Khai,"['Sapa Alley Homestay', 'Sharaton Boutique Hotel', 'Vietoutdoors Homestay', 'Sapa Mushroom Homestay 4', 'ChiChi Hotel Sapa', 'Sapa Snow Hotel', 'Sapa Melody Hotel', 'Changed Hotel Sapa Mountain Queen House', 'Changed Hotel HeLLo Sapa Hotel', 'Changed Hotel SAPA FULL HOUSE HOTEL']"
Trọng Hà,"['Minh Quang Hotel Sapa', 'Helios Sapa Hotel', 'Sapa Van Hung Hotel', 'Nguyên Hotel', 'Sapa Star Hotel', 'SAPA FULL HOUSE HOTEL', 'Orchids Hotel', 'Changed Hotel The View Sapa Hotel', 'Changed Hotel Hung Vuong hotel', 'Changed Hotel Alpha Villa']"
Gia Bình,"['Bình Lan Hotel', 'Nghiêng Sapa Hotel', 'Nhà Bên Suối homestay', 'Hotel Sao Xanh 7', 'Aliana Boutique Sapa Hotel & Spa 1', 'Homestay coldwinter Sapa', 'My Boutique Hotel & Spa', 'Changed Hotel Sharaton Boutique Hotel', 'Changed Hotel Tạo Phượng Sa Pa Hotel 5', 'Changed Hotel Lan Rung Boutique']"
Phú Bình,"['Hanna Retreat Sapa Villas', 'Rainbow Sa Pa Hotel', 'Hung Vuong hotel', 'Aurora SaPa Hotel', 'SaPa Retreat Condotel', 'Homestay coldwinter Sapa', 'Bình Lan Hotel', 'Changed Hotel Chapa Farmstay - Mountain Retreat', 'Changed Hotel Cherry Hotel', 'Changed Hotel Orchids Hotel']"
Chí Nam,"['Lanh Sapa Homestay', 'Cat Cat Galerie d’Art', 'Homestay số 91-Suối Hồ Sa Pa 1', 'Sapa Riverside Homestay', 'You hour homestay', 'Vietoutdoors Homestay', 'Hmong Culture Homestay', 'Changed Hotel Sapa Mushroom Homestay 1', 'Changed Hotel Tạo Phượng Sa Pa Hotel 3', 'Changed Hotel Sapa Praha Hotel']"
Lệ Nhi,"['Sapa Mountain City Hotel', 'Sapa Lodge Hotel', 'Liberty Sapa Hotel', 'SAPA GREEN FOREST HOTEL', 'Mimosa Hotel Sapa', 'The View Sapa Hotel', 'Sapa Royal Orbit Hotel', 'Changed Hotel Sapa Valley view hotel', 'Changed Hotel Tiger Sapa hotel', 'Changed Hotel Royal Hotel']"
Công Luận,"['The Pepper King Resort', 'HOTEL DE SAPA', 'Sapa Jade Hill Resort & Spa', 'Sapa Snow Hotel', 'H&T Luxury Hotel', 'HAPPY FAMILY HOTEL', 'Sapa Centre Hotel', 'Changed Hotel ChiChi Hotel Sapa', 'Changed Hotel Lady Hill Sapa Resort', 'Changed Hotel Sapa Star Hotel']"
Xuân Thái,"['THANH XUAN Hotel', 'Saparis Hotel', 'SAPA FULL HOUSE HOTEL', 'May Ho Hotel Sapa', 'Lacasa Sapa Hotel', 'Rainbow Sa Pa Hotel', 'Sapa Dragon Hotel', 'Changed Hotel Thanh Ha Homestay Sapa', 'Changed Hotel Tạo Phượng Sa Pa Hotel', 'Changed Hotel Sapa Star Hotel']"
Phi Long,"['H&T Luxury Hotel', 'May Ho Hotel Sapa', 'Cherry Hotel', 'Sapa Van Hung Hotel', 'Mai Vàng Hotel', 'SaPa Peace Valley hotel', 'Nguyên Hotel', 'Changed Hotel Hung Vuong hotel', 'Changed Hotel ChiChi Hotel Sapa', 'Changed Hotel Sapa Star Hotel']"
Bích Chiêu,"['Sapa Lavie Hotel & Spa', 'My Boutique Hotel & Spa', 'Sapa Centre Hotel', 'Sapa View Hotel', 'Sapa Melody Hotel', 'Rainbow Sa Pa Hotel', 'The View Sapa Hotel', 'Changed Hotel Hung Vuong hotel', 'Changed Hotel Aurora SaPa Hotel', 'Changed Hotel SAPA FULL HOUSE HOTEL']"
Thu Oanh,"['Tùng Lâm Hotel Sapa', 'SAPA FULL HOUSE HOTEL', 'Nghiêng Sapa Hotel', 'Minh Quang Hotel Sapa', 'ChiChi Hotel Sapa', 'Sapa Star Hotel', 'Botanic Sapa Hotel', 'Changed Hotel Sapa Melody Hotel', 'Changed Hotel The View Sapa Hotel', 'Changed Hotel Sapa View Hotel']"
Nam Nhật,"['Sapa Centre Hotel', 'SAPA FULL HOUSE HOTEL', 'Sapa View Hotel', 'ChiChi Hotel Sapa', 'Sapa Vista Hotel', 'Sapa Lavie Hotel & Spa', 'The View Sapa Hotel', 'Changed Hotel Tiger Sapa hotel', 'Changed Hotel Lotus Aroma Sapa Hotel', 'Changed Hotel My Dream Hotel 1']"
Xuân Dung,"['Swing Sa Pa Homestay', 'You hour homestay', 'Sapa Tatu Homestay', 'Bình Lan Hotel', 'Paramount Homestay', 'Royal Hotel', 'La Beauté Sa Pa', 'Changed Hotel Sapa Lodge Hotel', 'Changed Hotel Tavan View Homestay', 'Changed Hotel Homestay coldwinter Sapa']"
Hải Long,"['Tom hotel', 'ChiChi Hotel Sapa', 'Sapa Mountain City Hotel', 'Nghiêng Sapa Hotel', 'Phu Quy Hotel Sapa', 'SAPA FULL HOUSE HOTEL', 'Sapa View Hotel', 'Changed Hotel Sapa Star Hotel', 'Changed Hotel Royal Hotel', 'Changed Hotel My Dream Hotel 1']"
Ðông Quân,"['Sunset View Home 2', 'Sapa Mushroom Homestay 6', 'Sapa Friendly Inn & Travel 1', 'Sapa Odyssey Hostel 1', 'Sapa Friendly Inn & Travel 5', 'Sapa Friendly Inn & Travel 9', 'Tạo Phượng Sa Pa Hotel 6', 'Changed Hotel Sapa House Hotel', 'Changed Hotel sapa eco terraces 5', 'Changed Hotel Minh Anh Guesthouse 1']"
Ly,"['Sharaton Boutique Hotel', 'HeLLo Sapa Hotel', 'Sapa Mountain Queen House', 'Vietoutdoors Homestay', 'My Boutique Hotel & Spa', 'Homestay coldwinter Sapa', 'Sapa Snow Hotel', 'Changed Hotel Sapa Mushroom Homestay 4', 'Changed Hotel Sapa Alley Homestay', 'Changed Hotel The View Sapa Hotel']"
Thế Minh,"['Cherry Hoa Dao', 'Cherry Hotel', 'Sapa Dao Homestay', 'SAPA FULL HOUSE HOTEL', 'Alpha Villa', 'Sapa Star Hotel', 'Rainbow Sa Pa Hotel', 'Changed Hotel Orchids Hotel', 'Changed Hotel Hung Vuong hotel', 'Changed Hotel The View Sapa Hotel']"
Mạnh Dũng,"['Tạo Phượng Sa Pa Hotel', 'Rainbow Sa Pa Hotel', 'Saparis Hotel', 'May Ho Hotel Sapa', 'SaPa Peace Valley hotel', 'Sapa Van Hung Hotel', 'H&T Luxury Hotel', 'Changed Hotel The View Sapa Hotel', 'Changed Hotel Minh Quang Hotel Sapa', 'Changed Hotel Sapa Star Hotel']"
Hương Lan,"['Homestay Discovery Sapa', 'Sapa Eco Homestay', 'Sapa Dao Homestay', 'Sapa Riverside Homestay', 'Sapa Fantasea Homestay', 'Sapa Tatu Homestay', ""Sapa's Soul homestay"", 'Changed Hotel Sapa Jungle Homestay', 'Changed Hotel Discovery Hotel', 'Changed Hotel You hour homestay']"
Kim Lan,"['Hotel Sao Xanh', 'Saigonese Trekking House', 'Homestay số 91-Suối Hồ Sa Pa 5', 'Minh Anh Guesthouse 3', 'SAPA FULL HOUSE HOTEL', 'The View Sapa Hotel', 'Sapa Star Hotel', 'Changed Hotel Alpha Villa', 'Changed Hotel Sapa Signature Inn', 'Changed Hotel Liberty Sapa Hotel']"
Thiếu,"['Ehome Sapa', ""Lenh's Family House"", 'Vip Sapa Hotel 8', 'Tavan View Homestay', 'La Beauté Sa Pa', 'You hour homestay', ""Sapa's Soul homestay"", 'Changed Hotel Phu Quy Hotel Sapa', 'Changed Hotel Sapa Mushroom Homestay 2', 'Changed Hotel Sunset View Home']"
Thu Thuận,"['sapa eco terraces', 'Sapa Eco Homestay', 'Sapa Bamboo Eco', 'Cơmlam Eco House', 'Hmong Eco Villas', 'Eco Hills Homestay', 'Sapa Pine Hill Eco Lodge', 'Changed Hotel La Beauté Sa Pa', 'Changed Hotel Homestay coldwinter Sapa', 'Changed Hotel SaPa Farmer House']"
Thu Linh,"['Sapa Mushroom Homestay', 'Vietoutdoors Homestay', 'Sapa Dao Homestay', 'Sapa Fantasea Homestay', 'Sapa Riverside Homestay', 'PO homestay', 'You hour homestay', 'Changed Hotel Green Sapa Homestay', ""Changed Hotel Lenh's Family House"", 'Changed Hotel Hmong Culture Homestay']"
Thủy Hồng,"['You hour homestay', 'Nhà Bên Suối homestay', 'Green Sapa Homestay', 'Sapa Fantasea Homestay', 'Homestay coldwinter Sapa', 'Tavan View Homestay', 'Sapa Dao Homestay', 'Changed Hotel Vietoutdoors Homestay', 'Changed Hotel Homestay số 91-Suối Hồ Sa Pa', 'Changed Hotel Dzay house homestay']"
Thủy Hằng,"['Vip Sapa Hotel', 'Sapa Mountain Queen House', 'Sapa View Hotel', 'Sapa Vista Hotel', 'Sapa Dragon Hotel', 'Sapa Star Hotel', 'SAPA FULL HOUSE HOTEL', 'Changed Hotel The View Sapa Hotel', 'Changed Hotel Sapa Centre Hotel', 'Changed Hotel Sapa Cloud Hotel']"
Uyên,"['Sapa Peaceful Hotel', 'Sapa Clover Hotel', 'May Hong Hotel', 'Sapa Friendly Inn & Travel 1', 'Sapa Jade Hill Resort & Spa 1', 'The View Sapa Hotel', 'HOTEL DE SAPA', 'Changed Hotel Sapa Wings Hotel 2', 'Changed Hotel Sapa Star Hotel', 'Changed Hotel Tạo Phượng Sa Pa Hotel 2']"
Tuấn Sỹ,"['Sapa Friendly Inn & Travel', 'Sapa Signature Inn', 'Sapa View Hotel', 'Sapa Centre Hotel', 'SAPA FULL HOUSE HOTEL', 'Helios Sapa Hotel', 'SAPA GREEN FOREST HOTEL', 'Changed Hotel Dang Khoa Garden Inn', 'Changed Hotel Liberty Sapa Hotel', 'Changed Hotel Sapa Star Hotel']"
Nghi Xuân,"['Minh Anh Guesthouse 4', 'Sharaton Boutique Hotel 3', 'Sapa Elite Hotel', 'Vip Sapa Hotel 8', 'Homestay Discovery Sapa 4', 'Minh Anh Guesthouse 7', 'Minh Anh Guesthouse 1', 'Changed Hotel Sapa House Hotel', 'Changed Hotel Minh Anh Guesthouse 2', 'Changed Hotel Cherry Hoa Dao 9']"
Tân Long,"['Sunset View Home 4', 'Sharaton Boutique Hotel 7', 'Sapa Peaceful Hotel 5', 'Sharaton Boutique Hotel 3', 'Sharaton Boutique Hotel 8', 'Tạo Phượng Sa Pa Hotel 8', 'Sharaton Boutique Hotel 9', 'Changed Hotel Sharaton Boutique Hotel 1', 'Changed Hotel Sapa Wings Hotel 1', 'Changed Hotel Cherry Hoa Dao 5']"
Thiện Ngôn,"['Cherry Hoa Dao 1', 'Sunset View Home 3', 'Camellia Guest House 1', 'Tạo Phượng Sa Pa Hotel 1', 'Tạo Phượng Sa Pa Hotel 4', 'Sapa Odyssey Hostel 1', 'Hotel Sao Xanh 2', 'Changed Hotel Minh Anh Guesthouse 5', 'Changed Hotel Homestay số 91-Suối Hồ Sa Pa 4', 'Changed Hotel Minh Anh Guesthouse 7']"
Chí Khang,"['Tạo Phượng Sa Pa Hotel 1', 'Mimosa Hotel Sapa', ""My's Homestay sapa"", 'Minh Anh Guesthouse 10', 'Amazing Hotel Sapa', 'Minh Anh Guesthouse 5', 'Tạo Phượng Sa Pa Hotel 6', 'Changed Hotel Tạo Phượng Sa Pa Hotel 9', 'Changed Hotel Cherry Hoa Dao 1', 'Changed Hotel Sapa Rosie House']"
Nương,"['Homestay Discovery Sapa 1', 'Homestay Discovery Sapa 2', 'Homestay Discovery Sapa 4', 'Homestay Discovery Sapa 3', 'Homestay Discovery Sapa 8', 'Homestay Discovery Sapa 5', 'sapa eco terraces 4', 'Changed Hotel Homestay Discovery Sapa 7', 'Changed Hotel Homestay Discovery Sapa 9', 'Changed Hotel Homestay Discovery Sapa 6']"
Xuân Nhi,"['Hotel Sao Xanh 1', 'Vip Sapa Hotel 2', 'Homestay Discovery Sapa 2', 'Aliana Boutique Sapa Hotel & Spa 1', 'Hotel Sao Xanh 6', 'Homestay số 91-Suối Hồ Sa Pa 7', 'Hotel Sao Xanh 3', 'Changed Hotel Hotel Sao Xanh 2', 'Changed Hotel Hotel Sao Xanh 8', 'Changed Hotel Sapa Peaceful Hotel 7']"
Hồng Thảo,"['Sunset View Home 1', 'Sunset View Home 2', 'Sapa Friendly Inn & Travel 7', 'Helios Sapa Hotel', 'Sharaton Boutique Hotel 2', 'Homestay số 91-Suối Hồ Sa Pa 3', 'Hotel Sao Xanh 3', 'Changed Hotel Sunset View Home 4', 'Changed Hotel Homestay số 91-Suối Hồ Sa Pa 2', 'Changed Hotel Tiger Sapa hotel']"
Sông,"['sapa eco terraces 1', 'Cherry Hoa Dao 8', 'Sapa Friendly Inn & Travel 8', 'sapa eco terraces 5', 'Tạo Phượng Sa Pa Hotel 8', 'Sharaton Boutique Hotel 7', 'sapa eco terraces 6', 'Changed Hotel sapa eco terraces 9', 'Changed Hotel sapa eco terraces 3', 'Changed Hotel sapa eco terraces 7']"
Bình,"['Sapa Mushroom Homestay 1', 'Lanh Sapa Homestay', 'Cat Cat Galerie d’Art', 'Tạo Phượng Sa Pa Hotel 3', 'Sapa Praha Hotel', 'Sapa Friendly Inn & Travel 8', 'Sapa Mushroom Homestay 4', 'Changed Hotel Sapa Mushroom Homestay 2', 'Changed Hotel Sapa Mushroom Homestay 3', 'Changed Hotel Homestay số 91-Suối Hồ Sa Pa 1']"
Hoàng Cúc,"['Sapa Mushroom Homestay 1', 'Cat Cat Galerie d’Art', 'Sapa Praha Hotel', 'Lanh Sapa Homestay', 'Sapa Mushroom Homestay 7', 'Hotel Sao Xanh 4', 'Homestay số 91-Suối Hồ Sa Pa 8', 'Changed Hotel sapa eco terraces 6', 'Changed Hotel Tạo Phượng Sa Pa Hotel 3', 'Changed Hotel Homestay số 91-Suối Hồ Sa Pa 1']"
Hồng Nhung,"['Vip Sapa Hotel 1', 'Homestay Discovery Sapa 2', 'Sapa Tulip Hotel', 'Son Ha Sapa Hotel Plus', 'TINH DOI SA PA Guest House', 'Vip Sapa Hotel 7', 'Vip Sapa Hotel 2', 'Changed Hotel My Gallery Boutique Hotel & Spa', 'Changed Hotel Hillyhome Sapa', 'Changed Hotel Sapa Friendly Inn & Travel 9']"
Lam Ngọc,"['Sapa Peaceful Hotel 1', 'sapa eco terraces 2', 'Hotel Sao Xanh 3', 'Sapa Peaceful Hotel 8', 'Sapa Peaceful Hotel 3', 'Sapa Peaceful Hotel 2', 'Sapa Peaceful Hotel 7', 'Changed Hotel Sapa Peaceful Hotel 5', 'Changed Hotel Homestay số 91-Suối Hồ Sa Pa 3', 'Changed Hotel Sapa Peaceful Hotel 9']"
Phương Ngọc,"['Sapa Friendly Inn & Travel 1', 'Sapa Wings Hotel 2', 'Sapa Clover Hotel', 'Sapa Peaceful Hotel', 'May Hong Hotel', 'Sapa Odyssey Hostel 1', 'Sunset View Home 2', 'Changed Hotel Sapa Friendly Inn & Travel 5', 'Changed Hotel Tạo Phượng Sa Pa Hotel 2', 'Changed Hotel Sapa Jade Hill Resort & Spa 1']"
Sông Hương,"['Minh Anh Guesthouse 3', 'Liberty Sapa Hotel', 'Sapa Signature Inn', 'Saigonese Trekking House', 'Sapa House Hotel', 'Minh Anh Guesthouse 5', 'Sunset View Home 7', 'Changed Hotel Homestay số 91-Suối Hồ Sa Pa 5', 'Changed Hotel Vip Sapa Hotel 1', 'Changed Hotel Hotel Sao Xanh']"
Phương Quân,"['Sapa Mushroom Homestay 2', ""Lenh's Family House"", 'Ehome Sapa', 'Vip Sapa Hotel 8', 'Sunset View Home', 'Sapa Mushroom Homestay 3', 'Sapa Mushroom Homestay 8', 'Changed Hotel Sapa Mushroom Homestay 1', 'Changed Hotel Sapa Mushroom Homestay 4', 'Changed Hotel Phu Quy Hotel Sapa']"
Bảo Lâm,"['Homestay số 91-Suối Hồ Sa Pa 2', 'Homestay số 91-Suối Hồ Sa Pa 6', 'Homestay số 91-Suối Hồ Sa Pa 4', 'Homestay số 91-Suối Hồ Sa Pa 3', 'Homestay số 91-Suối Hồ Sa Pa 8', 'Sapa Mushroom Homestay 2', 'Homestay số 91-Suối Hồ Sa Pa 5', 'Changed Hotel Sapa Peaceful Hotel 3', 'Changed Hotel Sapa Odyssey Hostel 1', 'Changed Hotel Homestay số 91-Suối Hồ Sa Pa 1']"
Ái Hồng,"['Hotel Sao Xanh 1', 'Hotel Sao Xanh 8', 'Vip Sapa Hotel 7', 'Vip Sapa Hotel 5', 'Aliana Boutique Sapa Hotel & Spa 1', 'Vip Sapa Hotel 6', 'Vip Sapa Hotel 4', 'Changed Hotel Vip Sapa Hotel 8', 'Changed Hotel Vip Sapa Hotel 9', 'Changed Hotel Vip Sapa Hotel 2']"
Lưu,"['Sapa Peaceful Hotel 2', 'Sharaton Boutique Hotel 4', 'Sapa Peaceful Hotel 8', 'Sapa Peaceful Hotel 9', 'Sapa Peaceful Hotel 7', 'Sapa Peaceful Hotel 1', 'Sapa Peaceful Hotel 6', 'Changed Hotel Sapa Peaceful Hotel 5', 'Changed Hotel Sapa Mushroom Homestay 9', 'Changed Hotel Sapa Peaceful Hotel 3']"
Cát Uy,"['Sapa Friendly Inn & Travel 2', 'SAPA GREEN FOREST HOTEL', 'Sapa Elite Hotel', 'Laika Cafe Hotel', 'Homestay Séo Mý Tỷ', 'Sapa Friendly Inn & Travel 6', 'Sapa Friendly Inn & Travel 7', 'Changed Hotel Sharaton Boutique Hotel 9', 'Changed Hotel Hotel Sao Xanh 7', 'Changed Hotel Sapa Hills Hotel 1']"
Mỹ Hạnh,"['Minh Anh Guesthouse 4', 'Pi’s Boutique Sapa 1', 'Hotel Sao Xanh 3', 'Sapa Valley view hotel', 'Sen Vang 2 Hotel 1', 'Cherry Hoa Dao 9', 'Sapa House Hotel', 'Changed Hotel Tạo Phượng Sa Pa Hotel 2', 'Changed Hotel Phủ Giáng Vân Homestay Sapa', 'Changed Hotel Sapa Aroma Hotel']"
Tất Hiếu,"['Sharaton Boutique Hotel 3', 'Sharaton Boutique Hotel 8', 'Sharaton Boutique Hotel 7', 'Vip Sapa Hotel 3', 'Sharaton Boutique Hotel 9', 'Sharaton Boutique Hotel 4', 'Sharaton Boutique Hotel 2', 'Changed Hotel Sharaton Boutique Hotel 1', 'Changed Hotel Homestay số 91-Suối Hồ Sa Pa 9', 'Changed Hotel Sapa Elite Hotel']"
Bá Thịnh,"['Cherry Hoa Dao 3', 'Hotel Sao Xanh 5', 'Cherry Hoa Dao 5', 'Sapa Peaceful Hotel 7', 'Homestay số 91-Suối Hồ Sa Pa 2', 'Homestay số 91-Suối Hồ Sa Pa 6', 'Sunset View Home 1', 'Changed Hotel Tạo Phượng Sa Pa Hotel 7', 'Changed Hotel Cherry Hoa Dao 4', 'Changed Hotel Sapa Peaceful Hotel 3']"
Minh Vũ,"['Tạo Phượng Sa Pa Hotel 3', 'Cat Cat Galerie d’Art', 'Homestay số 91-Suối Hồ Sa Pa 1', 'Sapa Praha Hotel', 'Sapa Mushroom Homestay 1', 'Lanh Sapa Homestay', 'Sapa Friendly Inn & Travel 4', 'Changed Hotel Tạo Phượng Sa Pa Hotel 6', 'Changed Hotel Tạo Phượng Sa Pa Hotel 2', 'Changed Hotel Tạo Phượng Sa Pa Hotel 9']"
Trúc Vy,"['Cherry Hoa Dao 1', 'Tạo Phượng Sa Pa Hotel 1', 'Homestay số 91-Suối Hồ Sa Pa 9', 'Sharaton Boutique Hotel 8', 'HOTEL DE SAPA 1', 'Sharaton Boutique Hotel 7', 'Sunset View Home 4', 'Changed Hotel Tạo Phượng Sa Pa Hotel 4', 'Changed Hotel Minh Anh Guesthouse 5', 'Changed Hotel Vip Sapa Hotel 3']"
Xuân Thảo,"['Sharaton Boutique Hotel 4', 'Sapa Mushroom Homestay 9', 'Sharaton Boutique Hotel 8', 'Sharaton Boutique Hotel 2', 'Sharaton Boutique Hotel 9', 'Sharaton Boutique Hotel 5', 'Sharaton Boutique Hotel 6', 'Changed Hotel Sapa Peaceful Hotel 2', 'Changed Hotel Sharaton Boutique Hotel 7', 'Changed Hotel Sharaton Boutique Hotel 3']"
Anh Ðức,"['Cherry Hoa Dao 4', 'Minh Anh Guesthouse 8', 'Sunset View Home 6', 'Cherry Hoa Dao 3', 'Vip Sapa Hotel 5', 'Tạo Phượng Sa Pa Hotel 1', 'Cherry Hoa Dao 8', 'Changed Hotel Tạo Phượng Sa Pa Hotel 3', 'Changed Hotel Sapa Peaceful Hotel 5', 'Changed Hotel Homestay số 91-Suối Hồ Sa Pa 6']"
Nhật Hòa,"['Homestay Discovery Sapa 4', 'Aliana Boutique Sapa Hotel & Spa', 'Sapa Eco Homestay', 'Sapa Star Hotel', 'De Amor House & Coffee', 'Homestay Discovery Sapa 7', 'Homestay Discovery Sapa 2', 'Changed Hotel Homestay Discovery Sapa 5', 'Changed Hotel Homestay Discovery Sapa 6', 'Changed Hotel Ngua Bay Hotel']"
Khắc Ninh,"['Hotel Sao Xanh 2', 'Homestay số 91-Suối Hồ Sa Pa 1', 'Sapa Mushroom Homestay 7', 'sapa eco terraces 6', 'Cherry Hoa Dao 1', 'Sunset View Home 3', 'Homestay Discovery Sapa 4', 'Changed Hotel Sapa Elite Hotel', 'Changed Hotel Hotel Sao Xanh 4', 'Changed Hotel Minh Anh Guesthouse 7']"
Kim Thủy,"['Sunset View Home 4', 'Sunset View Home 1', 'Sunset View Home 2', 'Helios Sapa Hotel', 'Tiger Sapa hotel', 'Sharaton Boutique Hotel 7', 'Cherry Hoa Dao 5', 'Changed Hotel Sharaton Boutique Hotel 1', 'Changed Hotel Tạo Phượng Sa Pa Hotel 8', 'Changed Hotel Sapa Friendly Inn & Travel 7']"
Phú Ân,"['sapa eco terraces 4', 'Sapa Mushroom Homestay 8', 'Minh Anh Guesthouse 4', 'sapa eco terraces 3', 'Cherry Hoa Dao 9', 'Pi’s Boutique Sapa 1', 'Tạo Phượng Sa Pa Hotel 1', 'Changed Hotel Homestay Discovery Sapa 9', 'Changed Hotel Homestay Discovery Sapa 1', 'Changed Hotel Sapa House Hotel']"
Tuyết Hương,"['Sapa Mushroom Homestay 4', 'Vietoutdoors Homestay', 'Sharaton Boutique Hotel', 'Sapa Mountain Queen House', 'Sapa Mushroom Homestay 6', 'Sapa Mushroom Homestay 3', 'Sapa Mushroom Homestay 2', 'Changed Hotel HeLLo Sapa Hotel', 'Changed Hotel Sapa Alley Homestay', 'Changed Hotel Sapa Mushroom Homestay 7']"
Duy Hiếu,"[""Hoa's homestay Sapa"", 'Sharaton Boutique Hotel 7', 'Dang Khoa Garden Inn', 'Homestay số 91-Suối Hồ Sa Pa 2', 'Homestay số 91-Suối Hồ Sa Pa 8', 'Sapa Odyssey Hostel 1', 'Homestay số 91-Suối Hồ Sa Pa 5', 'Changed Hotel D Home Sapa', 'Changed Hotel Homestay số 91-Suối Hồ Sa Pa 4', 'Changed Hotel Sapa Jungle Homestay']"
Ðại Dương,"['The View Sapa Hotel 1', 'HOTEL DE SAPA 1', 'Vip Sapa Hotel 2', 'Vip Sapa Hotel 3', 'Vip Sapa Hotel 9', 'Vip Sapa Hotel 8', 'Vip Sapa Hotel 6', 'Changed Hotel Vip Sapa Hotel 4', 'Changed Hotel Vip Sapa Hotel 5', 'Changed Hotel Vip Sapa Hotel 7']"
Phú Hải,"['Sapa Peaceful Hotel 4', 'Sharaton Boutique Hotel 9', 'Sunset View Home 1', 'Sapa Friendly Inn & Travel 2', 'Sharaton Boutique Hotel 2', 'Sapa Peaceful Hotel 2', 'Sharaton Boutique Hotel 6', 'Changed Hotel Sapa Peaceful Hotel 8', 'Changed Hotel Sapa Peaceful Hotel 3', 'Changed Hotel Sapa Peaceful Hotel 5']"
Khánh Ðan,"['Sapa Friendly Inn & Travel 4', 'Tạo Phượng Sa Pa Hotel 3', 'Tạo Phượng Sa Pa Hotel 2', 'Vip Sapa Hotel 5', 'Sapa Friendly Inn & Travel 6', 'Sapa Friendly Inn & Travel 9', 'Sapa Friendly Inn & Travel 2', 'Changed Hotel Sapa Friendly Inn & Travel 5', 'Changed Hotel Sapa Friendly Inn & Travel 7', 'Changed Hotel Sapa Friendly Inn & Travel 8']"
Hiệp Hiền,"['Minh Anh Guesthouse 6', 'Phuong Nam Hotel 1', 'Phủ Giáng Vân Homestay Sapa 1', 'Sunset View Home 3', 'Sapa House Hotel', 'sapa eco terraces 6', 'Sapa Elite Hotel', 'Changed Hotel sapa eco terraces 9', 'Changed Hotel Sapa Mushroom Homestay 3', 'Changed Hotel Sapa Mushroom Homestay 7']"
Hồng Xuân,"['Sharaton Boutique Hotel 5', 'Sapa Peaceful Hotel 8', 'Sapa Peaceful Hotel 7', 'Homestay số 91-Suối Hồ Sa Pa 8', 'Sunset View Home 5', 'Sharaton Boutique Hotel 4', 'Sharaton Boutique Hotel 9', 'Changed Hotel Sharaton Boutique Hotel 2', 'Changed Hotel Homestay số 91-Suối Hồ Sa Pa 4', 'Changed Hotel Sharaton Boutique Hotel 7']"
Ðức Hòa,"['Cherry Hoa Dao 5', 'Homestay số 91-Suối Hồ Sa Pa 3', 'BB Hotel Sapa', 'Tạo Phượng Sa Pa Hotel 8', 'Hotel Sao Xanh 5', 'Sharaton Boutique Hotel 7', 'Sharaton Boutique Hotel 1', 'Changed Hotel Cherry Hoa Dao 2', 'Changed Hotel Sapa Friendly Inn & Travel 8', 'Changed Hotel Sunset View Home 4']"
Quỳnh Hà,"['Aliana Boutique Sapa Hotel & Spa 1', 'Hotel Sao Xanh 7', 'Bình Lan Hotel', 'Lan Rung Boutique', 'Nhà Bên Suối homestay', 'Tạo Phượng Sa Pa Hotel 6', 'Sapa Friendly Inn & Travel 9', 'Changed Hotel Tạo Phượng Sa Pa Hotel 5', 'Changed Hotel Tạo Phượng Sa Pa Hotel 7', 'Changed Hotel Nghiêng Sapa Hotel']"
Diệu Hương,"['Homestay Discovery Sapa 4', 'Homestay Discovery Sapa 3', 'Homestay Discovery Sapa 6', 'Homestay Discovery Sapa 8', 'Homestay Discovery Sapa 1', 'Homestay Discovery Sapa 7', 'Homestay Discovery Sapa 9', 'Changed Hotel Sapa Friendly Inn & Travel 1', 'Changed Hotel Homestay Discovery Sapa 5', 'Changed Hotel Homestay Discovery Sapa 2']"
Thu Hồng,"['Cherry Hoa Dao 2', 'Cherry Hoa Dao 5', 'Tạo Phượng Sa Pa Hotel 8', 'Cherry Hoa Dao 3', 'Tạo Phượng Sa Pa Hotel 7', 'Sapa Friendly Inn & Travel 7', 'Sapa Friendly Inn & Travel 8', 'Changed Hotel Hotel Sao Xanh 5', 'Changed Hotel Homestay Discovery Sapa 6', 'Changed Hotel Sapa House Hotel']"
Vành,"['Sunset View Home 5', 'Sharaton Boutique Hotel 5', 'Sapa Peaceful Hotel 8', 'Sapa Peaceful Hotel 7', 'Sapa House Hotel', 'Homestay số 91-Suối Hồ Sa Pa 4', 'Sunset View Home 2', 'Changed Hotel Sapa Friendly Inn & Travel 1', 'Changed Hotel Cherry Hoa Dao 3', 'Changed Hotel Homestay số 91-Suối Hồ Sa Pa 8']"
Cẩm Liên,"['sapa eco terraces 5', 'Sapa Friendly Inn & Travel 5', 'sapa eco terraces 3', 'sapa eco terraces 9', 'sapa eco terraces 1', 'sapa eco terraces 7', 'sapa eco terraces 8', 'Changed Hotel sapa eco terraces 2', 'Changed Hotel Sunset View Home 2', 'Changed Hotel sapa eco terraces 6']"
Diệu Ngà,"['Sapa Peaceful Hotel 6', 'May Nui Sa Pa Hostel 1', 'Sapa Mushroom Homestay 2', 'Sapa Mushroom Homestay 1', 'Sapa Mushroom Homestay 6', 'Sapa Mushroom Homestay 8', 'Sapa Mushroom Homestay 7', 'Changed Hotel Sapa Mushroom Homestay 5', 'Changed Hotel Sapa Mushroom Homestay 3', 'Changed Hotel Sapa Mushroom Homestay 4']"
Trúc Quân,"['Homestay số 91-Suối Hồ Sa Pa 5', 'Saigonese Trekking House', 'Hotel Sao Xanh', 'Minh Anh Guesthouse 3', 'Homestay Discovery Sapa 8', 'Ehome Sapa 1', 'Homestay số 91-Suối Hồ Sa Pa 4', 'Changed Hotel Homestay số 91-Suối Hồ Sa Pa 2', 'Changed Hotel Liberty Sapa Hotel', 'Changed Hotel Sapa Signature Inn']"
Bảo Quỳnh,"['Vip Sapa Hotel 5', 'sapa eco terraces 7', 'Sharaton Boutique Hotel 2', 'Sapa Odyssey Hostel 1', 'Ville De Mont Mountain Resort', 'Vip Sapa Hotel 9', 'Vip Sapa Hotel 2', 'Changed Hotel Vip Sapa Hotel 7', 'Changed Hotel Homestay Discovery Sapa 9', 'Changed Hotel Cherry Hoa Dao 2']"
Diệu Nga,"['Sapa Peaceful Hotel 5', 'Sharaton Boutique Hotel 1', 'Sapa Peaceful Hotel 8', 'Sunset View Home 4', 'Sapa Peaceful Hotel 7', 'Minh Anh Guesthouse 8', 'Sapa Peaceful Hotel 2', 'Changed Hotel Cherry Hoa Dao 4', 'Changed Hotel Sapa Capsule Hotel 1', 'Changed Hotel Sharaton Boutique Hotel 7']"
Quốc Thắng,"['Sapa Friendly Inn & Travel 5', 'Sapa Odyssey Hostel 1', 'Sapa Friendly Inn & Travel 9', 'sapa eco terraces 5', 'Sapa Friendly Inn & Travel 1', 'Sapa Friendly Inn & Travel 4', 'Sapa Friendly Inn & Travel 6', 'Changed Hotel Sapa Friendly Inn & Travel 7', 'Changed Hotel Sapa Mushroom Homestay 6', 'Changed Hotel Minh Anh Guesthouse 1']"
Hải Thụy,"['Minh Anh Guesthouse 7', 'sapa eco terraces 6', 'Homestay số 91-Suối Hồ Sa Pa 1', 'Sunset View Home 3', 'Hotel Sao Xanh 2', 'Phuong Nam Hotel 1', 'Cherry Hoa Dao 1', 'Changed Hotel Sapa Mushroom Homestay 7', 'Changed Hotel Camellia Guest House 1', 'Changed Hotel Hotel Sao Xanh 4']"
Thu Sinh,"['Sharaton Boutique Hotel 6', 'Sharaton Boutique Hotel 2', 'Sharaton Boutique Hotel 7', 'Sapa Peaceful Hotel 3', 'Sharaton Boutique Hotel 9', 'Sharaton Boutique Hotel 3', 'Sharaton Boutique Hotel 1', 'Changed Hotel Sharaton Boutique Hotel 4', 'Changed Hotel Sunset View Home 7', 'Changed Hotel Sharaton Boutique Hotel 8']"
Xuân Thủy,"['Cherry Hoa Dao 6', 'Sapa Friendly Inn & Travel 6', 'Tạo Phượng Sa Pa Hotel 8', 'Homestay số 91-Suối Hồ Sa Pa 6', 'Sapa House Hotel', 'sapa eco terraces 1', 'Sunset View Home 4', 'Changed Hotel Cherry Hoa Dao 7', 'Changed Hotel Cherry Hoa Dao 5', 'Changed Hotel Cherry Hoa Dao 8']"
Thúy Loan,"['Tạo Phượng Sa Pa Hotel 6', 'Tạo Phượng Sa Pa Hotel 2', 'Tạo Phượng Sa Pa Hotel 3', 'Tạo Phượng Sa Pa Hotel 9', 'Homestay Discovery Sapa 2', 'Tạo Phượng Sa Pa Hotel 7', 'Vip Sapa Hotel 8', 'Changed Hotel Tạo Phượng Sa Pa Hotel 8', 'Changed Hotel Tạo Phượng Sa Pa Hotel 1', 'Changed Hotel Tạo Phượng Sa Pa Hotel 5']"
Bình Dân,"['Homestay Discovery Sapa 6', 'Homestay Discovery Sapa 1', 'Homestay Discovery Sapa 2', 'Homestay Discovery Sapa 9', 'Homestay Discovery Sapa 7', 'Homestay Discovery Sapa 5', 'Sunset View Home 9', 'Changed Hotel Homestay Discovery Sapa 3', 'Changed Hotel Homestay Discovery Sapa 4', 'Changed Hotel Homestay Discovery Sapa 8']"
Nam Tú,"['Hotel Sao Xanh 6', 'Vip Sapa Hotel 7', 'Hotel Sao Xanh 1', 'Hotel Sao Xanh 2', 'Hotel Sao Xanh 3', 'Vip Sapa Hotel 5', 'Hotel Sao Xanh 7', 'Changed Hotel Hotel Sao Xanh 8', 'Changed Hotel sapa eco terraces 7', 'Changed Hotel Cherry Hoa Dao 9']"
Minh Thương,"['Sunset View Home 6', 'Cherry Hoa Dao 4', 'Tạo Phượng Sa Pa Hotel 2', 'Sunset View Home 7', 'Cherry Hoa Dao 3', 'Sharaton Boutique Hotel 2', 'Sapa Friendly Inn & Travel 3', 'Changed Hotel Sapa House Hotel', 'Changed Hotel Minh Anh Guesthouse 1', 'Changed Hotel Minh Anh Guesthouse 8']"
Kiều Trang,"['sapa eco terraces 5', 'Homestay số 91-Suối Hồ Sa Pa 1', 'sapa eco terraces 9', 'Hotel Sao Xanh 2', 'sapa eco terraces 3', 'sapa eco terraces 1', 'Phuong Nam Hotel 1', 'Changed Hotel Minh Anh Guesthouse 7', 'Changed Hotel sapa eco terraces 7', 'Changed Hotel sapa eco terraces 6']"
Phương Phương,"['Sapa Mushroom Homestay 6', 'Tay Bac Sky Homestay', 'Saparis Hotel', 'Vip Sapa Hotel 9', 'Minh Anh Guesthouse 1', 'Sapa Mushroom Homestay 3', 'Sapa Mushroom Homestay 7', 'Changed Hotel London Sa Pa Hotel', 'Changed Hotel Sapa Mushroom Homestay 4', 'Changed Hotel Sapa Horizon Hotel']"
Triệu Thái,"['Homestay số 91-Suối Hồ Sa Pa 2', 'Homestay số 91-Suối Hồ Sa Pa 3', 'Homestay số 91-Suối Hồ Sa Pa 8', 'sapa eco terraces 3', 'Cherry Hoa Dao 4', 'Sapa Mushroom Homestay 8', 'Sapa Mushroom Homestay 2', 'Changed Hotel Vip Sapa Hotel 5', 'Changed Hotel Homestay số 91-Suối Hồ Sa Pa 1', 'Changed Hotel Homestay số 91-Suối Hồ Sa Pa 6']"
Xuân Ngọc,"['Vip Sapa Hotel 2', 'Vip Sapa Hotel 5', 'Vip Sapa Hotel 7', 'Vip Sapa Hotel 4', 'Vip Sapa Hotel 8', 'Vip Sapa Hotel 3', 'Homestay Discovery Sapa 9', 'Changed Hotel Vip Sapa Hotel 6', 'Changed Hotel Sapa Mountain Queen House', 'Changed Hotel Vip Sapa Hotel 9']"
Hiểu Lam,"['Sapa Peaceful Hotel 6', 'Sapa Mushroom Homestay 5', 'Sapa Peaceful Hotel 8', 'Homestay Discovery Sapa 1', 'Sapa Peaceful Hotel 2', 'Sapa Peaceful Hotel 3', 'Sapa Peaceful Hotel 9', 'Changed Hotel Sapa Peaceful Hotel 5', 'Changed Hotel Sapa Peaceful Hotel 7', 'Changed Hotel May Nui Sa Pa Hostel 1']"
Tuấn Thành,"['Sapa Friendly Inn & Travel 6', 'Sapa Friendly Inn & Travel 2', 'Sapa Friendly Inn & Travel 5', 'Cherry Hoa Dao 6', 'Sapa Peaceful Hotel 8', 'Sapa Friendly Inn & Travel 9', 'Sapa Mushroom Homestay 2', 'Changed Hotel Sapa Friendly Inn & Travel 3', 'Changed Hotel Sapa Friendly Inn & Travel 8', 'Changed Hotel Sapa Friendly Inn & Travel 4']"
Liên Trân,"['Minh Anh Guesthouse 8', 'Hmong Eco Villas', 'Hoa Chanh Bungalow', 'Vip Sapa Hotel 3', 'Cherry Hoa Dao 4', 'Sunset View Home 6', 'Sapa Peaceful Hotel 5', 'Changed Hotel Son Ha Hotel SAPA 2', 'Changed Hotel Tạo Phượng Sa Pa Hotel 3', 'Changed Hotel Sen Vang 2 Hotel']"
Đinh,"['Sharaton Boutique Hotel 7', 'Homestay số 91-Suối Hồ Sa Pa 4', 'Sapa Jungle Homestay', 'Sharaton Boutique Hotel 1', 'Sapa Peaceful Hotel 5', 'Sharaton Boutique Hotel 8', 'Sharaton Boutique Hotel 3', 'Changed Hotel D Home Sapa', 'Changed Hotel Dang Khoa Garden Inn', ""Changed Hotel Hoa's homestay Sapa""]"
Giáng Uyên,"['Cherry Hoa Dao 7', 'Cherry Hoa Dao 6', 'Sapa House Hotel', 'Tạo Phượng Sa Pa Hotel 8', 'Cherry Hoa Dao 8', 'Sunset View Home 4', 'Phuong Nam Hotel 1', 'Changed Hotel Sunset View Home 9', 'Changed Hotel Cherry Hoa Dao 5', 'Changed Hotel Hotel Sao Xanh 5']"
Thảo Tiên,"['Tạo Phượng Sa Pa Hotel 7', 'Tạo Phượng Sa Pa Hotel 5', 'Tạo Phượng Sa Pa Hotel 8', 'Tạo Phượng Sa Pa Hotel 6', 'Hotel Sao Xanh 5', 'Cherry Hoa Dao 3', 'Tạo Phượng Sa Pa Hotel 3', 'Changed Hotel Sapa Friendly Inn & Travel 7', 'Changed Hotel Tạo Phượng Sa Pa Hotel 9', 'Changed Hotel Cherry Hoa Dao 2']"
Bích Thảo,"['Homestay Discovery Sapa 7', 'Tạo Phượng Sa Pa Hotel 9', 'Homestay Discovery Sapa 1', 'Homestay Discovery Sapa 4', 'Homestay Discovery Sapa 6', 'Homestay Discovery Sapa 2', 'Homestay Discovery Sapa 5', 'Changed Hotel Hotel Sao Xanh 8', 'Changed Hotel Homestay Discovery Sapa 8', 'Changed Hotel Homestay Discovery Sapa 3']"
Kiều Nương,"['Hotel Sao Xanh 7', 'Bình Lan Hotel', 'Nghiêng Sapa Hotel', 'Aliana Boutique Sapa Hotel & Spa 1', 'Nhà Bên Suối homestay', 'Hotel Sao Xanh 2', 'Hotel Sao Xanh 8', 'Changed Hotel Lan Rung Boutique', 'Changed Hotel Sapa Friendly Inn & Travel 2', 'Changed Hotel Tạo Phượng Sa Pa Hotel 5']"
Hoàng Yến,"['Sharaton Boutique Hotel 6', 'Phủ Giáng Vân Homestay Sapa 1', 'Sharaton Boutique Hotel 2', 'Hotel Sao Xanh 1', 'Sunset View Home 6', 'Minh Anh Guesthouse 3', 'Sapa House Hotel', 'Changed Hotel Minh Anh Guesthouse 5', 'Changed Hotel Sunset View Home 7', 'Changed Hotel Sapa Peaceful Hotel 3']"
Ðình Hảo,"['sapa eco terraces 7', 'Vip Sapa Hotel 5', 'Sapa Odyssey Hostel 1', 'Cherry Hoa Dao 2', 'Ville De Mont Mountain Resort', 'Hotel Sao Xanh 6', 'sapa eco terraces 9', 'Changed Hotel Sharaton Boutique Hotel 2', 'Changed Hotel Homestay Discovery Sapa 9', 'Changed Hotel sapa eco terraces 3']"
Hoàng Mai,"['Homestay số 91-Suối Hồ Sa Pa 1', 'Sapa Mushroom Homestay 3', 'Sapa Mushroom Homestay 6', 'Sapa Mushroom Homestay 2', 'Minh Anh Guesthouse 7', 'Sapa Mushroom Homestay 1', 'Sapa Wings Hotel 2', 'Changed Hotel Sapa Mushroom Homestay 7', 'Changed Hotel Sapa Mushroom Homestay 8', 'Changed Hotel Sapa Mushroom Homestay 4']"
Bá Thúc,"['Homestay số 91-Suối Hồ Sa Pa 7', 'Homestay số 91-Suối Hồ Sa Pa 6', 'Hotel Sao Xanh 1', 'Homestay Discovery Sapa 2', 'Homestay số 91-Suối Hồ Sa Pa 1', 'Homestay số 91-Suối Hồ Sa Pa 4', 'Homestay số 91-Suối Hồ Sa Pa 5', 'Changed Hotel Sapa Friendly Inn & Travel 2', 'Changed Hotel Homestay số 91-Suối Hồ Sa Pa 8', 'Changed Hotel Homestay số 91-Suối Hồ Sa Pa 2']"
Hoàng Khang,"['Hotel Sao Xanh 6', 'Vip Sapa Hotel 5', 'Vip Sapa Hotel 9', 'Vip Sapa Hotel 8', 'Vip Sapa Hotel 6', 'Vip Sapa Hotel 4', 'Vip Sapa Hotel 3', 'Changed Hotel Vip Sapa Hotel 2', 'Changed Hotel sapa eco terraces 7', 'Changed Hotel Vip Sapa Hotel 7']"
Thục Tâm,"['Sapa Peaceful Hotel 7', 'Sapa Peaceful Hotel 8', 'Sharaton Boutique Hotel 5', 'Sapa Peaceful Hotel 5', 'Cherry Hoa Dao 3', 'Homestay số 91-Suối Hồ Sa Pa 8', 'Vip Sapa Hotel 2', 'Changed Hotel Sapa Peaceful Hotel 3', 'Changed Hotel Sapa Peaceful Hotel 2', 'Changed Hotel Hotel Sao Xanh 1']"
Việt Hồng,"['Sapa Friendly Inn & Travel 7', 'Tiger Sapa hotel', 'Helios Sapa Hotel', 'Sunset View Home 2', 'Sunset View Home 4', 'Sapa Friendly Inn & Travel 5', 'Sapa Friendly Inn & Travel 4', 'Changed Hotel Sunset View Home 1', 'Changed Hotel Sapa Friendly Inn & Travel 8', 'Changed Hotel Cherry Hoa Dao 2']"
Vạn Thắng,"['Minh Anh Guesthouse 9', 'Sapa House Hotel', 'sapa eco terraces 4', 'Minh Anh Guesthouse 2', 'Sapa Capsule Hotel 1', 'Sunset View Home 2', 'Hotel Sao Xanh 6', 'Changed Hotel Minh Anh Guesthouse 4', 'Changed Hotel Tạo Phượng Sa Pa Hotel 7', 'Changed Hotel Cherry Hoa Dao 9']"
Ðức Mạnh,"['Sharaton Boutique Hotel 8', 'Sapa Legend Hotel & Spa', 'Son Ha Hotel SAPA', ""Pao's Sapa Leisure Hotel"", 'Vip Sapa Hotel 3', 'Sharaton Boutique Hotel 3', 'Sharaton Boutique Hotel 7', 'Changed Hotel Homestay số 91-Suối Hồ Sa Pa 9', 'Changed Hotel Phuong Nam Hotel', 'Changed Hotel Himalaya Sapa Hostel']"
Ngọc San,"['Cherry Hoa Dao 8', 'Cherry Hoa Dao 2', 'Cherry Hoa Dao 5', 'Tạo Phượng Sa Pa Hotel 8', 'Sunset View Home 9', 'Sapa Peaceful Hotel 5', 'Cherry Hoa Dao 4', 'Changed Hotel sapa eco terraces 1', 'Changed Hotel Sunset View Home 4', 'Changed Hotel Sharaton Boutique Hotel 7']"
Chí Thanh,"['Tạo Phượng Sa Pa Hotel 8', 'Sapa Friendly Inn & Travel 8', 'Tạo Phượng Sa Pa Hotel 6', 'sapa eco terraces 1', 'Cherry Hoa Dao 2', 'Sharaton Boutique Hotel 7', 'Sunset View Home 4', 'Changed Hotel Cherry Hoa Dao 5', 'Changed Hotel Tạo Phượng Sa Pa Hotel 7', 'Changed Hotel Hotel Sao Xanh 5']"
Minh Hưng,"['Homestay Discovery Sapa 8', 'Homestay số 91-Suối Hồ Sa Pa 5', 'Homestay Discovery Sapa 3', 'Homestay Discovery Sapa 6', 'Homestay Discovery Sapa 2', 'Homestay Discovery Sapa 4', 'Homestay Discovery Sapa 7', 'Changed Hotel Homestay Discovery Sapa 1', 'Changed Hotel Ehome Sapa 1', 'Changed Hotel Homestay Discovery Sapa 5']"
Anh Hương,"['Hotel Sao Xanh 8', 'Tạo Phượng Sa Pa Hotel 9', 'Homestay Discovery Sapa 7', 'Vip Sapa Hotel 2', 'Aliana Boutique Sapa Hotel & Spa 1', 'Hotel Sao Xanh 2', 'Homestay Discovery Sapa 2', 'Changed Hotel Hotel Sao Xanh 6', 'Changed Hotel Sapa Peaceful Hotel 8', 'Changed Hotel Hotel Sao Xanh 1']"
Bảo Pháp,"['Sunset View Home 8', 'Homestay Discovery Sapa 3', 'Sunset View Home 4', 'Sharaton Boutique Hotel 1', 'Sapa House Hotel', 'Sharaton Boutique Hotel 7', 'Tạo Phượng Sa Pa Hotel 4', 'Changed Hotel Hotel Sao Xanh 9', 'Changed Hotel Minh Anh Guesthouse 5', 'Changed Hotel Hotel Sao Xanh 2']"
Huyền Trang,"['Hotel Sao Xanh 9', 'Bonjour Sa Pa Hotel', 'sapa eco terraces 3', 'Sapa Friendly Inn & Travel 3', 'sapa eco terraces 5', 'sapa eco terraces 1', 'sapa eco terraces 7', 'Changed Hotel Tạo Phượng Sa Pa Hotel 9', 'Changed Hotel sapa eco terraces 8', 'Changed Hotel sapa eco terraces 6']"
Minh Đan,"['Sapa Mushroom Homestay 8', 'Sapa Mushroom Homestay 4', 'Sapa Mushroom Homestay 3', 'Sapa Mushroom Homestay 1', 'Sapa Mushroom Homestay 7', 'Homestay số 91-Suối Hồ Sa Pa 6', 'Homestay số 91-Suối Hồ Sa Pa 9', 'Changed Hotel Homestay Discovery Sapa 9', 'Changed Hotel sapa eco terraces 4', 'Changed Hotel Sapa Mushroom Homestay 2']"
Việt Nhân,"['Homestay số 91-Suối Hồ Sa Pa 9', 'Sharaton Boutique Hotel 8', 'Vip Sapa Hotel 3', 'Minh Anh Guesthouse 5', 'Homestay số 91-Suối Hồ Sa Pa 5', 'Homestay số 91-Suối Hồ Sa Pa 2', 'Sapa Mushroom Homestay 1', 'Changed Hotel Homestay số 91-Suối Hồ Sa Pa 1', 'Changed Hotel Sharaton Boutique Hotel 3', 'Changed Hotel Sapa Mushroom Homestay 8']"
Thiện Thanh,"['Vip Sapa Hotel 9', 'Saparis Hotel', 'Sapa Horizon Hotel', 'Tay Bac Sky Homestay', 'Vip Sapa Hotel 5', 'Vip Sapa Hotel 2', 'Vip Sapa Hotel 7', 'Changed Hotel Vip Sapa Hotel 6', 'Changed Hotel London Sa Pa Hotel', 'Changed Hotel Sapa Mushroom Homestay 6']"
Hường,"['Sapa Peaceful Hotel 9', 'Sapa Mushroom Homestay 3', 'Sapa Peaceful Hotel 5', 'Sapa Peaceful Hotel 2', 'sapa eco terraces 9', 'Sapa Peaceful Hotel 3', 'Sapa Peaceful Hotel 1', 'Changed Hotel Sharaton Boutique Hotel 9', 'Changed Hotel Sapa Peaceful Hotel 8', 'Changed Hotel Sapa Hills Hotel 1']"
Ðắc Lộ,"['Sapa Friendly Inn & Travel 9', 'Sapa Friendly Inn & Travel 5', 'Sapa Friendly Inn & Travel 3', 'Sapa Odyssey Hostel 1', 'Sapa Friendly Inn & Travel 8', 'Vip Sapa Hotel 1', 'Sapa Friendly Inn & Travel 6', 'Changed Hotel Sapa Friendly Inn & Travel 1', 'Changed Hotel Tạo Phượng Sa Pa Hotel 5', 'Changed Hotel Sapa Friendly Inn & Travel 4']"
