Hotel Name,Recommendations
Chau Ngân An Hotel Dalat,"['HouseChill Dalat Hotel', 'Queen T&T Dalat Hotel', ""Q's House Dalat"", 'White Horse Dalat Hotel', 'Changed Hotel 69', ""La Pense'e Hotel - Dalat"", 'Be U Hotel', 'Q-Center Dalat', 'Changed Hotel 107', 'Changed Hotel 89']"
Bazan Hotel Dalat - STAY 24H,"['Changed Hotel 7', 'Changed Hotel 6', 'Raon Villa - STAY 24H', 'Be U Hotel', 'An Garden Dalat', ""La Pense'e Hotel - Dalat"", 'DALAMOON HOTEL', 'Changed Hotel 60', 'SODA HOTEL', '688 Hotel Đà Lạt']"
Dalat Wind Hotel,"['Changed Hotel 61', 'The Grace Hotel', 'Arapang Hotel 2', 'Q-Center Dalat', 'Changed Hotel 3', '688 Hotel Đà Lạt', 'Be U Hotel', 'Changed Hotel 94', 'Dalat Boutique Hotel', 'Lilly Hotel Dalat']"
HouseChill Dalat Hotel,"[""La Pense'e Hotel - Dalat"", 'White Horse Dalat Hotel', 'Changed Hotel 117', ""Lien's Hotel Đà Lạt"", 'G House Da Lat', 'Changed Hotel 66', 'Brick House Dalat Hotel', 'Arapang Hotel 2', 'Duy Vinh Hotel Dalat', 'Changed Hotel 41']"
LA VIE EN ROSE 2 Hotel,"[""La Pense'e Hotel - Dalat"", 'Changed Hotel 48', 'Changed Hotel 39', 'Be U Hotel', 'Greenview Dalat', 'Duy Vinh Hotel Dalat', 'An Mai Boutique Hotel', 'M Hotel Đà Lạt', 'Changed Hotel 3', 'The Grace Hotel']"
Torino Hotel Dalat,"['Himalaya Phoenix Dalat Hotel', 'River Park Hotel Dalat', 'Interstella Hotel', 'Changed Hotel 3', 'Changed Hotel 20', 'Changed Hotel 66', ""La Pense'e Hotel - Dalat"", 'G House Da Lat', 'Arapang Hotel 2', 'Huong Mai Hotel']"
AN Boutique Hotel - STAY 24H,"['Vuon Xuan Hotel - STAY 24H', 'Bazan Hotel Dalat - STAY 24H', 'Changed Hotel 17', 'Dalat Boutique Hotel', 'An Mai Boutique Hotel', 'Be U Hotel', 'Nature Boutique Hotel', 'Changed Hotel 169', 'Changed Hotel 136', 'Lasol Boutique Hotel']"
Vuon Xuan Hotel - STAY 24H,"['AN Boutique Hotel - STAY 24H', 'Bazan Hotel Dalat - STAY 24H', 'Changed Hotel 17', 'An Garden Dalat', 'Be U Hotel', 'Changed Hotel 57', 'Khanh Uyen 1 Hotel', ""Q's House Dalat"", 'M Hotel Đà Lạt', 'Changed Hotel 8']"
TTR Vincent Hotel,"['TTR Skyview Hotel', 'Changed Hotel 38', 'TTR Moonstone Apart Hotel', ""Lien's Hotel Đà Lạt"", 'Changed Hotel 35', 'Changed Hotel 81', 'Hạ Na Hotel Đà Lạt', 'Duy Vinh Hotel Dalat', 'Khanh Uyen 1 Hotel', 'Arapang 3 Hotel']"
Đà Lạt Thanh Xuân Boutique Hotel,"['Changed Hotel 19', 'Moc Thach Blue House DaLat', 'Changed Hotel 161', 'Europa Hotel', 'Daruma Home', 'Changed Hotel 152', 'Huong Mai Hotel', 'Sugar Land Villa Hotel', ""Q's House Dalat"", 'Le Marais Hotel Dalat']"
Lovely House,"['G House Da Lat', 'Khanh Uyen 3 Hotel', ""Q's House Dalat"", 'Brick House Dalat Hotel', 'Changed Hotel 38', 'Changed Hotel 96', 'Changed Hotel 74', 'Nature Hotel', 'ELC Dalat Hotel', 'M Hotel Đà Lạt']"
Thanh Thanh Premier Dalat Hotel,"['M Hotel Đà Lạt 1', 'HouseChill Dalat Hotel', 'Hotel Du Lys', 'Chau Ngân An Hotel Dalat 1', 'Changed Hotel 49', 'Changed Hotel 77', 'G House Da Lat', 'Changed Hotel 102', 'Roy Dala Hotel', 'Anh Duc Da Lat Hotel']"
HANZ Bao Hoang Hotel,"['The White Delux Hotel', 'Mai Hoang Da Lat Hotel', 'Be U Hotel', 'An Garden Dalat', 'Changed Hotel 106', 'Arapang Hotel 2', 'Changed Hotel 61', 'An Nhi Hotel', 'Changed Hotel 36', 'HANZ Pho Hoa Hotel']"
Miền Nhiệt Đới 2 Hotel,"['Khanh Uyen 1 Hotel', 'Be U Hotel', 'Changed Hotel 133', 'Arapang 3 Hotel', 'An Garden Dalat', 'Changed Hotel 89', 'SODA HOTEL', 'Lilly Hotel Dalat', 'Changed Hotel 37', 'Xuan Cuong Hotel']"
Le Marais Hotel Dalat,"['Be U Hotel', 'Le Récit Boutique Hôtel de Dalat', 'Le Soleil Boutique Hotel', 'Brick House Dalat Hotel', ""Lien's Hotel Đà Lạt"", 'Changed Hotel 115', 'Changed Hotel 97', 'Tasme Hotel', 'Changed Hotel 117', 'The Morris Dalat Hotel']"
GREENECO DA LAT HOTEL - Khách sạn Green Eco Đà Lạt,"['Khách sạn Hải Hoa Đà Lạt', 'Changed Hotel 95', 'Khách Sạn Đà Lạt View - Villa Đà Lạt', 'M Hotel Đà Lạt', ""Lien's Hotel Đà Lạt"", 'Changed Hotel 155', 'Green Meadow Dalat Hotel & Villa', 'Ánh Phương Hotel Đà Lạt', 'Changed Hotel 139', 'Nhà An Đà Lạt Hotel - Khách sạn mới xây rất đẹp']"
Nature Hotel,"['Nature Boutique Hotel', 'Be U Hotel', 'Khanh Uyen 3 Hotel', ""Lien's Hotel Đà Lạt"", 'Changed Hotel 151', 'ELC Dalat Hotel', 'Lovely House', 'Changed Hotel 96', 'Changed Hotel 117', 'La Fleur 2 Luxury Garden Hotel']"
Raon Villa - STAY 24H,"['Changed Hotel 1', 'AN Boutique Hotel - STAY 24H', 'Changed Hotel 7', 'Be U Hotel', ""Lien's Hotel Đà Lạt"", ""La Pense'e Hotel - Dalat"", 'Khanh Uyen 1 Hotel', 'Changed Hotel 69', 'M Hotel Đà Lạt', 'Arya Dalat Hotel']"
TTR Central Apart Hotel,"['TTR Studio Apart Hotel', 'Changed Hotel 64', 'TTR Skyview Hotel', 'TTR Vincent Hotel', 'Now Home Dalat', ""N'Queen Villa"", 'Changed Hotel 79', 'Ngan Pho Studio & Hotel', 'An Garden Dalat', 'Changed Hotel 135']"
Dalat Eco Hotel,"['Đà Lạt Thanh Xuân Boutique Hotel', 'Changed Hotel 75', 'Changed Hotel 86', 'La Fleur Premium Central Apartment', 'Sugar Land Villa Hotel', 'Lovely House 1', 'Changed Hotel 87', 'Ánh Phương Hotel Đà Lạt', 'Europa Hotel', 'Seven A Hotel 1']"
ELC Dalat Hotel,"['The White Delux Hotel', 'Changed Hotel 84', 'Be U Hotel', 'G House Da Lat', ""La Pense'e Hotel - Dalat"", 'An Garden Dalat', 'Changed Hotel 28', 'Arapang Hotel 2', 'Changed Hotel 163', 'Khanh Uyen 3 Hotel']"
Phuong Vy Luxury Hotel,"['Changed Hotel 165', 'An Garden Dalat', 'Arapang 3 Hotel', 'Khanh Uyen 1 Hotel', 'Thien Ly Hotel', 'Be U Hotel', 'Changed Hotel 112', 'G House Da Lat', 'Changed Hotel 81', 'SODA HOTEL']"
TTR Skyview Hotel,"['TTR Vincent Hotel', 'Khanh Uyen 3 Hotel', 'Brick House Dalat Hotel', 'Be U Hotel', 'Khanh Uyen 1 Hotel', 'Changed Hotel 64', 'Changed Hotel 128', 'Arapang 3 Hotel', 'Changed Hotel 29', 'River Park Hotel Dalat']"
Sally Villa Homestay,"['Da Lat Lemongrass - Đà Lạt Sả', 'Nấp ở TEEPEE homestay', 'Duong Xua Villa', 'Lavie Villa', 'Changed Hotel 135', 'Changed Hotel 132', 'An Garden Dalat', 'Dalat Serene Villa', 'Changed Hotel 139', 'M Hotel Đà Lạt']"
Ngan Pho Studio & Hotel,"['Changed Hotel 78', 'Changed Hotel 114', 'TTR Studio Apart Hotel', 'Ngan Hoa - Mille Fleurs', 'Daruma Home', 'Ngan Hoa - Mille Fleurs 02', 'Khách Sạn Tommy', 'Arapang 3 Hotel', 'Bazan Hotel Dalat - STAY 24H', 'Changed Hotel 96']"
Lovely House 1,"['Moc Thach Hostel Dalat 1', 'Dalat Eco Hotel', 'La Fleur Premium Central Apartment', 'Dat Thien An Hotel 1', 'Chau Ngân An Hotel Dalat 1', 'Đà Lạt Thanh Xuân Boutique Hotel', 'Changed Hotel 153', 'Changed Hotel 154', 'Lovely House', 'Changed Hotel 161']"
Himalaya Phoenix Dalat Hotel,"['Be U Hotel', 'Arapang Hotel 2', 'Torino Hotel Dalat', 'Changed Hotel 66', 'Khanh Uyen 1 Hotel', 'An Garden Dalat', 'Arapang 3 Hotel', 'Changed Hotel 89', 'Changed Hotel 35', 'G House Da Lat']"
Thanh Thanh Hotel,"['Thanh Anh 2 Hotel - Gần Chợ Đêm Đà Lạt', 'Changed Hotel 38', 'Changed Hotel 170', 'Changed Hotel 89', 'Tasme Hotel', 'Khanh Uyen 3 Hotel', 'Interstella Hotel', 'Arapang Hotel 2', 'Brick House Dalat Hotel', 'Anh Duc Da Lat Hotel']"
Hạ Na Hotel Đà Lạt,"['Changed Hotel 84', '688 Hotel Đà Lạt', 'Ánh Phương Hotel Đà Lạt', 'Changed Hotel 89', 'Khách sạn Hải Hoa Đà Lạt', 'Jerry House Đà Lạt', 'Be U Hotel', 'Dalat Boutique Hotel', 'Duy Vinh Hotel Dalat', 'Changed Hotel 36']"
The White Delux Hotel,"['White Horse Dalat Hotel', 'An Garden Dalat', 'Be U Hotel', 'Changed Hotel 65', 'Changed Hotel 20', 'Changed Hotel 81', 'Khanh Uyen 3 Hotel', 'M Hotel Đà Lạt', ""Lien's Hotel Đà Lạt"", 'White Horse 24A Hotel']"
Sweet Lavender Hotel - Near Dalat Night Market,"['Changed Hotel 96', 'Arapang Hotel 2', 'Be U Hotel', 'Dalat Memory Inn', 'Duy Vinh Hotel Dalat', 'Q-Center Dalat', 'Changed Hotel 48', 'M Hotel Đà Lạt', 'Silent Night Dem Lanh Hotel', 'Changed Hotel 89']"
Green Meadow Dalat Hotel & Villa,"['Be U Hotel', 'Changed Hotel 171', 'An Garden Dalat', 'Changed Hotel 89', 'GREENECO DA LAT HOTEL - Khách sạn Green Eco Đà Lạt', 'Changed Hotel 69', 'An Mai Boutique Hotel', 'M Hotel Đà Lạt', ""La Pense'e Hotel - Dalat"", 'DALAMOON HOTEL']"
Le Récit Boutique Hôtel de Dalat,"['Changed Hotel 14', 'Le Soleil Boutique Hotel', 'Changed Hotel 37', 'An Mai Boutique Hotel', 'Nature Boutique Hotel', 'Lasol Boutique Hotel', 'Changed Hotel 38', 'Brick House Dalat Hotel', ""Lien's Hotel Đà Lạt"", 'Hoàng Gia Boutique Hotel']"
Sunset Hill Dalat,"['Be U Hotel', 'Changed Hotel 96', ""Lien's Hotel Đà Lạt"", 'Changed Hotel 97', 'Arya Dalat Hotel', 'Arapang Hotel 2', 'M Hotel Đà Lạt', 'Q-Center Dalat', 'Changed Hotel 73', 'The Morris Dalat Hotel']"
Minh Chien Hotel,"['Tasme Hotel', 'Be U Hotel', 'Interstella Hotel', 'Changed Hotel 96', 'Changed Hotel 27', 'Huong Mai Hotel', 'Khanh Uyen 3 Hotel', 'The Morris Dalat Hotel', 'Changed Hotel 60', ""Q's House Dalat""]"
Khanh Uyen 3 Hotel,"['Khanh Uyen 1 Hotel', 'Be U Hotel', 'Changed Hotel 89', 'G House Da Lat', 'Changed Hotel 81', 'Changed Hotel 160', 'Huong Mai Hotel', 'The White Delux Hotel', 'Lovely House', 'An Garden Dalat']"
Khanh Uyen 1 Hotel,"['Changed Hotel 35', 'Be U Hotel', 'Arapang 3 Hotel', 'Thien Ly Hotel', 'Changed Hotel 96', ""Lien's Hotel Đà Lạt"", 'Xuan Cuong Hotel', 'Changed Hotel 163', 'Dang Uyen 1 Hotel', 'G House Da Lat']"
Dalat Boutique Hotel,"['Lasol Boutique Hotel', 'Changed Hotel 116', 'Hoàng Gia Boutique Hotel', 'Nature Boutique Hotel', 'Le Soleil Boutique Hotel', 'Changed Hotel 6', 'Hạ Na Hotel Đà Lạt', ""Q's House Dalat"", 'Be U Hotel', 'Changed Hotel 144']"
Be U Hotel,"[""Lien's Hotel Đà Lạt"", 'Changed Hotel 97', 'Khanh Uyen 3 Hotel', 'An Garden Dalat', 'M Hotel Đà Lạt', 'Changed Hotel 144', 'Changed Hotel 36', 'SODA HOTEL', 'Arapang Hotel 2', 'Arapang 3 Hotel']"
Seven A Hotel,"['Changed Hotel 128', 'OYO 1196 Le Vu Hotel', 'Pontus Hotel', 'Savio House', 'Changed Hotel 165', '688 Hotel Đà Lạt', 'Duy Vinh Hotel Dalat', 'Changed Hotel 163', 'M Hotel Đà Lạt', 'Be U Hotel']"
Bear Brick Villa,"['Changed Hotel 77', 'The Morris Dalat Hotel', 'Lilly Hotel Dalat', 'Mộc Yên Hotel', 'Xuan Cuong Hotel', 'Dalat Boutique Hotel', ""La Pense'e Hotel - Dalat"", 'Changed Hotel 97', 'Changed Hotel 163', 'M Hotel Đà Lạt']"
Nature Boutique Hotel,"['Nature Hotel', 'Dalat Boutique Hotel', 'Queen T&T Dalat Hotel', 'An Mai Boutique Hotel', 'Le Soleil Boutique Hotel', 'Changed Hotel 129', 'HouseChill Dalat Hotel', 'Changed Hotel 38', 'AN Boutique Hotel - STAY 24H', 'Changed Hotel 108']"
Lavie Villa,"[""N'Queen Villa"", 'ECOTIME Villa Da Lat', 'Dalat Serene Villa', 'Changed Hotel 23', 'Duong Xua Villa', 'Green Meadow Dalat Hotel & Villa', 'Changed Hotel 83', 'Villa - Hotel Nam Khang 2 Dalat', 'Changed Hotel 40', 'Raon Villa - STAY 24H']"
Nấp ở TEEPEE homestay,"['Da Lat Lemongrass - Đà Lạt Sả', 'Changed Hotel 23', 'Cherry Suites Dalat', 'Changed Hotel 132', 'Ngọc Nguyên Homestay', 'Duong Xua Villa', 'Changed Hotel 149', ""Q's House Dalat"", 'ECOTIME Villa Da Lat', 'Now Home Dalat']"
Jerry House Đà Lạt,"[""Lien's Hotel Đà Lạt"", 'M Hotel Đà Lạt', 'Changed Hotel 28', '688 Hotel Đà Lạt', 'Ánh Phương Hotel Đà Lạt', 'New Sun Hotel Đà Lạt', 'DALAT STREAM HOTEL-Khách sạn đẹp Đà Lạt', 'Changed Hotel 157', 'Changed Hotel 52', ""Q's House Dalat""]"
New Sun Hotel Đà Lạt,"[""Lien's Hotel Đà Lạt"", 'Changed Hotel 84', '688 Hotel Đà Lạt', 'Jerry House Đà Lạt', 'Ánh Phương Hotel Đà Lạt', 'New Life Hotel - Da Lat', 'Khách Sạn Đà Lạt View - Villa Đà Lạt', 'Changed Hotel 157', 'DALAT STREAM HOTEL-Khách sạn đẹp Đà Lạt', 'Changed Hotel 28']"
President Hotel,"['Be U Hotel', 'Changed Hotel 89', 'Interstella Hotel', 'Changed Hotel 35', 'Khanh Uyen 1 Hotel', 'Changed Hotel 57', 'Anh Duc Da Lat Hotel', 'Huong Mai Hotel', 'White Horse Dalat Hotel', 'Thien Ly Hotel']"
Dat Thien An Hotel,"['Thien Ly Hotel', 'Be U Hotel', 'Changed Hotel 161', 'Changed Hotel 35', 'The White Delux Hotel', ""Lien's Hotel Đà Lạt"", 'Duy Vinh Hotel Dalat', 'Khanh Uyen 1 Hotel', 'Changed Hotel 65', 'Ánh Phương Hotel Đà Lạt']"
Pontus Hotel,"['An Mai Boutique Hotel', ""Q's House Dalat"", 'Changed Hotel 163', 'Arapang Hotel 2', 'Changed Hotel 89', 'Arapang 3 Hotel', 'Be U Hotel', 'Changed Hotel 39', 'Tường Phương Hotel', 'Thien Ly Hotel']"
White Horse Dalat Hotel,"['Changed Hotel 122', 'The White Delux Hotel', 'HouseChill Dalat Hotel', 'Be U Hotel', ""Lien's Hotel Đà Lạt"", 'Changed Hotel 97', 'Tasme Hotel', ""La Pense'e Hotel - Dalat"", 'SODA HOTEL', 'Changed Hotel 117']"
Seven A Hotel 1,"['Seven A Hotel', 'Changed Hotel 158', 'Moc Thach Hostel Dalat 1', 'The Grace Hotel', 'Changed Hotel 48', 'Changed Hotel 121', 'Dalat Eco Hotel', 'Phuong Vy Hotel', '688 Hotel Đà Lạt', 'Ngan Hoa - Mille Fleurs']"
EX Villa Da Lat - View Thung Lũng Lãng Mạn,"['Changed Hotel 67', 'Thung Lũng Xanh TQK Hotel', 'Changed Hotel 31', 'Changed Hotel 161', 'An Garden Dalat', 'Tasme Hotel', ""Lien's Hotel Đà Lạt"", 'Interstella Hotel', ""La Pense'e Hotel - Dalat"", 'Dalat Serene Villa']"
Khách Sạn Đà Lạt View - Villa Đà Lạt,"['DALAT STREAM HOTEL-Khách sạn đẹp Đà Lạt', 'Khách sạn Hải Hoa Đà Lạt', 'GREENECO DA LAT HOTEL - Khách sạn Green Eco Đà Lạt', ""Lien's Hotel Đà Lạt"", 'Jerry House Đà Lạt', 'Changed Hotel 45', 'Changed Hotel 84', 'Changed Hotel 167', '688 Hotel Đà Lạt', 'Thiên Trang Hotel Đà Lạt']"
La Fleur Premium Central Apartment,"['Changed Hotel 19', 'Sugar Land Villa Hotel', 'Lovely House 1', 'Changed Hotel 9', 'Ngọc Nguyên Homestay', 'Chau Ngân An Hotel Dalat 1', 'Europa Hotel', 'Changed Hotel 93', 'LE CIMENT - Apartment Hotel', 'TTR Studio Apart Hotel']"
Royal Dalat Hotel,"[""Lien's Hotel Đà Lạt"", 'Be U Hotel', 'Changed Hotel 61', 'Duy Vinh Hotel Dalat', 'Changed Hotel 137', 'HouseChill Dalat Hotel', 'Changed Hotel 121', 'SODA HOTEL', ""Q's House Dalat"", 'Khanh Uyen 1 Hotel']"
Horizon Village Dalat,"['An Garden Dalat', 'Changed Hotel 84', 'Be U Hotel', 'An Mai Boutique Hotel', ""Lien's Hotel Đà Lạt"", 'Pontus Hotel', 'DALAMOON HOTEL', 'Changed Hotel 97', 'Huong Mai Hotel', 'Changed Hotel 171']"
Ngan Hoa - Mille Fleurs,"['Ngan Hoa - Mille Fleurs 02', 'HANZ Pho Hoa Hotel', 'Be U Hotel', 'Changed Hotel 97', 'M Hotel Đà Lạt', ""Lien's Hotel Đà Lạt"", 'Seven A Hotel', 'Changed Hotel 107', 'Changed Hotel 128', 'Pontus Hotel']"
Arapang 3 Hotel,"['Arapang Hotel 2', 'Thien Ly Hotel', 'Changed Hotel 36', 'Be U Hotel', 'An Garden Dalat', 'Changed Hotel 139', ""Q's House Dalat"", 'Changed Hotel 171', ""Lien's Hotel Đà Lạt"", 'Phuong Vy Luxury Hotel']"
Golden Bee Hotel,"[""Q's House Dalat"", 'An Garden Dalat', ""La Pense'e Hotel - Dalat"", 'Changed Hotel 81', 'Changed Hotel 119', 'Be U Hotel', 'Changed Hotel 161', 'Pontus Hotel', 'Arapang 3 Hotel', 'Khanh Uyen 1 Hotel']"
Roy Dala Hotel,"[""Lien's Hotel Đà Lạt"", 'Changed Hotel 38', 'Changed Hotel 66', 'HouseChill Dalat Hotel', ""La Pense'e Hotel - Dalat"", 'White Horse Dalat Hotel', 'Arapang Hotel 2', 'SODA HOTEL', 'Changed Hotel 27', 'Khanh Uyen 3 Hotel']"
Arya Dalat Hotel,"['Be U Hotel', 'Changed Hotel 96', 'The Morris Dalat Hotel', 'M Hotel Đà Lạt', 'Duy Vinh Hotel Dalat', ""La Pense'e Hotel - Dalat"", '688 Hotel Đà Lạt', ""Lien's Hotel Đà Lạt"", 'Changed Hotel 81', 'Changed Hotel 17']"
La Pense'e Hotel - Dalat,"[""Lien's Hotel Đà Lạt"", 'Changed Hotel 3', 'Be U Hotel', 'An Garden Dalat', 'Changed Hotel 84', 'Tasme Hotel', 'Greenview Dalat', 'Changed Hotel 161', 'Ánh Phương Hotel Đà Lạt', 'Arapang Hotel 2']"
Marigold Hotel Dalat,"['Arapang 3 Hotel', 'Changed Hotel 36', 'Thien Ly Hotel', 'Changed Hotel 60', 'An Garden Dalat', 'Changed Hotel 131', 'Interstella Hotel', 'Queen T&T Dalat Hotel', 'Arapang Hotel 2', 'Lilly Hotel Dalat']"
Mộc Yên Hotel,"['The Morris Dalat Hotel', 'Lilly Hotel Dalat', 'Xuan Cuong Hotel', 'Be U Hotel', 'An Garden Dalat', 'Changed Hotel 84', 'Changed Hotel 61', 'Lan Anh Hotel', 'Tuyet Mai Hotel', 'Changed Hotel 60']"
TTR Moonstone Apart Hotel,"['Changed Hotel 156', 'TTR Central Apart Hotel', 'TTR Vincent Hotel', 'Be U Hotel', 'TTR Skyview Hotel', 'HouseChill Dalat Hotel', 'Changed Hotel 89', 'Nature Boutique Hotel', ""La Pense'e Hotel - Dalat"", 'Changed Hotel 103']"
Dalat Memory Inn,"['The White Delux Hotel', 'G House Da Lat', 'Be U Hotel', 'Duy Vinh Hotel Dalat', 'M Hotel Đà Lạt', 'Changed Hotel 89', 'Changed Hotel 66', 'Changed Hotel 96', 'Khanh Uyen 3 Hotel', 'Arapang Hotel 2']"
Q-Center Dalat,"['Changed Hotel 81', 'Be U Hotel', 'SODA HOTEL', 'Changed Hotel 161', 'The Grace Hotel', 'Duy Vinh Hotel Dalat', ""Lien's Hotel Đà Lạt"", 'HouseChill Dalat Hotel', 'Changed Hotel 61', 'Dalat Memory Inn']"
Thung Lũng Kim Khuê Villas,"['Changed Hotel 38', 'Dalat Memory Inn', 'The White Delux Hotel', 'Duy Vinh Hotel Dalat', 'EX Villa Da Lat - View Thung Lũng Lãng Mạn', 'Thung Lũng Xanh TQK Hotel', ""Lien's Hotel Đà Lạt"", 'Changed Hotel 35', 'Changed Hotel 48', 'M Hotel Đà Lạt']"
Kim Oanh Orchids Hotel,"['Thung Lũng Kim Khuê Villas', 'Changed Hotel 89', 'Be U Hotel', 'Dang Uyen 1 Hotel', ""La Pense'e Hotel - Dalat"", 'Changed Hotel 69', 'Arapang 3 Hotel', 'Changed Hotel 81', 'Pontus Hotel', 'Duy Vinh Hotel Dalat']"
SODA HOTEL,"['Changed Hotel 89', 'Be U Hotel', 'Khanh Uyen 1 Hotel', 'Changed Hotel 66', 'Thien Ly Hotel', 'Changed Hotel 131', 'M Hotel Đà Lạt', 'Arapang Hotel 2', 'Duy Vinh Hotel Dalat', 'Arapang 3 Hotel']"
Tasme Hotel,"['Be U Hotel', 'An Garden Dalat', ""La Pense'e Hotel - Dalat"", 'Interstella Hotel', 'Changed Hotel 49', 'Changed Hotel 84', 'Changed Hotel 97', 'Huong Mai Hotel', 'Anh Duc Da Lat Hotel', ""Lien's Hotel Đà Lạt""]"
Du Parc Hotel Dalat,"['Hong Mon Villa', 'Changed Hotel 14', 'Hotel Du Lys', 'Le Soleil Boutique Hotel', 'Changed Hotel 104', 'Be U Hotel', 'Royal Dalat Hotel', 'Tasme Hotel', 'G House Da Lat', 'Changed Hotel 62']"
Daruma Home,"['Now Home Dalat', 'Changed Hotel 149', 'Eco Home Da Lat', 'Be U Hotel', 'SODA HOTEL', 'Changed Hotel 96', 'Q-Center Dalat', 'Changed Hotel 89', 'Ánh Phương Hotel Đà Lạt', 'Duy Vinh Hotel Dalat']"
Greenview Dalat,"['An Garden Dalat', 'Be U Hotel', ""La Pense'e Hotel - Dalat"", 'Duy Vinh Hotel Dalat', 'M Hotel Đà Lạt', 'Ánh Phương Hotel Đà Lạt', 'Tasme Hotel', 'Changed Hotel 28', 'Changed Hotel 165', 'Changed Hotel 36']"
Nhím House,"['Be U Hotel', 'Changed Hotel 131', 'Changed Hotel 89', 'Changed Hotel 57', 'Khanh Uyen 3 Hotel', 'An Garden Dalat', 'G House Da Lat', 'Brick House Dalat Hotel', 'Savio House', 'Greenview Dalat']"
Nhím House 1,"['Dalat Eco Hotel', 'Changed Hotel 9', 'Hotel Du Lys', 'Nhím House', 'Ngan Hoa - Mille Fleurs 02 1', 'Changed Hotel 86', 'The Luxe Da Lat', 'Thung Lũng Xanh TQK Hotel 1', 'Greenview Dalat', 'Changed Hotel 38']"
Ngoc Nguyen Anh Da Lat,"['Anh Duc Da Lat Hotel', 'Changed Hotel 128', 'Be U Hotel', 'Pontus Hotel', 'Hạ Na Hotel Đà Lạt', 'Changed Hotel 144', 'Khanh Uyen 1 Hotel', 'Phuong Vy Hotel', 'Changed Hotel 119', 'Seven A Hotel']"
Brick House Dalat Hotel,"['Be U Hotel', ""Q's House Dalat"", 'Changed Hotel 40', 'Changed Hotel 3', 'Tasme Hotel', 'Changed Hotel 89', 'Le Marais Hotel Dalat', 'Lovely House', 'Nhím House', 'TTR Skyview Hotel']"
HANZ Pho Hoa Hotel,"['Ngan Hoa - Mille Fleurs', 'Changed Hotel 107', 'Be U Hotel', '688 Hotel Đà Lạt', 'The Grace Hotel', 'Changed Hotel 157', 'Queen T&T Dalat Hotel', 'SODA HOTEL', 'Ngan Hoa - Mille Fleurs 02', 'Changed Hotel 87']"
LE CIMENT - Apartment Hotel,"['Changed Hotel 93', 'Changed Hotel 114', 'TTR Studio Apart Hotel', 'Le Marais Hotel Dalat', 'Ngọc Nguyên Homestay', 'OYO 1196 Le Vu Hotel', 'Le Récit Boutique Hôtel de Dalat', 'Le Soleil Boutique Hotel', 'Changed Hotel 61', 'The Morris Dalat Hotel']"
DALAMOON HOTEL,"['Changed Hotel 128', 'Be U Hotel', ""Lien's Hotel Đà Lạt"", 'Changed Hotel 84', '688 Hotel Đà Lạt', 'The Morris Dalat Hotel', 'SODA HOTEL', 'Arapang 3 Hotel', 'Changed Hotel 61', 'Khanh Uyen 3 Hotel']"
Arapang Hotel 2,"['Arapang 3 Hotel', 'Q-Center Dalat', 'Be U Hotel', 'G House Da Lat', 'Pontus Hotel', 'Khanh Uyen 3 Hotel', 'Changed Hotel 89', 'Changed Hotel 36', 'An Garden Dalat', 'Changed Hotel 117']"
Nam Xuan Premium Hotel,"['Villa - Hotel Nam Khang 2 Dalat', 'Be U Hotel', 'M Hotel Đà Lạt', ""Lien's Hotel Đà Lạt"", 'Changed Hotel 97', 'An Garden Dalat', 'Changed Hotel 69', 'Changed Hotel 85', 'White Horse Dalat Hotel', ""Q's House Dalat""]"
Hoàng Yến Villa Dalat,"['Changed Hotel 38', 'Hoàng Gia Boutique Hotel', 'Changed Hotel 102', 'Changed Hotel 96', 'Duy Vinh Hotel Dalat', 'Raon Villa - STAY 24H', 'Sunset Hill Dalat', ""N'Queen Villa"", 'M Hotel Đà Lạt', 'Arya Dalat Hotel']"
M Hotel Đà Lạt,"['Changed Hotel 89', 'Changed Hotel 163', 'Hạ Na Hotel Đà Lạt', 'Duy Vinh Hotel Dalat', 'Changed Hotel 38', '688 Hotel Đà Lạt', 'Jerry House Đà Lạt', 'An Garden Dalat', 'An Mai Boutique Hotel', 'New Sun Hotel Đà Lạt']"
The Morris Dalat Hotel,"['Changed Hotel 63', 'Be U Hotel', 'Changed Hotel 89', 'Lilly Hotel Dalat', 'Xuan Cuong Hotel', 'M Hotel Đà Lạt', 'Arya Dalat Hotel', 'Lan Anh Hotel', 'Changed Hotel 137', 'An Garden Dalat']"
Chau Ngân An Hotel Dalat 1,"['Changed Hotel 153', 'Dalat Eco Hotel', 'Changed Hotel 3', 'Queen T&T Dalat Hotel', 'Hotel Du Lys', 'Changed Hotel 0', 'Arapang Hotel 2', 'Nhím House 1', 'Thanh Thanh Premier Dalat Hotel', 'Lovely House 1']"
Tường Phương Hotel,"['Ánh Phương Hotel Đà Lạt', 'Changed Hotel 48', 'Changed Hotel 89', 'Thien Ly Hotel', 'Arapang 3 Hotel', 'Be U Hotel', ""Q's House Dalat"", 'Arapang Hotel 2', 'Changed Hotel 69', 'Duy Vinh Hotel Dalat']"
Lilly Hotel Dalat,"['Xuan Cuong Hotel', 'Changed Hotel 85', 'Mộc Yên Hotel', 'Khanh Uyen 1 Hotel', 'Arapang 3 Hotel', 'Changed Hotel 38', 'Dalat Boutique Hotel', 'Changed Hotel 96', ""Lien's Hotel Đà Lạt"", 'Thien Ly Hotel']"
Lien's Hotel Đà Lạt,"['M Hotel Đà Lạt', 'Be U Hotel', 'Changed Hotel 144', 'Ánh Phương Hotel Đà Lạt', 'New Sun Hotel Đà Lạt', 'Changed Hotel 157', 'SODA HOTEL', 'Jerry House Đà Lạt', 'Changed Hotel 28', 'DALAT STREAM HOTEL-Khách sạn đẹp Đà Lạt']"
Thung Lũng Xanh TQK Hotel,"['Changed Hotel 67', 'EX Villa Da Lat - View Thung Lũng Lãng Mạn', 'Changed Hotel 72', 'Changed Hotel 149', 'Thiên Trang Hotel Đà Lạt', 'Be U Hotel', 'An Garden Dalat', 'M Hotel Đà Lạt', 'Đà Lạt Thanh Xuân Boutique Hotel', 'Khách Sạn Tommy']"
An Nhi Hotel,"['Vân Nhi MTV Hotel', 'Changed Hotel 48', 'Changed Hotel 96', 'Seven A Hotel', ""La Pense'e Hotel - Dalat"", 'Changed Hotel 12', 'Be U Hotel', ""Q's House Dalat"", 'The Grace Hotel', 'ELC Dalat Hotel']"
Belle Amour Hotel,"['The Grace Hotel', 'Changed Hotel 38', 'Khanh Uyen 3 Hotel', 'Changed Hotel 81', 'SODA HOTEL', 'Pontus Hotel', 'Savio House', ""Lien's Hotel Đà Lạt"", 'The White Delux Hotel', 'Changed Hotel 20']"
Now Home Dalat,"['Daruma Home', 'Changed Hotel 79', 'Changed Hotel 156', 'Changed Hotel 155', 'Ngọc Nguyên Homestay', 'Queen T&T Dalat Hotel', 'TTR Central Apart Hotel', 'Cherry Suites Dalat', 'Moc Thach Blue House DaLat', ""Q's House Dalat""]"
River Park Hotel Dalat,"['G House Da Lat', 'An Garden Dalat', 'Arapang Hotel 2', 'Changed Hotel 108', 'Changed Hotel 3', 'Be U Hotel', 'Torino Hotel Dalat', 'Arapang 3 Hotel', 'Q-Center Dalat', 'Changed Hotel 36']"
DALAT STREAM HOTEL-Khách sạn đẹp Đà Lạt,"['Khách sạn Hải Hoa Đà Lạt', 'Nhà An Đà Lạt Hotel - Khách sạn mới xây rất đẹp', 'Changed Hotel 89', 'Changed Hotel 52', 'M Hotel Đà Lạt', '688 Hotel Đà Lạt', 'Changed Hotel 15', 'Khách Sạn Tommy', 'Jerry House Đà Lạt', 'Ánh Phương Hotel Đà Lạt']"
An Garden Dalat,"['Changed Hotel 38', 'Arya Dalat Hotel', 'Arapang 3 Hotel', 'Changed Hotel 84', 'Khách Sạn Tommy', 'Khanh Uyen 1 Hotel', 'Duy Vinh Hotel Dalat', 'Changed Hotel 163', ""La Pense'e Hotel - Dalat"", 'Greenview Dalat']"
Duy Vinh Hotel Dalat,"['Be U Hotel', 'M Hotel Đà Lạt', ""Lien's Hotel Đà Lạt"", 'Changed Hotel 96', 'Ánh Phương Hotel Đà Lạt', 'Changed Hotel 60', 'SODA HOTEL', 'Changed Hotel 61', 'Greenview Dalat', 'Hạ Na Hotel Đà Lạt']"
Thanh Anh 2 Hotel - Gần Chợ Đêm Đà Lạt,"['Thanh Thanh Hotel', ""Lien's Hotel Đà Lạt"", 'M Hotel Đà Lạt', 'Changed Hotel 161', 'Ánh Phương Hotel Đà Lạt', 'Lan Anh Hotel', 'Hạ Na Hotel Đà Lạt', 'Changed Hotel 103', ""La Pense'e Hotel - Dalat"", 'Changed Hotel 157']"
Tuyet Mai Hotel,"['Huong Mai Hotel', 'An Mai Boutique Hotel', 'Mai Hoang Da Lat Hotel', 'The Morris Dalat Hotel', 'Changed Hotel 63', 'Changed Hotel 159', 'Lilly Hotel Dalat', 'Arapang Hotel 2', 'Be U Hotel', 'Changed Hotel 96']"
M Hotel Đà Lạt 1,"['Changed Hotel 11', 'M Hotel Đà Lạt', 'Changed Hotel 96', 'DALAT STREAM HOTEL-Khách sạn đẹp Đà Lạt', 'Europa Hotel', 'The Luxe Da Lat', 'Dalat Eco Hotel', 'Changed Hotel 9', 'Chau Ngân An Hotel Dalat 1', 'Moc Thach Hostel Dalat 1']"
Dat Thien An Hotel 1,"['Changed Hotel 133', 'Khanh Uyen 1 Hotel', 'Interstella Hotel', 'Lovely House 1', 'Dat Thien An Hotel', 'G House Da Lat', 'Arapang 3 Hotel', 'Changed Hotel 38', 'Changed Hotel 81', 'An Garden Dalat']"
The L'anmien - Villa T89,"['Changed Hotel 161', 'Changed Hotel 171', ""Lien's Hotel Đà Lạt"", 'Changed Hotel 38', 'An Garden Dalat', 'Duy Vinh Hotel Dalat', 'Hoàng Yến Villa Dalat', 'Dalat Boutique Hotel', 'M Hotel Đà Lạt', 'Raon Villa - STAY 24H']"
Anh Duc Da Lat Hotel,"['Changed Hotel 38', 'G House Da Lat', 'Lan Anh Hotel', ""Lien's Hotel Đà Lạt"", 'Ngoc Nguyen Anh Da Lat', 'Duy Vinh Hotel Dalat', 'Changed Hotel 108', 'Changed Hotel 70', 'M Hotel Đà Lạt', 'Khanh Uyen 1 Hotel']"
Dalat Terrasse Des Roses Villa,"['Changed Hotel 131', 'Hong Mon Villa', 'Lovely House', 'An Garden Dalat', 'Royal Dalat Hotel', 'G House Da Lat', 'An Mai Boutique Hotel', 'Changed Hotel 71', 'Villa - Hotel Nam Khang 2 Dalat', 'Changed Hotel 3']"
Villa - Hotel Nam Khang 2 Dalat,"['Nam Xuan Premium Hotel', 'Be U Hotel', 'Changed Hotel 3', 'Khanh Uyen 3 Hotel', 'Changed Hotel 89', 'Raon Villa - STAY 24H', 'Dalat Serene Villa', 'Dalat Memory Inn', 'Changed Hotel 96', 'The Grace Hotel']"
HANZ Chuong Hotel Dalat,"['HANZ Bao Hoang Hotel', 'HANZ Pho Hoa Hotel', 'HouseChill Dalat Hotel', 'Changed Hotel 81', 'G House Da Lat', 'Khanh Uyen 3 Hotel', ""Lien's Hotel Đà Lạt"", 'Changed Hotel 61', 'Changed Hotel 117', 'Dalat Memory Inn']"
Đảo Hoa Dalat Hotel,"['Changed Hotel 131', 'HANZ Pho Hoa Hotel', 'Ngan Hoa - Mille Fleurs', 'Changed Hotel 157', 'Arapang Hotel 2', 'Pontus Hotel', 'Ngan Hoa - Mille Fleurs 02', 'Be U Hotel', 'Q-Center Dalat', 'Changed Hotel 3']"
Interstella Hotel,"['Tasme Hotel', 'Changed Hotel 38', 'Anh Duc Da Lat Hotel', 'Khanh Uyen 3 Hotel', 'Changed Hotel 49', 'Queen T&T Dalat Hotel', 'Arapang 3 Hotel', 'River Park Hotel Dalat', 'An Garden Dalat', 'Changed Hotel 85']"
Silent Night Dem Lanh Hotel,"['Sweet Lavender Hotel - Near Dalat Night Market', 'An Nhi Hotel', 'Dang Uyen 1 Hotel', 'Pontus Hotel', 'Changed Hotel 89', 'Be U Hotel', 'Arapang Hotel 2', 'Changed Hotel 69', 'Changed Hotel 84', 'The Grace Hotel']"
Omirita Resort Dalat,"['Love Hill Resort', 'Mercure Dalat Resort', ""The L'anmien - Villa T89"", 'Changed Hotel 96', 'Dalat Boutique Hotel', 'Duy Vinh Hotel Dalat', 'California Hotel', 'Changed Hotel 161', 'M Hotel Đà Lạt', 'Changed Hotel 38']"
Mercure Dalat Resort,"['Omirita Resort Dalat', 'Love Hill Resort', 'Changed Hotel 161', 'HouseChill Dalat Hotel', 'Huong Mai Hotel', 'Changed Hotel 38', 'Brick House Dalat Hotel', 'Le Marais Hotel Dalat', 'Nature Hotel', 'Changed Hotel 116']"
La Fleur 2 Luxury Garden Hotel,"['An Garden Dalat', ""La Pense'e Hotel - Dalat"", 'Phuong Vy Luxury Hotel', 'An Mai Boutique Hotel', 'Tasme Hotel', 'Be U Hotel', 'Changed Hotel 84', 'Changed Hotel 16', 'Huong Mai Hotel', 'Changed Hotel 136']"
Kings Hotel Dalat,"['Changed Hotel 38', 'G House Da Lat', 'Anh Duc Da Lat Hotel', 'M Hotel Đà Lạt', 'Changed Hotel 2', 'Changed Hotel 3', 'Duy Vinh Hotel Dalat', 'Queen T&T Dalat Hotel', 'An Mai Boutique Hotel', 'AN Boutique Hotel - STAY 24H']"
N'Queen Villa,"['Lavie Villa', 'LE CIMENT - Apartment Hotel', 'Changed Hotel 83', 'Changed Hotel 156', 'Ngan Pho Studio & Hotel', 'M Hotel Đà Lạt', 'Changed Hotel 117', 'ECOTIME Villa Da Lat', 'TTR Central Apart Hotel', 'Khách Sạn Đà Lạt View - Villa Đà Lạt']"
Dalat Paradise Hotel,"['Arapang 3 Hotel', 'Be U Hotel', 'Dalat Boutique Hotel', 'Le Marais Hotel Dalat', 'Brick House Dalat Hotel', 'Changed Hotel 131', 'Changed Hotel 117', 'Thien Ly Hotel', 'Changed Hotel 89', 'Marigold Hotel Dalat']"
An Mai Boutique Hotel,"['Changed Hotel 37', 'Lasol Boutique Hotel', 'Changed Hotel 151', 'Pontus Hotel', 'M Hotel Đà Lạt', 'Mai Hoang Da Lat Hotel', 'Changed Hotel 169', 'Le Soleil Boutique Hotel', ""Lien's Hotel Đà Lạt"", 'Tuyet Mai Hotel']"
Queen T&T Dalat Hotel,"['Changed Hotel 38', 'Nature Boutique Hotel', 'Arapang Hotel 2', ""Lien's Hotel Đà Lạt"", ""La Pense'e Hotel - Dalat"", 'HouseChill Dalat Hotel', 'Changed Hotel 69', 'White Horse Dalat Hotel', 'Changed Hotel 108', 'Anh Duc Da Lat Hotel']"
Moc Thach Hostel Dalat,"['Changed Hotel 149', 'BĂNG BĂNG HOSTEL', 'Seven A Hotel', 'Ánh Phương Hotel Đà Lạt', 'The Grace Hotel', 'Changed Hotel 131', 'Be U Hotel', 'Phuong Vy Hotel', 'Changed Hotel 96', 'Savio House']"
Lan Anh Hotel,"['The Morris Dalat Hotel', 'Anh Duc Da Lat Hotel', 'Changed Hotel 63', 'Changed Hotel 108', 'Changed Hotel 88', 'Thanh Anh 2 Hotel - Gần Chợ Đêm Đà Lạt', 'Xuan Cuong Hotel', 'Brick House Dalat Hotel', 'Ngoc Nguyen Anh Da Lat', 'Mai Hoang Da Lat Hotel']"
Khách Sạn Hưng Nguyên Valley ĐàLạt,"['Khách Sạn Tommy', 'DALAT STREAM HOTEL-Khách sạn đẹp Đà Lạt', 'Khách sạn Hải Hoa Đà Lạt', 'Be U Hotel', 'Changed Hotel 167', 'Khanh Uyen 1 Hotel', 'Changed Hotel 15', ""Lien's Hotel Đà Lạt"", 'Changed Hotel 96', '688 Hotel Đà Lạt']"
Savio House,"[""Q's House Dalat"", 'Ánh Phương Hotel Đà Lạt', 'Seven A Hotel', ""Lien's Hotel Đà Lạt"", 'M Hotel Đà Lạt', 'Changed Hotel 97', 'Pontus Hotel', 'Changed Hotel 38', 'Changed Hotel 161', 'The Grace Hotel']"
White Horse 24A Hotel,"['Changed Hotel 49', 'The White Delux Hotel', 'SODA HOTEL', ""La Pense'e Hotel - Dalat"", 'Be U Hotel', ""Lien's Hotel Đà Lạt"", 'Khanh Uyen 1 Hotel', 'Q-Center Dalat', 'Changed Hotel 48', 'Changed Hotel 161']"
Hodota The Blessed Virgin Dalat,"['Changed Hotel 38', ""Lien's Hotel Đà Lạt"", 'Changed Hotel 96', ""La Pense'e Hotel - Dalat"", 'Pontus Hotel', 'Arapang Hotel 2', 'Ánh Phương Hotel Đà Lạt', 'Changed Hotel 97', 'M Hotel Đà Lạt', 'Arya Dalat Hotel']"
Cherry Suites Dalat,"[""Lien's Hotel Đà Lạt"", 'An Garden Dalat', 'Nấp ở TEEPEE homestay', 'Changed Hotel 38', 'Changed Hotel 84', ""La Pense'e Hotel - Dalat"", 'Da Lat Lemongrass - Đà Lạt Sả', 'G House Da Lat', 'Royal Dalat Hotel', 'Changed Hotel 74']"
Moc Thach Hostel Dalat 1,"['Changed Hotel 154', 'The Grace Hotel', 'Changed Hotel 144', 'Thanh Anh 2 Hotel - Gần Chợ Đêm Đà Lạt 1', 'Seven A Hotel', 'Changed Hotel 118', 'Savio House', 'Lovely House 1', 'Đà Lạt Thanh Xuân Boutique Hotel', 'Phuong Vy Hotel']"
Thiên Trang Hotel Đà Lạt,"[""Lien's Hotel Đà Lạt"", '688 Hotel Đà Lạt', 'M Hotel Đà Lạt', 'Changed Hotel 163', 'Changed Hotel 44', 'Hạ Na Hotel Đà Lạt', 'Changed Hotel 52', 'Khách sạn Hải Hoa Đà Lạt', 'DALAT STREAM HOTEL-Khách sạn đẹp Đà Lạt', 'New Sun Hotel Đà Lạt']"
New Life Hotel - Da Lat,"['New Sun Hotel Đà Lạt', 'Changed Hotel 70', 'Changed Hotel 103', 'Interstella Hotel', ""La Pense'e Hotel - Dalat"", 'Le Soleil Boutique Hotel', 'Huong Mai Hotel', 'G House Da Lat', 'An Garden Dalat', 'Changed Hotel 117']"
The Grace Hotel,"['Changed Hotel 80', 'Seven A Hotel', '688 Hotel Đà Lạt', 'Changed Hotel 38', 'Arapang Hotel 2', 'Q-Center Dalat', 'Changed Hotel 48', 'Phuong Vy Hotel', ""Lien's Hotel Đà Lạt"", 'Hạ Na Hotel Đà Lạt']"
Lasol Boutique Hotel,"['Dalat Boutique Hotel', 'An Mai Boutique Hotel', 'Changed Hotel 169', 'Le Soleil Boutique Hotel', 'Changed Hotel 41', 'Changed Hotel 38', 'AN Boutique Hotel - STAY 24H', '688 Hotel Đà Lạt', 'An Garden Dalat', 'Tasme Hotel']"
Hong Mon Villa,"['Changed Hotel 104', 'Du Parc Hotel Dalat', 'Changed Hotel 42', 'An Garden Dalat', ""The L'anmien - Villa T89"", 'ECOTIME Villa Da Lat', 'Be U Hotel', 'Green Meadow Dalat Hotel & Villa', 'Changed Hotel 171', 'Bear Brick Villa']"
Q's House Dalat,"['Changed Hotel 161', 'Pontus Hotel', 'Arapang 3 Hotel', 'Savio House', 'Nhím House', 'Changed Hotel 96', 'Thien Ly Hotel', 'Changed Hotel 38', 'Dalat Boutique Hotel', 'SODA HOTEL']"
Cuong Thinh Homestay Camping & Coffee,"['Changed Hotel 166', 'Nấp ở TEEPEE homestay', 'Sally Villa Homestay', 'Xuan Cuong Hotel', 'Duong Xua Villa', 'Changed Hotel 124', 'Ngọc Nguyên Homestay', 'Moc Thach Blue House DaLat', 'An Garden Dalat', 'Changed Hotel 85']"
Thien Ly Hotel,"['Changed Hotel 57', 'Dat Thien An Hotel', 'Khanh Uyen 1 Hotel', 'Changed Hotel 96', ""Q's House Dalat"", 'Be U Hotel', 'Changed Hotel 69', 'Arapang Hotel 2', 'Tường Phương Hotel', 'Phuong Vy Luxury Hotel']"
Duong Xua Villa,"['Sally Villa Homestay', 'Changed Hotel 42', 'ECOTIME Villa Da Lat', 'Raon Villa - STAY 24H', 'An Garden Dalat', 'Da Lat Lemongrass - Đà Lạt Sả', 'Dalat Serene Villa', ""The L'anmien - Villa T89"", 'Changed Hotel 84', 'Changed Hotel 105']"
Ngọc Nguyên Homestay,"['Sally Villa Homestay', 'Changed Hotel 73', 'An Garden Dalat', 'Now Home Dalat', 'LE CIMENT - Apartment Hotel', 'Da Lat Lemongrass - Đà Lạt Sả', 'Changed Hotel 156', 'Be U Hotel', 'Khách Sạn Hưng Nguyên Valley ĐàLạt', 'Changed Hotel 42']"
Le Soleil Boutique Hotel,"['Dalat Boutique Hotel', 'An Mai Boutique Hotel', 'Be U Hotel', 'Lasol Boutique Hotel', 'Changed Hotel 41', 'An Garden Dalat', 'Le Marais Hotel Dalat', 'Changed Hotel 61', 'Tasme Hotel', 'Changed Hotel 32']"
Royal Palace,"['The Morris Dalat Hotel', 'Xuan Cuong Hotel', 'Changed Hotel 35', 'Be U Hotel', 'Changed Hotel 20', 'Mộc Yên Hotel', 'Lilly Hotel Dalat', 'Changed Hotel 151', ""Q's House Dalat"", 'An Garden Dalat']"
Hotel Du Lys,"['HouseChill Dalat Hotel', 'Changed Hotel 38', 'Changed Hotel 77', 'Changed Hotel 161', 'Duy Vinh Hotel Dalat', 'The White Delux Hotel', 'ELC Dalat Hotel', 'Q-Center Dalat', 'Arapang Hotel 2', 'River Park Hotel Dalat']"
Khách Sạn Tommy,"['Changed Hotel 96', 'Khách sạn Hải Hoa Đà Lạt', 'Arapang 3 Hotel', 'Be U Hotel', 'Ánh Phương Hotel Đà Lạt', 'DALAT STREAM HOTEL-Khách sạn đẹp Đà Lạt', 'Khanh Uyen 1 Hotel', 'Changed Hotel 131', 'Changed Hotel 133', ""Lien's Hotel Đà Lạt""]"
California Hotel,"['Be U Hotel', 'Changed Hotel 96', 'Tasme Hotel', ""La Pense'e Hotel - Dalat"", 'Dalat Boutique Hotel', ""Lien's Hotel Đà Lạt"", 'Changed Hotel 28', 'White Horse Dalat Hotel', 'M Hotel Đà Lạt', 'Changed Hotel 97']"
nhà cô Bông Đà Lạt,"['Changed Hotel 84', ""Lien's Hotel Đà Lạt"", 'Changed Hotel 167', 'Jerry House Đà Lạt', 'Hạ Na Hotel Đà Lạt', 'Changed Hotel 144', 'Ánh Phương Hotel Đà Lạt', 'ELC Dalat Hotel', 'New Sun Hotel Đà Lạt', 'DALAT STREAM HOTEL-Khách sạn đẹp Đà Lạt']"
Ngan Hoa - Mille Fleurs 02,"['Ngan Hoa - Mille Fleurs', 'Pontus Hotel', 'Đảo Hoa Dalat Hotel', 'Dalat Boutique Hotel', 'HANZ Pho Hoa Hotel', 'Changed Hotel 116', 'Changed Hotel 96', 'Changed Hotel 38', 'Hạ Na Hotel Đà Lạt', ""Q's House Dalat""]"
Love Hill Resort,"['Omirita Resort Dalat', 'Changed Hotel 111', 'Sunset Hill Dalat', 'Be U Hotel', 'Lan Anh Hotel', 'Changed Hotel 96', ""Lien's Hotel Đà Lạt"", 'Duy Vinh Hotel Dalat', 'M Hotel Đà Lạt', 'Changed Hotel 74']"
688 Hotel Đà Lạt,"[""Lien's Hotel Đà Lạt"", 'M Hotel Đà Lạt', 'Hạ Na Hotel Đà Lạt', 'Ánh Phương Hotel Đà Lạt', 'Changed Hotel 38', 'Khách sạn Hải Hoa Đà Lạt', 'Changed Hotel 44', 'Khanh Uyen 1 Hotel', 'DALAT STREAM HOTEL-Khách sạn đẹp Đà Lạt', 'Changed Hotel 45']"
The Windy BnB - Rollei Stories,"['Changed Hotel 96', 'Be U Hotel', 'Changed Hotel 91', 'M Hotel Đà Lạt', 'Greenview Dalat', 'Changed Hotel 163', 'Duy Vinh Hotel Dalat', ""La Pense'e Hotel - Dalat"", 'Hạ Na Hotel Đà Lạt', ""Lien's Hotel Đà Lạt""]"
Dahill 196 Dalat,"[""Lien's Hotel Đà Lạt"", 'Be U Hotel', 'Changed Hotel 84', 'An Garden Dalat', 'Changed Hotel 97', 'Changed Hotel 61', 'Q-Center Dalat', 'White Horse Dalat Hotel', 'Greenview Dalat', 'DALAMOON HOTEL']"
Ngoc Phat Dalat Hotel,"['Changed Hotel 54', 'Ngoc Nguyen Anh Da Lat', 'Kings Hotel Dalat', 'G House Da Lat', 'Dalat Terrasse Des Roses Villa', 'M Hotel Đà Lạt', 'Changed Hotel 89', 'An Mai Boutique Hotel', 'Changed Hotel 2', 'The Grace Hotel']"
The Luxe Da Lat,"['Đà Lạt Thanh Xuân Boutique Hotel', 'Changed Hotel 152', 'Nhím House 1', 'M Hotel Đà Lạt 1', 'Changed Hotel 154', 'Thanh Anh 2 Hotel - Gần Chợ Đêm Đà Lạt 1', 'Dalat Eco Hotel', 'An Garden Dalat', 'Changed Hotel 153', 'Le Marais Hotel Dalat']"
Moc Thach Blue House DaLat,"['Changed Hotel 118', 'Daruma Home', ""Q's House Dalat"", 'Đà Lạt Thanh Xuân Boutique Hotel', 'G House Da Lat', 'Savio House', 'Nhím House', 'Changed Hotel 96', 'Changed Hotel 38', 'Now Home Dalat']"
Ngan Hoa - Mille Fleurs 02 1,"['Sugar Land Villa Hotel', 'Changed Hotel 125', 'Pontus Hotel', 'Thung Lũng Xanh TQK Hotel 1', 'Nhím House 1', 'An Mai Boutique Hotel', 'Ngan Hoa - Mille Fleurs 02', 'Changed Hotel 131', 'Thung Lũng Xanh TQK Hotel', 'Changed Hotel 38']"
Huong Mai Hotel,"['An Mai Boutique Hotel', 'Mai Hoang Da Lat Hotel', 'Tuyet Mai Hotel', 'Changed Hotel 35', 'Changed Hotel 96', 'Tasme Hotel', 'Be U Hotel', 'G House Da Lat', 'Changed Hotel 81', 'Khanh Uyen 1 Hotel']"
Thung Lũng Xanh TQK Hotel 1,"['Sugar Land Villa Hotel', 'Đà Lạt Thanh Xuân Boutique Hotel', 'Changed Hotel 154', 'DALAT STREAM HOTEL-Khách sạn đẹp Đà Lạt', 'Khách Sạn Tommy', 'Nhà An Đà Lạt Hotel - Khách sạn mới xây rất đẹp', 'Ngan Hoa - Mille Fleurs 02 1', 'Khách sạn Hải Hoa Đà Lạt', 'Changed Hotel 148', 'Changed Hotel 75']"
Sugar Land Villa Hotel,"['Changed Hotel 86', 'Thung Lũng Xanh TQK Hotel 1', 'Đà Lạt Thanh Xuân Boutique Hotel', 'Dalat Eco Hotel', 'Changed Hotel 150', 'La Fleur Premium Central Apartment', 'Europa Hotel', 'Changed Hotel 139', 'Khách sạn Hải Hoa Đà Lạt', 'DALAT STREAM HOTEL-Khách sạn đẹp Đà Lạt']"
Europa Hotel,"['Đà Lạt Thanh Xuân Boutique Hotel', 'Moc Thach Hostel Dalat 1', 'DALAT STREAM HOTEL-Khách sạn đẹp Đà Lạt', 'Changed Hotel 152', 'Changed Hotel 167', 'Sugar Land Villa Hotel', 'Khách Sạn Tommy', 'Hoàng Gia Boutique Hotel', 'Thanh Anh 2 Hotel - Gần Chợ Đêm Đà Lạt 1', 'Changed Hotel 157']"
Eco Home Da Lat,"['GREENECO DA LAT HOTEL - Khách sạn Green Eco Đà Lạt', 'An Garden Dalat', 'Changed Hotel 84', 'Changed Hotel 38', ""Lien's Hotel Đà Lạt"", 'Tasme Hotel', 'ELC Dalat Hotel', 'Changed Hotel 97', 'SODA HOTEL', ""La Pense'e Hotel - Dalat""]"
TTR Studio Apart Hotel,"['Changed Hotel 18', 'TTR Moonstone Apart Hotel', 'Now Home Dalat', 'TTR Skyview Hotel', ""N'Queen Villa"", 'Ngan Pho Studio & Hotel', 'LE CIMENT - Apartment Hotel', 'TTR Vincent Hotel', 'Changed Hotel 135', 'Changed Hotel 149']"
Khách sạn Hải Hoa Đà Lạt,"['Changed Hotel 89', 'DALAT STREAM HOTEL-Khách sạn đẹp Đà Lạt', 'Changed Hotel 144', 'Khách Sạn Tommy', 'Ánh Phương Hotel Đà Lạt', 'M Hotel Đà Lạt', 'Hạ Na Hotel Đà Lạt', 'Changed Hotel 15', 'Khách Sạn Đà Lạt View - Villa Đà Lạt', 'Be U Hotel']"
OYO 1196 Le Vu Hotel,"['OYO 1195 Vu Thanh Hotel', 'Changed Hotel 39', 'Pontus Hotel', 'Dalat Boutique Hotel', 'Le Marais Hotel Dalat', 'Duy Vinh Hotel Dalat', 'Changed Hotel 38', 'The Grace Hotel', 'Changed Hotel 163', ""La Pense'e Hotel - Dalat""]"
Xuan Cuong Hotel,"['Changed Hotel 88', 'Be U Hotel', 'Khanh Uyen 1 Hotel', 'Changed Hotel 85', ""Lien's Hotel Đà Lạt"", 'Arapang 3 Hotel', 'Thien Ly Hotel', 'Mộc Yên Hotel', 'Changed Hotel 96', '688 Hotel Đà Lạt']"
Dang Uyen 1 Hotel,"['Changed Hotel 35', 'Khanh Uyen 1 Hotel', 'Dalat Boutique Hotel', 'Changed Hotel 38', ""Lien's Hotel Đà Lạt"", 'Hạ Na Hotel Đà Lạt', 'Changed Hotel 128', 'M Hotel Đà Lạt', 'Phuong Vy Hotel', 'Duy Vinh Hotel Dalat']"
G House Da Lat,"['Changed Hotel 131', 'Khanh Uyen 3 Hotel', 'Arapang Hotel 2', 'Changed Hotel 10', 'Khanh Uyen 1 Hotel', 'An Garden Dalat', ""La Pense'e Hotel - Dalat"", 'Be U Hotel', 'Changed Hotel 103', ""Lien's Hotel Đà Lạt""]"
Mai Hoang Da Lat Hotel,"['Huong Mai Hotel', 'Changed Hotel 116', 'Changed Hotel 38', ""Lien's Hotel Đà Lạt"", 'Duy Vinh Hotel Dalat', 'HANZ Bao Hoang Hotel', 'SODA HOTEL', 'M Hotel Đà Lạt', 'Tuyet Mai Hotel', 'Changed Hotel 70']"
Ánh Phương Hotel Đà Lạt,"[""Lien's Hotel Đà Lạt"", 'M Hotel Đà Lạt', 'Tường Phương Hotel', '688 Hotel Đà Lạt', 'Hạ Na Hotel Đà Lạt', 'Changed Hotel 38', 'Changed Hotel 96', 'Khách sạn Hải Hoa Đà Lạt', 'Changed Hotel 48', 'Duy Vinh Hotel Dalat']"
Tuan Thuy Hotel,"['Be U Hotel', ""Lien's Hotel Đà Lạt"", 'Arapang Hotel 2', '688 Hotel Đà Lạt', 'Khanh Uyen 1 Hotel', 'Changed Hotel 131', 'Changed Hotel 69', 'Changed Hotel 35', 'Arapang 3 Hotel', 'Thien Ly Hotel']"
Phuong Vy Hotel,"['Phuong Vy Luxury Hotel', 'Seven A Hotel', 'Changed Hotel 28', 'Ánh Phương Hotel Đà Lạt', 'Khanh Uyen 1 Hotel', 'Changed Hotel 128', 'Changed Hotel 73', 'Be U Hotel', 'Duy Vinh Hotel Dalat', ""Lien's Hotel Đà Lạt""]"
Da Lat Lemongrass - Đà Lạt Sả,"['Nấp ở TEEPEE homestay', 'Sally Villa Homestay', 'Cuong Thinh Homestay Camping & Coffee', 'Cherry Suites Dalat', 'G House Da Lat', ""La Pense'e Hotel - Dalat"", 'Ngọc Nguyên Homestay', 'Changed Hotel 96', 'Changed Hotel 29', 'Changed Hotel 89']"
Nhà An Đà Lạt Hotel - Khách sạn mới xây rất đẹp,"['Changed Hotel 95', 'Khách sạn Hải Hoa Đà Lạt', '688 Hotel Đà Lạt', 'Khách Sạn Đà Lạt View - Villa Đà Lạt', 'Changed Hotel 89', 'M Hotel Đà Lạt', 'Changed Hotel 141', 'GREENECO DA LAT HOTEL - Khách sạn Green Eco Đà Lạt', 'Hạ Na Hotel Đà Lạt', 'Khách Sạn Tommy']"
Thanh Anh 2 Hotel - Gần Chợ Đêm Đà Lạt 1,"['The Morris Dalat Hotel', 'Moc Thach Hostel Dalat 1', 'Thanh Anh 2 Hotel - Gần Chợ Đêm Đà Lạt', 'Mộc Yên Hotel', 'Changed Hotel 154', 'Lan Anh Hotel', 'Sugar Land Villa Hotel', 'Changed Hotel 88', 'Xuan Cuong Hotel', 'Changed Hotel 137']"
Hoàng Gia Boutique Hotel,"['Changed Hotel 37', 'An Mai Boutique Hotel', 'Changed Hotel 129', 'Pontus Hotel', ""Lien's Hotel Đà Lạt"", 'AN Boutique Hotel - STAY 24H', 'Be U Hotel', 'Changed Hotel 83', ""Q's House Dalat"", 'Nature Boutique Hotel']"
OYO 1195 Vu Thanh Hotel,"['Changed Hotel 158', 'Thanh Thanh Hotel', 'The Grace Hotel', 'Seven A Hotel', 'Pontus Hotel', 'Changed Hotel 37', 'An Mai Boutique Hotel', 'Ánh Phương Hotel Đà Lạt', 'Thanh Anh 2 Hotel - Gần Chợ Đêm Đà Lạt', 'Changed Hotel 129']"
Dalat Serene Villa,"[""Lien's Hotel Đà Lạt"", 'Arapang 3 Hotel', 'Be U Hotel', 'M Hotel Đà Lạt', 'Changed Hotel 69', 'Pontus Hotel', 'Changed Hotel 102', 'Changed Hotel 31', 'Raon Villa - STAY 24H', 'Duy Vinh Hotel Dalat']"
BĂNG BĂNG HOSTEL,"['Changed Hotel 118', 'Be U Hotel', 'Changed Hotel 96', 'Duy Vinh Hotel Dalat', 'M Hotel Đà Lạt', ""La Pense'e Hotel - Dalat"", 'Ánh Phương Hotel Đà Lạt', ""Lien's Hotel Đà Lạt"", 'Changed Hotel 73', 'Hạ Na Hotel Đà Lạt']"
ECOTIME Villa Da Lat,"['Changed Hotel 42', 'Dalat Serene Villa', 'Himalaya Phoenix Dalat Hotel', ""N'Queen Villa"", 'Changed Hotel 102', 'Duong Xua Villa', 'Changed Hotel 73', 'Green Meadow Dalat Hotel & Villa', 'Hoàng Yến Villa Dalat', 'Duy Vinh Hotel Dalat']"
Vân Nhi MTV Hotel,"['An Nhi Hotel', 'Changed Hotel 38', 'The White Delux Hotel', 'Khanh Uyen 3 Hotel', ""Lien's Hotel Đà Lạt"", 'Dalat Memory Inn', 'Duy Vinh Hotel Dalat', 'Changed Hotel 84', 'Arapang Hotel 2', 'Changed Hotel 131']"
