Hotel Name,Recommendations
DMZ Hostel,"['Amy Hostel Hue', 'Chi Homestay #4', 'Bonjour Hostel', 'Maily Hostel', 'Stop and Go Boutique Homestay Hue', 'Changed Hotel 87', 'KLy Hotel', 'Changed Hotel 213', 'Changed Hotel 203', 'KLy Apartment Hotel']"
Purple Hue Central Hub,"['Stop and Go Boutique Homestay Hue', 'Hue Railway Hotel', 'The Purple Hue Homestay', 'Changed Hotel 32', 'Changed Hotel 203', 'Hue 1962 INN', 'STAY HUE HOTEL', 'Hue Golden Inn Hotel', 'KLy Apartment Hotel', 'Changed Hotel 49']"
Saphia Hotel Huế (sapphire Hotel 2),"['Sapphire Hotel Hue', 'Sapphire HOTEL HUE', 'Huế thương Hotel', 'Ngọc Bích Home (Sapphire Hotel Hue 2)', 'Lum Dong Tien Hotel', 'The Times Hotel', 'Changed Hotel 163', 'Changed Hotel 201', 'Changed Hotel 183', 'Khách sạn Huế thơ']"
Sapphire HOTEL HUE,"['Changed Hotel 14', 'Ngọc Bích Home (Sapphire Hotel Hue 2)', 'Saphia Hotel Huế (sapphire Hotel 2)', 'Vina Spa Hotel', 'SALA HOTEL HUE', 'Vina Hotel Hue', 'Changed Hotel 183', 'Hue Classic Hotel', 'Gardenia Hue Hotel', 'Changed Hotel 111']"
Kha Hotel,"['Changed Hotel 22', 'Changed Hotel 79', 'Hue Lotus Homestay', 'Charming Riverside Hotel', 'Sapphire HOTEL HUE', 'Changed Hotel 0', 'Hue Railway Hotel', 'Chi Homestay #4', 'Sunny A Hotel', 'Hue thuong hotel']"
Hue Nino Hotel,"['Star Binh Duong Hotel', 'Changed Hotel 14', 'Changed Hotel 143', 'Sunny A Hotel', 'Changed Hotel 104', 'Alba Hotel', 'Sapphire HOTEL HUE', 'Hue Classic Hotel', 'STAY HUE HOTEL', 'Moonlight Hotel Hue']"
Sunny B Hotel,"['Sunny A Hotel', 'Changed Hotel 258', 'Ruby Bistro Hotel', 'Changed Hotel 39', 'Hue Classic Hotel', 'Thien Phu Hotel', 'Changed Hotel 183', 'Sapphire HOTEL HUE', 'STAY HUE HOTEL', 'Casablanca Hotel']"
Sunny A Hotel,"['Dong Loi Hotel', 'Hue Royal Hotel', 'Sunny B Hotel', 'Maison Vu Tri Vien', 'Changed Hotel 38', 'Changed Hotel 13', 'Than Thien - Friendly Hotel', 'Golden Star Hotel', 'Changed Hotel 139', 'Hong Thien Ruby Hotel']"
Melia Vinpearl Hue,"['Sapphire Hotel Hue', 'White Lotus Hue Hotel', 'Sapphire HOTEL HUE', 'Changed Hotel 79', 'Millennium Hue Hotel', 'Vina Spa Hotel', 'Stop and Go Boutique Homestay Hue', 'Changed Hotel 97', 'Hue Full House Homestay 2', 'Changed Hotel 73']"
DMZ Hotel,"['Changed Hotel 0', 'Changed Hotel 39', 'Bao Minh Hotel', 'Star Binh Duong Hotel', 'ÊMM Hotel Hue', 'Changed Hotel 62', 'Moonlight Hotel Hue', 'Ngoc Binh Hotel', 'Sunny B Hotel', 'Golden Star Hotel']"
Tò Vò Hostel Huế,"['Changed Hotel 169', 'Changed Hotel 151', 'Amy Hostel Hue', 'SOLEIL HOSTEL', 'Maily Hostel', 'DMZ Hostel', 'AnAn Homestay Huế', 'Lullaby homestay', 'Rubis Hostel', 'Changed Hotel 95']"
The Sunriver Boutique Hotel Hue,"['Changed Hotel 138', 'Changed Hotel 107', 'Star Binh Duong Hotel', 'Changed Hotel 62', 'Hue Four Seasons Hotel', 'Thuy Duong Boutique Hotel Hue', 'Villa Hue Hotel', 'Stop and Go Boutique Homestay Hue', 'ÊMM Hotel Hue', ""Spatel d'Annam - Imperial Boutique Spa & Hotel""]"
Ken and Pi Hostel,"['Rubis Hostel', 'Binh An Hostel', 'Chi Homestay #4', 'Changed Hotel 86', 'Changed Hotel 199', 'Bonjour Hostel', 'Changed Hotel 210', 'DMZ Hostel', 'SUN HOTEL', 'Pao Hotel']"
Casablanca Hotel,"['Hong Thien Ruby Hotel', 'Sunny A Hotel', 'Than Thien - Friendly Hotel', 'Hue Royal Hotel', 'Changed Hotel 269', 'STAY HUE HOTEL', 'Jade Hotel', 'Changed Hotel 90', 'Changed Hotel 159', 'Vina Hotel Hue']"
Sapphire Hotel Hue,"['Sapphire HOTEL HUE', 'Saphia Hotel Huế (sapphire Hotel 2)', 'Changed Hotel 45', 'Millennium Hue Hotel', 'Changed Hotel 97', 'SALA HOTEL HUE', 'Changed Hotel 112', 'Stop and Go Boutique Homestay Hue', 'THẢO AN HOTEL Huế', 'Hue Railway Hotel']"
HueNam Residence,"['D & A Homestay Hue', 'Changed Hotel 49', 'Lama Homestay', 'Changed Hotel 187', 'KING HOMESTAY', 'Le Home', 'Timothy Homestay Hue', 'Golden Star Villa Hue', 'Changed Hotel 55', 'The Purple Hue Homestay']"
Than Thien - Friendly Hotel,"['TRUONG TIEN HOTEL', 'Casablanca Hotel', 'Changed Hotel 7', 'Thien Phu Hotel', 'Hue Royal Hotel', 'Changed Hotel 89', 'Jade Hotel', 'Hong Thien Ruby Hotel', 'Sapphire HOTEL HUE', 'Changed Hotel 156']"
Son Bungalow Retreat,"['Changed Hotel 267', 'Changed Hotel 273', 'Hue Lotus Homestay', 'The Purple Hue Homestay', 'Chi Homestay #4', 'Changed Hotel 123', 'SUN HOTEL', 'Quang Homestay', 'Lullaby homestay', 'THẢO AN HOTEL Huế']"
Shark Homestay,"['Changed Hotel 100', 'Full House Homestay', 'D & A Homestay Hue', 'Changed Hotel 239', 'LaLa Homestay', 'Leranda Homestay', 'Lama Homestay', 'Changed Hotel 197', 'Chi Homestay #4', 'The Dreamers Homestay']"
Happy House Homestay,"['Happy House Homestay 1', 'Full House Homestay', 'Changed Hotel 109', 'Hue Full House Homestay 2', 'Changed Hotel 84', 'The Sun Homestay', 'Soleil House', 'Changed Hotel 95', 'AN HOMESTAY HUE', ""Kota's House Homestay""]"
Hue Pink Lotus Hotel,"['Hue Lotus Homestay', 'White Lotus Hue Hotel', 'Changed Hotel 3', 'SUN HOTEL', 'STAY HUE HOTEL', 'Changed Hotel 150', 'Changed Hotel 158', 'Gardenia Hue Hotel', 'Charming Riverside Hotel', 'Jade Scene Hotel']"
Jade Scene Hotel,"['Jade Hotel', 'Sapphire HOTEL HUE', 'Hue Lotus Homestay', 'SEA HOMESTAY', 'Lum Dong Tien Hotel', 'Changed Hotel 204', 'New World Hotel', 'Vina Spa Hotel', 'Changed Hotel 101', 'Changed Hotel 73']"
Amona Hotel,"['Changed Hotel 37', 'Kha Hotel', 'STAY HUE HOTEL', 'Hue Lotus Homestay', 'Sapphire HOTEL HUE', 'THẢO AN HOTEL Huế', 'Vina Hotel Hue', 'Life Boutique Hotel', 'Changed Hotel 183', 'Changed Hotel 169']"
Gardenia Hue Hotel,"['Changed Hotel 3', 'Vina Spa Hotel', 'TRUONG TIEN HOTEL', 'Vina Hotel Hue', 'Changed Hotel 58', 'STAY HUE HOTEL', 'THẢO AN HOTEL Huế', 'Jasmine Mini Hotel', 'Changed Hotel 169', 'KLy Hotel']"
Soleil House,"['SOLEIL HOSTEL', 'Full House Homestay', 'Hue Full House Homestay 2', 'Changed Hotel 239', 'Changed Hotel 19', 'Ivy house', 'Changed Hotel 260', 'Le House Villa', 'ANH’s HOUSE', 'HOUSE OF LÝ']"
Jade Hotel,"['Jade Scene Hotel', 'Charming Riverside Hotel', 'Bien Khoi Mini Hotel', 'SUN HOTEL', 'Hue Railway Hotel', 'Changed Hotel 201', 'Thien Phu Hotel', 'Changed Hotel 140', 'Valentino Homestay', 'Changed Hotel 3']"
Khách sạn Huế thơ,"['Huế Thơ Homestay', 'Laurel Huế Hotel (Khách sạn Laurel Huế)', 'Huế thương Hotel', 'Full House Homestay', 'Sapphire Hotel Hue', 'Changed Hotel 244', 'Huethuonghotel 1', 'Changed Hotel 206', 'Millennium Hue Hotel', 'Changed Hotel 239']"
Soleil House 1,"['Duy Tan 2 Hotel 5', 'Leranda Homestay 10', 'The Light Homestay 6', 'Phòng đơn - 1 4', ""Kota's House Homestay 7"", 'The Light Homestay 7', 'Changed Hotel 339', 'Changed Hotel 26', 'Changed Hotel 202', 'The Light Homestay 3']"
SOLEIL HOSTEL,"['Changed Hotel 24', 'Changed Hotel 169', 'Amy Hostel Hue', 'Bonjour Hostel', 'Rubis Hostel', 'Maily Hostel', 'Changed Hotel 260', 'DMZ Hostel', 'Tò Vò Hostel Huế', 'D & A Homestay Hue']"
Hong Thien Ruby Hotel,"['Changed Hotel 101', 'Casablanca Hotel', 'Ruby Bistro Hotel', 'Thien Phu Hotel', 'Than Thien - Friendly Hotel', 'STAY HUE HOTEL', 'Changed Hotel 7', 'Changed Hotel 262', 'Hue Railway Hotel', 'Vina Hotel Hue']"
Timothy Homestay Hue,"['Changed Hotel 215', 'Hue Eco Homestay', 'The Purple Hue Homestay', 'Lama Homestay', 'The Sun Homestay', 'Metta Homestay Hue', 'Changed Hotel 255', 'KING HOMESTAY', 'Changed Hotel 116', 'SEVEN HOMESTAY(HUE)']"
Vina Spa Hotel,"['Vina Hotel Hue', 'Changed Hotel 168', 'Sapphire HOTEL HUE', 'THẢO AN HOTEL Huế', 'Changed Hotel 150', 'SALA HOTEL HUE', 'STAY HUE HOTEL', 'Changed Hotel 23', 'SUN HOTEL', 'Hue Classic Hotel']"
Vina Hotel Hue,"['Vina Spa Hotel', 'Vina Spa Hotel Huế', 'Hue Railway Hotel', 'Sapphire HOTEL HUE', 'Changed Hotel 37', 'Hue Golden Inn Hotel', 'Hong Thien 1 Hotel', 'Changed Hotel 87', 'Changed Hotel 112', 'Hue Classic Hotel']"
New World Hotel,"['Sapphire HOTEL HUE', 'Jade Scene Hotel', 'Changed Hotel 111', 'Huethuonghotel 1', 'Sapphire Hotel Hue', 'Vina Hotel Hue', 'Changed Hotel 262', 'Changed Hotel 101', 'SALA HOTEL HUE', 'SaLa Hotel']"
Hotel La Perle,"['Changed Hotel 143', 'Changed Hotel 32', 'Jade Hotel', 'Charming Riverside Hotel', 'Than Thien - Friendly Hotel', 'Sapphire HOTEL HUE', 'La Paix Hue', 'Hue Railway Hotel', 'Valentino Homestay', 'Changed Hotel 231']"
The Times Hotel,"['Changed Hotel 183', 'Changed Hotel 97', 'Changed Hotel 158', 'Sapphire HOTEL HUE', 'Sapphire Hotel Hue', 'Huethuonghotel 1', 'Jade Scene Hotel', 'SH Hotel', 'Thien Phu Hotel', 'Hong Thien 1 Hotel']"
Nana Homestay & Villa,"['Nana 2 Homestay', ""Q' Garden Villa Homestay"", 'Changed Hotel 239', 'Full House Homestay', 'Changed Hotel 95', 'Le House Villa', 'Lacasa Homestay', ""Q' Villa Garden Homestay"", 'Changed Hotel 215', 'An Thai Homestay Hue']"
Thien Phu Hotel,"['Changed Hotel 101', 'Hue Railway Hotel', 'Rang Dong Hue Hotel', 'Vina Hotel Hue', 'Huethuonghotel 1', 'Jasmine Mini Hotel', 'Shine Hotel', 'Hue Golden Inn Hotel', 'Changed Hotel 196', 'Changed Hotel 112']"
Canary Boutique Hotel,"['Sunny A Hotel', 'Changed Hotel 269', 'Changed Hotel 143', 'Changed Hotel 13', 'Golden Star Hotel', 'Hong Thien Ruby Hotel', 'Than Thien - Friendly Hotel', 'Canary Hotel Hue', 'Thanh Huong Homestay', 'Villa Hue Hotel']"
Alba Hotel,"['Changed Hotel 258', 'Changed Hotel 224', 'Ruby Bistro Hotel', 'Changed Hotel 62', 'ÊMM Hotel Hue', 'Moonlight Hotel Hue', 'Sapphire Hotel Hue', 'Alba Spa Hotel', 'Jasmine Hotel', 'Phong Nha Hotel']"
Đức Lộc Hotel,"['SUN HOTEL', 'Hue Classic Hotel', 'Changed Hotel 146', 'Changed Hotel 3', 'Hue Four Seasons Hotel', 'Vina Hotel Hue', 'Changed Hotel 112', 'Hue Railway Hotel', 'New World Hotel', 'Flora Hotel Hue']"
Amy Hue Hotel & Apartment,"['Amy Apartment Hue', 'Amy Hostel Hue', 'Changed Hotel 67', 'Sapphire HOTEL HUE', 'Changed Hotel 264', 'Chi Homestay Nera Garden Huế', 'Noric homestay', ""Q' Villa Garden Homestay"", 'SUN HOTEL', 'Changed Hotel 32']"
Nana 2 Homestay,"['Changed Hotel 36', 'Changed Hotel 215', 'The Purple Hue Homestay', 'Anna Homestay Hue', 'Full House Homestay', 'Changed Hotel 260', 'An Thai Homestay Hue', 'An Chi Homestay', 'Happy House Homestay', 'Lullaby homestay']"
Thuy Duong Boutique Hotel Hue,"['Binh Duong 2 Hotel', 'Star Binh Duong Hotel', 'Changed Hotel 11', 'Changed Hotel 179', 'Alba Hotel', 'Stop and Go Boutique Homestay Hue', 'Life Boutique Hotel', 'Changed Hotel 217', 'Victory Hotel', 'Hue Crown Boutique best hotel']"
Huethuonghotel,"['Changed Hotel 175', 'Huethuonghotel 1', 'Changed Hotel 206', 'KLy Hotel', 'Changed Hotel 67', 'Hue Railway Hotel', 'Hue Full House Homestay 2', 'Rang Dong Hue Hotel', 'Hue Golden Inn Hotel', 'Millennium Hue Hotel']"
Ngọc Bích Home (Sapphire Hotel Hue 2),"['Ngọc Bích Home Huế', 'Sapphire HOTEL HUE', 'Sapphire Hotel Hue', 'Changed Hotel 32', 'MUN HOMeSTAY 2', 'Hue Railway Hotel', 'Changed Hotel 203', 'Thien Phu Hotel', 'Saphia Hotel Huế (sapphire Hotel 2)', 'Changed Hotel 140']"
Eva Homestay,"['Changed Hotel 50', 'Changed Hotel 95', 'The Sun Homestay', 'D & A Homestay Hue', 'Be Them homestay', 'Hue Eco Homestay', 'Nemo Homestay', 'AnAn Homestay Huế', 'Changed Hotel 76', 'ANH’s HOUSE']"
Guest House Maika,"['Changed Hotel 93', 'Anh Ngoc Guesthouse', 'Changed Hotel 19', 'The Light Homestay', 'Changed Hotel 285', 'Soleil House', 'The Purple Hue Homestay', 'ANH’s HOUSE', 'Full House Homestay', 'Hue Full House Homestay 2']"
Na Hostel Hue,"['Na Homestay', 'Amy Hostel Hue', 'DMZ Hostel', 'Changed Hotel 80', 'Binh An Hostel', 'Huethuonghotel 1', 'Cherry Hotel Hue', 'Changed Hotel 210', 'Changed Hotel 84', 'Hue Full House Homestay 2']"
The Sun Homestay,"['D & A Homestay Hue', 'Be Them homestay', 'AnAn Homestay Huế', 'Changed Hotel 95', 'Nemo Homestay', 'Changed Hotel 111', 'Bluesea Homestay', 'Anna Homestay Hue', 'Changed Hotel 116', ""Q' Garden Villa Homestay""]"
EVA Hotel,"['Changed Hotel 46', 'The Sun Homestay', 'Be Them homestay', 'ANH’s HOUSE', 'Stop and Go Boutique Homestay Hue', 'TRUONG TIEN HOTEL', 'Changed Hotel 260', 'Changed Hotel 196', 'KLy Apartment Hotel', 'HOUSE OF LÝ']"
Phong Nha Hotel,"['Star Binh Duong Hotel', 'Alba Hotel', 'Ngoc Binh Hotel', 'Bao Minh Hotel', 'Changed Hotel 104', 'ÊMM Hotel Hue', 'Mondial Hotel', 'Changed Hotel 16', 'Changed Hotel 11', 'Victory Hotel']"
Nana Homestay & Villa 1,"['DKD TRIO Hotel 9', 'Binh Duong 2 Hotel 7', 'Duy Tan 2 Hotel 8', 'Changed Hotel 294', 'Le Home 6', 'Changed Hotel 309', 'DKD TRIO Hotel 5', 'Shark Home 2', 'The Light Homestay 6', 'Changed Hotel 291']"
Dory Homestay,"['The Purple Hue Homestay', 'Changed Hotel 49', ""Chi's Homestay & Coffee"", 'Nemo Homestay', 'Lama Homestay', 'Changed Hotel 279', 'Changed Hotel 166', 'D & A Homestay Hue', 'Hue Homestay Riverside', 'Hue Full House Homestay 2']"
Minh Tú Homestay,"['Changed Hotel 240', 'Changed Hotel 83', 'Hue Four Seasons Hotel', '5H homestay', 'Chi Homestay #4', 'STAY HUE HOTEL', 'Hue Full House Homestay 2', 'KLy Apartment Hotel', 'Stop and Go Boutique Homestay Hue', 'Changed Hotel 150']"
Nemo Homestay,"['D & A Homestay Hue', 'The Sun Homestay', 'The Purple Hue Homestay', 'Lam Garden Boutique Homestay', 'Xuka Homestay', 'Changed Hotel 164', 'Hue Homestay Riverside', 'Changed Hotel 61', 'Changed Hotel 232', 'KING HOMESTAY']"
SEVEN HOMESTAY(HUE),"['Changed Hotel 215', 'The Sun Homestay', ""Q' Garden Villa Homestay"", 'KING HOMESTAY', 'Hue Eco Homestay', 'Changed Hotel 135', 'Hue Homestay Riverside', 'Nemo Homestay', 'The Purple Hue Homestay', 'Changed Hotel 255']"
Pink Chill House,"['Be Them homestay', 'The Sun Homestay', 'Changed Hotel 75', 'Changed Hotel 203', 'D & A Homestay Hue', 'Hue Pink Lotus Hotel', 'HOUSE OF LÝ', 'Full House Homestay', 'The Light Homestay', 'Changed Hotel 260']"
Hue Four Seasons Hotel,"['STAY HUE HOTEL', 'Changed Hotel 111', 'Changed Hotel 201', 'SaLa Hotel', 'Hong Thien 1 Hotel', 'La Y Riverview', 'Changed Hotel 84', 'Gardenia Hue Hotel', 'Hue Railway Hotel', 'Sapphire Hotel Hue']"
Maison Vu Tri Vien,"['Changed Hotel 7', 'Hue Royal Hotel', 'Dong Loi Hotel', 'Hue Ecolodge', 'Changed Hotel 104', 'Than Thien - Friendly Hotel', 'Changed Hotel 38', 'Hy Vien Boutique and Garden', 'Casablanca Hotel', 'Alba Hotel']"
ChiChi House,"['Hue Full House Homestay 2', 'The Purple Hue Homestay', 'Lama Homestay', 'Changed Hotel 69', 'Full House Homestay', 'Timothy Homestay Hue', 'ANH’s HOUSE', 'Changed Hotel 279', 'Changed Hotel 19', 'KING HOMESTAY']"
Be Them homestay,"['Changed Hotel 49', 'Changed Hotel 95', 'D & A Homestay Hue', 'Lam Garden Boutique Homestay', 'Changed Hotel 116', 'Anna Homestay Hue', 'Chi Homestay #4', 'Lama Homestay', 'Bluesea Homestay', 'Tùng Homestay']"
Mondial Hotel,"['Jasmine Hotel', 'ÊMM Hotel Hue', 'Moonlight Hotel Hue', 'Changed Hotel 39', 'Huong Giang Hotel Resort & Spa', 'Midtown Hotel Hue', 'The Sunriver Boutique Hotel Hue', 'Changed Hotel 258', 'Changed Hotel 156', 'Imperial Hotel Hue']"
Orchid Riverside Villa,"['Shine Riverside Homestay', 'Spring Garden Villa', 'Hue Homestay Riverside', 'Golden Star Villa Hue', 'Changed Hotel 273', 'Changed Hotel 164', 'Changed Hotel 147', 'Charming Riverside Hotel', 'SaLa Hotel', 'Purple Hue - Charming Riverside']"
AnAn Homestay Huế,"['Changed Hotel 49', 'D & A Homestay Hue', 'Vina Spa Hotel Huế', 'Be Them homestay', 'Hue Full House Homestay 2', 'Changed Hotel 284', 'The Purple Hue Homestay', 'Huế Thơ Homestay', 'Changed Hotel 169', 'Phòng đơn - 1']"
Shine Riverside Homestay,"['Shine Hotel', 'Hue Homestay Riverside', 'Changed Hotel 215', 'Changed Hotel 63', 'Charming Riverside Hotel', 'The Sun Homestay', 'Changed Hotel 183', 'Jasmine Mini Hotel', 'Hue Classic Hotel', 'La Y Riverview']"
Chi Homestay Nera Garden Huế,"['Căn hộ khách sạn Nera garden Huế', 'Changed Hotel 249', 'Changed Hotel 283', 'Tom homestay, căn hộ Nera garden Huế', 'Căn Hộ ROLEX - Nera Garden Huế', 'Trungnamhomestay', 'Happiest Homestay 1 - Manor Crown Hue', 'Cam on home with swimming pool & gym room', 'KenKet house 1', 'Changed Hotel 71']"
KLy Apartment Hotel,"['Changed Hotel 196', 'Huethuonghotel 1', 'Hue Railway Hotel', 'Hue Golden Inn Hotel', 'Hue Full House Homestay 2', 'Huethuonghotel 2', 'Hue thuong hotel', 'Huethuonghotel', 'Changed Hotel 140', 'Changed Hotel 0']"
Tran Ly Hotel,"['Star Binh Duong Hotel', 'Changed Hotel 7', 'Changed Hotel 143', 'Song Huong Hue Hotel', 'Than Thien - Friendly Hotel', 'Changed Hotel 58', 'Sapphire HOTEL HUE', 'Millennium Hue Hotel', 'Victory Hotel', 'Cherry Hotel Hue']"
HOUSE OF LÝ,"['ANH’s HOUSE', 'Changed Hotel 203', 'Changed Hotel 49', 'Changed Hotel 93', 'D & A Homestay Hue', 'Be Them homestay', 'The Light Homestay', 'Lama Homestay', 'Metta Homestay Hue', 'Phòng đơn - 1']"
a-mâze house,"['Hue Full House Homestay 2', ""Q' Villa Garden Homestay"", 'Changed Hotel 169', 'Happy House Homestay', 'Changed Hotel 136', 'Changed Hotel 259', 'LaLa Homestay', 'Shark Homestay', 'Hue Lotus Homestay', 'Nemo Homestay']"
Amy Apartment Hue,"['Amy Hue Hotel & Apartment', 'Changed Hotel 241', 'LIMDIM HERE', 'Chi Homestay Nera Garden Huế', 'Trungnamhomestay', 'Noric homestay', 'Changed Hotel 199', 'Changed Hotel 61', 'KenKet house 1', 'Macramé Résidence']"
Golden Star Villa Hue,"['Hue Golden Inn Hotel', 'Changed Hotel 95', 'Golden Inn Hotel', ""Q' Garden Villa Homestay"", 'Be Them homestay', 'Spring Garden Villa', 'Changed Hotel 170', '3H Hue Oasis Retreat Villa', 'Changed Hotel 147', 'Pao Hotel']"
SALA HOTEL HUE,"['Changed Hotel 204', 'Sapphire HOTEL HUE', 'Changed Hotel 262', 'Sapphire Hotel Hue', 'SUN HOTEL', 'Vina Spa Hotel', 'Millennium Hue Hotel', 'STAY HUE HOTEL', 'Changed Hotel 32', 'Cherry Hotel Hue']"
Vietnam Backpacker Hostels - Hue,"['Changed Hotel 169', 'DMZ Hostel', 'Amy Hostel Hue', 'Changed Hotel 84', 'Hue Lotus Homestay', 'Rubis Hostel', 'Bonjour Hostel', 'Maily Hostel', 'Changed Hotel 222', 'KLy Apartment Hotel']"
ANH’s HOUSE,"['HOUSE OF LÝ', 'The Sun Homestay', 'Changed Hotel 238', 'Ivy house', 'Changed Hotel 170', 'Gia Anh Guesthouse', 'KING HOMESTAY', 'Changed Hotel 226', 'SUN HOTEL', 'KLy Hotel']"
Lullaby homestay,"['The Purple Hue Homestay', 'Changed Hotel 169', 'Changed Hotel 215', 'The Sun Homestay', 'Changed Hotel 255', ""Q' Villa Garden Homestay"", 'LaLa Homestay', 'Nana 2 Homestay', 'KING HOMESTAY', 'Eva Homestay']"
Vietnam Backpacker Hostels - Hue 1,"['Changed Hotel 181', 'Phòng đơn - 1 1', 'Duy Tan 2 Hotel 4', 'Le Home 7', 'Changed Hotel 102', 'a-mâze house 1', 'Le Home 4', 'Changed Hotel 4', 'Amy Hostel Hue 1', 'Noric homestay 7']"
Vedana Lagoon Resort & Spa,"['Pilgrimage Village Boutique Resort & Spa', 'Changed Hotel 173', 'KOBI Onsen Resort Hue', 'Alba Wellness Resort By Fusion', 'Changed Hotel 174', 'Huong Giang Hotel Resort & Spa', 'Moonlight Hotel Hue', 'Midtown Hotel Hue', 'Changed Hotel 130', 'Hue Ecolodge']"
TRUONG TIEN HOTEL,"['Sapphire HOTEL HUE', 'Sapphire Hotel Hue', 'KLy Hotel', 'Huethuonghotel 1', 'Gardenia Hue Hotel', 'Changed Hotel 201', 'Changed Hotel 183', 'Changed Hotel 101', 'New World Hotel', 'Jasmine Mini Hotel']"
Rang Dong Hue Hotel,"['Thien Phu Hotel', 'Changed Hotel 87', 'Hue Harmony Hotel', 'KLy Hotel', 'STAY HUE HOTEL', 'Cherry Hotel Hue', 'Changed Hotel 206', 'Hue Railway Hotel', 'Changed Hotel 32', 'Hue Classic Hotel']"
DMZ Hostel 1,"['Shark Home 2', 'Leranda Homestay 9', 'Duy Tan 2 Hotel 2', 'The Light Homestay 9', 'Changed Hotel 340', 'Changed Hotel 344', 'DKD TRIO Hotel 5', 'Binh Duong 2 Hotel 7', 'Changed Hotel 128', 'DKD TRIO Hotel 7']"
NANO ECO-HOSTEL,"['Hue Eco Homestay', 'Amy Hostel Hue', 'Chi Homestay #4', 'Changed Hotel 210', 'Changed Hotel 151', 'Changed Hotel 0', 'Hue Lotus Homestay', 'Rubis Hostel', 'SOLEIL HOSTEL', 'Stop and Go Boutique Homestay Hue']"
Minh Tam Guesthouse,"['Thanh An 3 Guesthouse', 'Changed Hotel 238', 'Thanh An 2 Guesthouse', 'Changed Hotel 203', 'KLy Apartment Hotel', 'Changed Hotel 211', 'Cat An Guesthouse', 'The Light Homestay', 'Minh Tú Homestay', 'Ivy house']"
Stop and Go Boutique Homestay Hue,"['Hue Full House Homestay 2', 'Changed Hotel 215', 'The Purple Hue Homestay', 'DMZ Hostel', 'Chi Homestay #4', 'Sapphire Hotel Hue', 'Changed Hotel 49', 'Changed Hotel 87', 'Happy House Homestay', 'Maily Hostel']"
La Y Riverview,"['Hue Four Seasons Hotel', 'Changed Hotel 103', 'Shine Riverside Homestay', 'Changed Hotel 79', 'Vina Hotel Hue', 'La Paix Hue', 'KLy Hotel', 'SaLa Hotel', 'Changed Hotel 169', 'STAY HUE HOTEL']"
Hue Harmony Hotel,"['Changed Hotel 203', 'KLy Hotel', 'Changed Hotel 80', 'Pao Hotel', 'Huethuonghotel 1', 'Changed Hotel 200', 'Thien Phu Hotel', 'KLy Apartment Hotel', 'Hướng Dương hotel', 'Huethuonghotel 2']"
Huethuonghotel 1,"['Changed Hotel 44', 'Huethuonghotel 2', 'Hue thuong hotel', 'KLy Hotel', 'Hue Full House Homestay 2', 'Changed Hotel 67', 'Rang Dong Hue Hotel', 'Hue Golden Inn Hotel', 'Thien Phu Hotel', 'Changed Hotel 240']"
Huế thương Hotel,"['Hue thuong hotel', 'THẢO AN HOTEL Huế', 'Huethuonghotel 1', 'Changed Hotel 80', 'Saphia Hotel Huế (sapphire Hotel 2)', 'Cherry Hotel Hue', 'Thien Phu Hotel', 'Changed Hotel 240', 'Changed Hotel 183', 'Khách sạn Huế thơ']"
ÊMM Hotel Hue,"['Hue Four Seasons Hotel', 'Mondial Hotel', 'Changed Hotel 108', 'STAY HUE HOTEL', 'Huong Giang Hotel Resort & Spa', 'Changed Hotel 16', 'Alba Hotel', 'Saigon Morin Hotel', 'Changed Hotel 265', 'Moonlight Hotel Hue']"
Villa Hue Hotel,"['Changed Hotel 269', 'Changed Hotel 143', 'Midtown Hotel Hue', 'Casablanca Hotel', 'Jasmine Hotel', 'ÊMM Hotel Hue', 'Ngoc Binh Hotel', 'Changed Hotel 105', 'Song Huong Hue Hotel', 'Sunny A Hotel']"
VIỆT Hostel,"['Phòng đơn - 1 7', 'Changed Hotel 251', 'Nhu Hien Hotel 8', 'SEA HOMESTAY 1', 'Changed Hotel 369', 'Phòng đơn - 1 5', ""Kota's House Homestay 4"", 'Changed Hotel 349', 'Binh Duong 2 Hotel 1', 'Phòng đơn - 1 9']"
Pinehill Tu Hieu Hue Homestay,"[""Q' Garden Villa Homestay"", 'Thien An Pine Hill Homestay Hue', 'Metta Homestay Hue', 'SEVEN HOMESTAY(HUE)', 'Changed Hotel 214', 'D & A Homestay Hue', 'Hue Eco Homestay', 'Changed Hotel 190', 'LIMDIM HERE', 'Changed Hotel 203']"
Ivy house,"['Changed Hotel 284', 'Phòng đơn - 1', 'Changed Hotel 221', 'Hue Full House Homestay 2', 'Happy House Homestay 1', 'Anh Ngoc Guesthouse', 'Guest House Maika', 'HOUSE OF LÝ', 'KenKet house', 'Changed Hotel 75']"
Thai Binh II Hotel,"['Binh Duong 2 Hotel', 'An Thai Homestay Hue', 'Changed Hotel 258', 'Changed Hotel 115', 'Midtown Hotel Hue', 'Golden Star Hotel', 'Bao Minh Hotel', 'Moonlight Hotel Hue', 'Changed Hotel 39', 'Binh An Hostel']"
The Purple Hue Homestay,"['Be Them homestay', 'The Sun Homestay', 'D & A Homestay Hue', 'Nemo Homestay', 'Hue Homestay Riverside', 'Changed Hotel 255', 'An Thai Homestay Hue', 'Changed Hotel 232', 'Changed Hotel 279', 'Nana 2 Homestay']"
Happiest Homestay 1 - Manor Crown Hue,"['Changed Hotel 66', 'Changed Hotel 283', 'Changed Hotel 264', 'Căn hộ khách sạn Nera garden Huế', 'KenKet house 1', 'Cam on home with swimming pool & gym room', 'Nick homestay, căn hộ cao cấp, view nghỉ dưỡng.', 'Tom homestay, căn hộ Nera garden Huế', 'Mộc nhiên homestay Căn hộ Nera Garden Huế', 'Homestay Mộc Nhi']"
Cherry Hotel Hue,"['Millennium Hue Hotel', 'Rang Dong Hue Hotel', 'Sapphire HOTEL HUE', 'Sapphire Hotel Hue', 'STAY HUE HOTEL', 'Changed Hotel 35', 'Changed Hotel 87', 'SALA HOTEL HUE', 'Changed Hotel 206', 'THẢO AN HOTEL Huế']"
Căn Hộ ROLEX - Nera Garden Huế,"['Căn hộ khách sạn Nera garden Huế', 'Mộc nhiên homestay Căn hộ Nera Garden Huế', 'Changed Hotel 274', 'Chi Homestay Nera Garden Huế', 'Changed Hotel 261', 'Trungnamhomestay', ""Căn hộ cao cấp 2pn-view đẹp-5'Tràng Tiền, Vincom"", 'Cam on home with swimming pool & gym room', 'Changed Hotel 283', 'KenKet house 1']"
Pilgrimage Village Boutique Resort & Spa,"['Sankofa Village Hill Resort & Spa', 'Vedana Lagoon Resort & Spa', 'Hue Riverside Boutique Resort & Spa', 'Changed Hotel 172', 'KOBI Onsen Resort Hue', 'Changed Hotel 105', 'Villa Louise Hue Beach Boutique Hotel', 'Changed Hotel 121', 'Vina Spa Hotel', 'HELLO VILLA & SPA']"
Shark Home,"['Shark Homestay', 'Changed Hotel 281', 'Canary Homestay', 'Lucky Home', 'Full House Homestay', 'D & A Homestay Hue', 'Changed Hotel 169', 'Changed Hotel 197', 'Lullaby homestay', 'LaLa Homestay']"
Hong Thien 1 Hotel,"['Changed Hotel 37', 'Hong Thien Ruby Hotel', 'Vina Hotel Hue', 'White Lotus Hue Hotel', 'Huethuonghotel 1', 'Rang Dong Hue Hotel', 'Changed Hotel 183', 'Changed Hotel 107', 'SUN HOTEL', 'Sapphire Hotel Hue']"
Shark Home 1,"['Changed Hotel 149', 'Nhu Hien Hotel 6', 'Nhu Hien Hotel 5', 'Lam Garden Boutique Homestay 1', 'Amy Hostel Hue 1', 'Leranda Homestay 3', 'Changed Hotel 181', 'DKD TRIO Hotel 2', ""Kota's House Homestay 9"", 'Changed Hotel 319']"
La Vela Hue Hotel,"['La Y Riverview', 'Vina Hotel Hue', 'TRUONG TIEN HOTEL', 'Vina Spa Hotel', 'Changed Hotel 204', 'Changed Hotel 3', 'Changed Hotel 23', 'La Paix Hue', 'SALA HOTEL HUE', 'Hue Railway Hotel']"
Golden Star Hotel,"['Changed Hotel 143', 'Moonlight Hotel Hue', 'Bao Minh Hotel', 'Midtown Hotel Hue', 'Dong Loi Hotel', 'Sunny A Hotel', 'Star Binh Duong Hotel', 'ÊMM Hotel Hue', 'Changed Hotel 115', 'Changed Hotel 217']"
Huong Giang Hotel Resort & Spa,"['Hue Riverside Boutique Resort & Spa', 'Changed Hotel 265', 'ÊMM Hotel Hue', 'Midtown Hotel Hue', 'Mondial Hotel', 'Saigon Morin Hotel', 'Than Thien - Friendly Hotel', 'Changed Hotel 134', 'Hue Royal Hotel', 'Changed Hotel 31']"
Moonlight Hotel Hue,"['Midtown Hotel Hue', 'Golden Star Hotel', 'Changed Hotel 224', 'Changed Hotel 62', 'ÊMM Hotel Hue', 'Eldora Hotel', 'Star Binh Duong Hotel', 'Ngoc Tung Mini Hotel', 'Changed Hotel 39', 'Saigon Morin Hotel']"
Life Boutique Hotel,"['Changed Hotel 111', 'Hong Thien 1 Hotel', 'SaLa Hotel', 'STAY HUE HOTEL', 'Hue Classic Hotel', 'Na Homestay', 'Changed Hotel 37', 'Jade Scene Hotel', 'Hue Four Seasons Hotel', 'Changed Hotel 3']"
Midtown Hotel Hue,"['Changed Hotel 106', 'Changed Hotel 269', 'Golden Star Hotel', 'Hue Royal Hotel', 'ÊMM Hotel Hue', 'Villa Hue Hotel', 'Huong Giang Hotel Resort & Spa', 'Jasmine Hotel', 'Changed Hotel 62', 'Bao Minh Hotel']"
An Thai Homestay Hue,"['Happy House Homestay', 'The Purple Hue Homestay', 'Full House Homestay', 'Changed Hotel 198', 'D & A Homestay Hue', 'Anna Homestay Hue', 'Changed Hotel 203', 'Changed Hotel 42', 'Lam Garden Boutique Homestay', 'The Sun Homestay']"
Metta Homestay Hue,"['D & A Homestay Hue', 'The Sun Homestay', 'Changed Hotel 260', 'Lama Homestay', 'Pinehill Tu Hieu Hue Homestay', 'Hue Full House Homestay 2', 'AN HOMESTAY HUE', 'Changed Hotel 69', 'Hue Eco Homestay', 'Changed Hotel 61']"
SUN HOTEL,"['The Sun Homestay', 'Hue Classic Hotel', 'Hue Lotus Homestay', 'STAY HUE HOTEL', 'Changed Hotel 58', 'Sapphire HOTEL HUE', 'THẢO AN HOTEL Huế', 'Changed Hotel 107', 'Chi Homestay #4', 'Changed Hotel 73']"
STAY HUE HOTEL,"['Changed Hotel 201', 'Changed Hotel 111', 'Hue Four Seasons Hotel', 'Hue Classic Hotel', 'Changed Hotel 159', 'Hue Railway Hotel', 'Rang Dong Hue Hotel', 'Vina Hotel Hue', 'Spring Garden Villa', 'Cherry Hotel Hue']"
Tùng Homestay,"['The Sun Homestay', 'The Purple Hue Homestay', 'Be Them homestay', 'Changed Hotel 215', 'Changed Hotel 164', 'Anna Homestay Hue', ""Chi's Homestay & Coffee"", 'Hue Homestay Riverside', 'AnAn Homestay Huế', 'Changed Hotel 76']"
Mandarin Homestay Hue,"[""Q' Villa Garden Homestay"", 'Changed Hotel 215', 'The Sun Homestay', 'Lama Homestay', 'Hue Eco Homestay', 'Timothy Homestay Hue', 'The Purple Hue Homestay', 'Changed Hotel 255', 'Changed Hotel 61', 'Full House Homestay']"
Ngoc Binh Hotel,"['Bao Minh Hotel', 'Changed Hotel 143', 'Changed Hotel 258', 'Dong Loi Hotel', 'Ngoc Tung Mini Hotel', 'Changed Hotel 104', 'Sunny A Hotel', 'Villa Hue Hotel', 'ÊMM Hotel Hue', 'Moonlight Hotel Hue']"
Hue Homestay Riverside,"['Changed Hotel 95', 'Shine Riverside Homestay', 'Changed Hotel 49', 'Purple Hue - Charming Riverside', 'D & A Homestay Hue', 'Changed Hotel 260', 'Be Them homestay', 'Nemo Homestay', 'SEVEN HOMESTAY(HUE)', 'Dory Homestay']"
La Paix Hue,"['D & A Homestay Hue', 'Sapphire Hotel Hue', 'Changed Hotel 111', 'Vina Hotel Hue', 'Spring Garden Villa', 'Changed Hotel 262', 'Hue Lotus Homestay', 'Sapphire HOTEL HUE', 'Vina Spa Hotel', 'Changed Hotel 85']"
Hue Lovely Homestay,"['D & A Homestay Hue', 'The Sun Homestay', 'Changed Hotel 109', 'Anna Homestay Hue', 'Changed Hotel 95', 'Changed Hotel 192', 'Hue Full House Homestay 2', 'Thanh Huong Homestay', 'Metta Homestay Hue', 'Hue Lotus Homestay']"
Chi's Homestay & Coffee,"['An Chi Homestay', 'Changed Hotel 215', 'Changed Hotel 49', 'Dory Homestay', 'Stop and Go Boutique Homestay Hue', ""Kota's House Homestay"", 'Full House Homestay', 'Changed Hotel 95', 'Nemo Homestay', 'Hue Homestay Riverside']"
Lucky Home,"['Super OYO 882 Lucky Hotel', 'Ngọc Bích Home (Sapphire Hotel Hue 2)', 'Changed Hotel 240', 'Shark Home', 'Changed Hotel 281', 'SaLa Hotel', 'KLy Apartment Hotel', 'Ngọc Bích Home Huế', 'Huethuonghotel 1', 'Changed Hotel 192']"
Spatel d'Annam - Imperial Boutique Spa & Hotel,"['Changed Hotel 31', 'Life Boutique Hotel', 'Jade Scene Hotel', 'Stop and Go Boutique Homestay Hue', 'Sapphire Hotel Hue', 'White Lotus Hue Hotel', 'Changed Hotel 3', 'SaLa Hotel', 'Changed Hotel 101', 'Lum Dong Tien Hotel']"
Jasmine Mini Hotel,"['Changed Hotel 158', 'Thien Phu Hotel', 'Changed Hotel 150', 'Binh An Hostel', 'KLy Hotel', 'Shine Hotel', 'Changed Hotel 183', 'Hue Railway Hotel', 'Hue thuong hotel', 'Sapphire HOTEL HUE']"
Spring Garden Villa,"['Hue Lotus Homestay', 'STAY HUE HOTEL', ""Q' Garden Villa Homestay"", 'SUN HOTEL', 'SEA HOMESTAY', 'Changed Hotel 262', 'Lum Dong Tien Hotel', 'Changed Hotel 201', 'Rang Dong Hue Hotel', 'Changed Hotel 72']"
Alba Spa Hotel,"['Vina Spa Hotel', 'Changed Hotel 39', 'Eldora Hotel', 'Vina Spa Hotel Huế', 'Alba Wellness Resort By Fusion', 'Changed Hotel 3', 'Vina Hotel Hue', 'Sunny A Hotel', 'Changed Hotel 201', 'Gardenia Hue Hotel']"
Le Robinet Villa - a journey into Hue citadel soul,"['Le House Villa', '3H Hue Oasis Retreat Villa', ""Q' Garden Villa Homestay"", 'HELLO VILLA & SPA', 'Changed Hotel 72', 'Changed Hotel 36', 'Spring Garden Villa', 'Le Home', 'Changed Hotel 178', 'The Purple Hue Homestay']"
ký ức tươi đẹp homestay,"[""Q' Garden Villa Homestay"", 'Changed Hotel 215', 'Changed Hotel 61', 'The Sun Homestay', 'Pinehill Tu Hieu Hue Homestay', 'SEVEN HOMESTAY(HUE)', 'The Purple Hue Homestay', 'Hue Eco Homestay', 'Nemo Homestay', 'Changed Hotel 255']"
Tùng Homestay 1,"['Phòng đơn - 1 9', 'Duy Tan 2 Hotel 8', 'Noric homestay 5', 'The Light Homestay 8', 'Changed Hotel 290', 'The Light Homestay 7', 'Changed Hotel 374', 'Changed Hotel 180', 'The Light Homestay 2', 'Binh Duong 2 Hotel 9']"
Pink Chill House 1,"['Binh Duong 2 Hotel 6', 'Changed Hotel 316', 'Duy Tan 2 Hotel 2', 'Leranda Homestay 9', 'Changed Hotel 81', 'The Light Homestay 9', 'Duy Tan 2 Hotel 5', 'Changed Hotel 357', 'DKD TRIO Hotel 8', ""Kota's House Homestay 9""]"
"Azerai La Residence, Hue","['Changed Hotel 62', 'Huong Giang Hotel Resort & Spa', 'Saigon Morin Hotel', 'Hue Riverside Boutique Resort & Spa', 'Vina Spa Hotel', 'Changed Hotel 203', 'La Vela Hue Hotel', 'Changed Hotel 15', 'Hue Ecolodge', 'Alba Hotel']"
Villa Louise Hue Beach Boutique Hotel,"['SH Hotel', 'Changed Hotel 133', 'Changed Hotel 173', 'Alba Wellness Resort By Fusion', 'Hue Ecolodge', 'Hiên Cát homestay', 'Changed Hotel 209', ""Spatel d'Annam - Imperial Boutique Spa & Hotel"", 'Moonlight Hotel Hue', 'Hue Four Seasons Hotel']"
Phong Nha Hotel 1,"['Changed Hotel 288', 'Phòng đơn - 1 3', 'Changed Hotel 322', 'Leranda Homestay 5', ""Kota's House Homestay 3"", 'Huethuonghotel 3', 'Leranda Homestay 7', 'Changed Hotel 325', 'Leranda Homestay 10', 'Le Home 2']"
HOUSE OF LÝ 1,"['Changed Hotel 318', 'Binh Duong 2 Hotel 4', 'Changed Hotel 341', 'Changed Hotel 348', 'Noric homestay 2', ""Kota's House Homestay 6"", ""Kota's House Homestay 7"", 'Binh Duong 2 Hotel 3', 'Duy Tan 2 Hotel 5', 'Khách sạn Huế thơ']"
Charming Riverside Hotel,"['Changed Hotel 225', 'Jade Hotel', 'Shine Riverside Homestay', 'Hue Homestay Riverside', 'Song Huong Hue Hotel', 'Valentino Homestay', 'SH Hotel', 'Changed Hotel 158', 'Bien Khoi Mini Hotel', 'Changed Hotel 35']"
Imperial Hotel Hue,"['Saigon Morin Hotel', 'Midtown Hotel Hue', 'Changed Hotel 105', 'TRUONG TIEN HOTEL', 'Mondial Hotel', ""Spatel d'Annam - Imperial Boutique Spa & Hotel"", 'Hue Riverside Boutique Resort & Spa', 'Changed Hotel 89', 'SALA HOTEL HUE', 'Changed Hotel 139']"
Lam Garden Boutique Homestay,"['D & A Homestay Hue', 'The Sun Homestay', 'Be Them homestay', 'Changed Hotel 55', 'Stop and Go Boutique Homestay Hue', 'Changed Hotel 56', ""Q' Garden Villa Homestay"", 'An Thai Homestay Hue', 'Changed Hotel 248', 'Anna Homestay Hue']"
Full House Homestay,"['Changed Hotel 239', 'Hue Full House Homestay 2', 'D & A Homestay Hue', 'Happy House Homestay', 'Changed Hotel 198', 'Changed Hotel 18', 'An Thai Homestay Hue', 'Soleil House', 'The Sun Homestay', 'Happy House Homestay 1']"
LaLa Homestay,"['D & A Homestay Hue', 'The Purple Hue Homestay', 'Full House Homestay', 'Changed Hotel 260', 'Chi Homestay #4', 'Hue Eco Homestay', 'Xuka Homestay', 'Changed Hotel 55', 'Lullaby homestay', 'Changed Hotel 49']"
Jasmine Hotel,"['Jasmine Mini Hotel', 'Changed Hotel 62', 'Hue Four Seasons Hotel', 'Midtown Hotel Hue', 'Changed Hotel 11', 'ÊMM Hotel Hue', 'Villa Hue Hotel', 'Alba Hotel', 'TRUONG TIEN HOTEL', 'Changed Hotel 258']"
Eldora Hotel,"['Changed Hotel 7', 'Changed Hotel 106', 'Midtown Hotel Hue', 'Changed Hotel 104', 'Hue Royal Hotel', 'Huong Giang Hotel Resort & Spa', 'TRUONG TIEN HOTEL', 'Jasmine Hotel', 'Casablanca Hotel', 'Villa Hue Hotel']"
Pao Hotel,"['Changed Hotel 86', 'Changed Hotel 240', 'KLy Hotel', 'Valentino Homestay', 'Vina Hotel Hue', 'KLy Apartment Hotel', 'Hướng Dương hotel', 'Stop and Go Boutique Homestay Hue', 'Changed Hotel 170', 'Hue Full House Homestay 2']"
Be Them homestay 1,"['Nhu Hien Hotel 3', 'Binh Duong 2 Hotel 9', 'Leranda Homestay 5', 'Changed Hotel 332', ""Kota's House Homestay 4"", 'Pink Chill House 1', 'Noric homestay 7', 'Changed Hotel 354', 'Changed Hotel 357', 'Nhu Hien Hotel 8']"
Victory Hotel,"['Changed Hotel 58', 'Shine Hotel', 'Changed Hotel 39', 'Hue Railway Hotel', 'Hue Royal Hotel', 'Changed Hotel 138', 'Ruby Bistro Hotel', 'Sapphire HOTEL HUE', 'Star Binh Duong Hotel', 'THẢO AN HOTEL Huế']"
Hue Royal Hotel,"['Dong Loi Hotel', 'Sunny A Hotel', 'Changed Hotel 104', 'Changed Hotel 115', 'Villa Hue Hotel', 'Changed Hotel 265', 'Midtown Hotel Hue', 'Canary Boutique Hotel', 'Hue Riverside Boutique Resort & Spa', 'STAY HUE HOTEL']"
Hue Ecolodge,"['Vina Spa Hotel', 'Changed Hotel 7', 'Vina Hotel Hue', 'Hue Full House Homestay 2', 'Changed Hotel 58', 'Sapphire HOTEL HUE', 'Pao Hotel', 'Changed Hotel 197', 'Hong Thien 1 Hotel', 'White Lotus Hue Hotel']"
Romance Hotel,"['Mondial Hotel', 'Midtown Hotel Hue', 'Jasmine Hotel', 'The Sunriver Boutique Hotel Hue', 'Huong Giang Hotel Resort & Spa', 'Changed Hotel 3', 'Imperial Hotel Hue', 'Changed Hotel 112', 'Changed Hotel 79', 'New World Hotel']"
Golden Inn Hotel,"['Changed Hotel 200', 'Hue 1962 INN', 'Changed Hotel 112', 'Changed Hotel 72', 'Sapphire HOTEL HUE', 'SUN HOTEL', 'Hue Railway Hotel', 'Na Homestay', 'Thien Phu Hotel', 'Vina Hotel Hue']"
HELLO VILLA & SPA,"['3H Hue Oasis Retreat Villa', 'Changed Hotel 164', 'Golden Star Villa Hue', ""Q' Villa Garden Homestay"", 'Le Robinet Villa - a journey into Hue citadel soul', 'Spring Garden Villa', 'Changed Hotel 63', 'Changed Hotel 36', 'Vina Spa Hotel', 'Le House Villa']"
Hướng Dương hotel,"['Hue Full House Homestay 2', 'KLy Hotel', 'Thien Phu Hotel', 'Hue Railway Hotel', 'Hue Harmony Hotel', 'Changed Hotel 32', 'Pao Hotel', 'Changed Hotel 200', 'KLy Apartment Hotel', 'Changed Hotel 122']"
a-mâze house 1,"['Changed Hotel 102', 'Nhu Hien Hotel 6', 'Nhu Hien Hotel 5', 'Changed Hotel 287', 'DKD TRIO Hotel 2', 'Changed Hotel 375', 'Amy Hostel Hue 1', 'Shark Home 2', 'Vietnam Backpacker Hostels - Hue 1', ""Kota's House Homestay 4""]"
SEA HOMESTAY,"['Lum Dong Tien Hotel', 'Hue Lotus Homestay', 'SH Hotel', 'Changed Hotel 31', 'Jasmine Mini Hotel', 'Changed Hotel 235', '5H homestay', 'Jade Scene Hotel', 'Spring Garden Villa', 'Changed Hotel 203']"
Bonjour Hostel,"['Chi Homestay #4', 'Amy Hostel Hue', 'Maily Hostel', 'Binh An Hostel', 'Rubis Hostel', 'Changed Hotel 0', 'Changed Hotel 28', 'Changed Hotel 222', 'Ken and Pi Hostel', 'Tò Vò Hostel Huế']"
SEA HOMESTAY 1,"['Changed Hotel 369', 'Hue Riverside Boutique Resort & Spa 1', 'Changed Hotel 299', 'VIỆT Hostel', ""Kota's House Homestay 4"", 'Changed Hotel 150', 'Bien Khoi Mini Hotel 1', ""Kota's House Homestay 3"", ""Kota's House Homestay 7"", 'Vina Spa Hotel']"
Hy Vien Boutique and Garden,"['Lam Garden Boutique Homestay', 'Changed Hotel 107', 'Changed Hotel 232', 'Stop and Go Boutique Homestay Hue', 'Changed Hotel 164', 'Spring Garden Villa', 'The Purple Hue Homestay', 'Hue Crown Boutique best hotel', 'The Sun Homestay', 'D & A Homestay Hue']"
Guest House Maika 1,"['Leranda Homestay 10', ""Kota's House Homestay 6"", 'Changed Hotel 228', 'Phòng đơn - 1 4', 'Phòng đơn - 1 6', 'The Light Homestay 3', ""Kota's House Homestay 7"", 'Changed Hotel 361', 'Phòng đơn - 1 5', 'Changed Hotel 327']"
White Lotus Hue Hotel,"['Hue Lotus Homestay', 'Hong Thien 1 Hotel', 'Sapphire HOTEL HUE', 'Sapphire Hotel Hue', 'Hue Pink Lotus Hotel', 'Changed Hotel 31', 'Changed Hotel 21', 'Millennium Hue Hotel', 'Vina Hotel Hue', 'Changed Hotel 73']"
Saigon Morin Hotel,"['Changed Hotel 89', 'Changed Hotel 105', 'Moonlight Hotel Hue', 'Than Thien - Friendly Hotel', 'Imperial Hotel Hue', 'Mondial Hotel', 'Changed Hotel 79', 'Ngoc Tung Mini Hotel', 'Sapphire Hotel Hue', 'Alba Hotel']"
Ivy house 1,"['Leranda Homestay 6', 'Changed Hotel 364', 'Leranda Homestay 8', ""Kota's House Homestay 5"", 'Duy Tan 2 Hotel 6', 'Nhu Hien Hotel 8', 'Leranda Homestay 5', 'Changed Hotel 360', 'Changed Hotel 363', 'Duy Tan 2 Hotel 7']"
Lum Dong Tien Hotel,"['Changed Hotel 150', 'SH Hotel', 'Jasmine Mini Hotel', 'Hue Lotus Homestay', 'Changed Hotel 21', 'Sapphire Hotel Hue', 'STAY HUE HOTEL', 'Rang Dong Hue Hotel', 'Changed Hotel 111', 'Sapphire HOTEL HUE']"
Na Homestay,"['Na Hostel Hue', 'Changed Hotel 112', 'The Sun Homestay', 'Valentino Homestay', 'Changed Hotel 196', 'Life Boutique Hotel', 'D & A Homestay Hue', 'Changed Hotel 37', 'Shine Hotel', 'Golden Inn Hotel']"
"KenpiC Homestay - NGUYÊN CĂN, đậu nhiều ô tô","['Changed Hotel 186', 'D & A Homestay Hue', 'The Sun Homestay', 'Anna Homestay Hue', 'LaLa Homestay', 'Hue Eco Homestay', 'Timothy Homestay Hue', 'Changed Hotel 95', 'Căn hộ khách sạn Nera garden Huế', 'Changed Hotel 248']"
Laurel Huế Hotel (Khách sạn Laurel Huế),"['Khách sạn Huế thơ', 'Huế thương Hotel', 'Changed Hotel 201', 'Vina Spa Hotel Huế', 'AnAn Homestay Huế', 'Saphia Hotel Huế (sapphire Hotel 2)', 'Changed Hotel 244', 'Huethuonghotel 1', 'Hue Railway Hotel', 'Changed Hotel 219']"
Duy Tan Hotel,"['Duy Tan 2 Hotel', 'Hue Nino Hotel', 'Changed Hotel 258', 'Moonlight Hotel Hue', 'Changed Hotel 108', 'Mondial Hotel', 'Canary Hotel Hue', 'Changed Hotel 39', 'Huong Giang Hotel Resort & Spa', 'Dong Loi Hotel']"
SH Hotel,"['SEA HOMESTAY', 'Lum Dong Tien Hotel', 'Changed Hotel 197', 'Sapphire Hotel Hue', 'Changed Hotel 21', 'Changed Hotel 220', 'Vina Spa Hotel', 'THẢO AN HOTEL Huế', 'Sapphire HOTEL HUE', 'Jasmine Mini Hotel']"
Q' Garden Villa Homestay,"['Changed Hotel 49', 'Pinehill Tu Hieu Hue Homestay', 'Nana Homestay & Villa', 'Changed Hotel 178', 'D & A Homestay Hue', 'SEVEN HOMESTAY(HUE)', 'Changed Hotel 55', 'Spring Garden Villa', 'Anna Homestay Hue', '3H Hue Oasis Retreat Villa']"
Hưng Long Hostel,"['Changed Hotel 28', 'Amy Hostel Hue', 'Bonjour Hostel', 'The Sun Homestay', 'Maily Hostel', 'Rubis Hostel', 'Chi Homestay #4', 'Changed Hotel 213', 'Changed Hotel 0', 'D & A Homestay Hue']"
An Chi Homestay,"[""Chi's Homestay & Coffee"", 'Changed Hotel 215', 'Full House Homestay', 'Changed Hotel 260', 'Changed Hotel 226', 'Nana 2 Homestay', 'Chi Homestay #4', 'Dory Homestay', 'The Purple Hue Homestay', 'Shine Hotel']"
Canary Hotel Hue,"['Star Binh Duong Hotel', 'Changed Hotel 38', 'Changed Hotel 276', 'Alba Hotel', 'Jasmine Hotel', 'Nhu Hien Hotel', 'Eldora Hotel', 'Ngoc Binh Hotel', 'Changed Hotel 14', 'Song Huong Hue Hotel']"
Vina Spa Hotel Huế,"['Vina Spa Hotel', 'Changed Hotel 32', 'AnAn Homestay Huế', 'THẢO AN HOTEL Huế', 'Changed Hotel 257', 'Sapphire HOTEL HUE', 'Changed Hotel 61', 'D & A Homestay Hue', 'Huế thương Hotel', 'The Sun Homestay']"
Chi Homestay #4,"['Changed Hotel 151', 'Hue Lotus Homestay', 'Rubis Hostel', 'Amy Hostel Hue', 'DMZ Hostel', 'Binh An Hostel', 'Maily Hostel', 'The Sun Homestay', 'Changed Hotel 222', 'Changed Hotel 203']"
MUN HOMeSTAY 2,"['Changed Hotel 285', 'The Light Homestay', 'Changed Hotel 203', 'KenKet house', 'The Sun Homestay', 'D & A Homestay Hue', 'Chi Homestay #4', 'Changed Hotel 234', 'ANH’s HOUSE', 'Pao Hotel']"
KOBI Onsen Resort Hue,"['Sankofa Village Hill Resort & Spa', 'Alba Wellness Resort By Fusion', 'Hue Riverside Boutique Resort & Spa', 'Vedana Lagoon Resort & Spa', 'Pilgrimage Village Boutique Resort & Spa', 'Changed Hotel 105', 'Changed Hotel 3', 'Rubis Hostel', 'Hue Full House Homestay 2', 'Changed Hotel 23']"
Alba Wellness Resort By Fusion,"['Changed Hotel 171', 'Sankofa Village Hill Resort & Spa', 'Huong Giang Hotel Resort & Spa', 'Vina Spa Hotel', 'Vedana Lagoon Resort & Spa', 'Changed Hotel 20', 'Changed Hotel 174', 'Pilgrimage Village Boutique Resort & Spa', 'Alba Spa Hotel', 'Hue Full House Homestay 2']"
Sankofa Village Hill Resort & Spa,"['Pilgrimage Village Boutique Resort & Spa', 'KOBI Onsen Resort Hue', 'Alba Wellness Resort By Fusion', 'Hill Bungalow', 'Hue Riverside Boutique Resort & Spa', 'Changed Hotel 78', 'Changed Hotel 272', 'Changed Hotel 130', 'Huong Giang Hotel Resort & Spa', 'Vina Spa Hotel']"
Hue Riverside Boutique Resort & Spa,"['Huong Giang Hotel Resort & Spa', 'Changed Hotel 143', 'ÊMM Hotel Hue', 'Sankofa Village Hill Resort & Spa', 'Hue Homestay Riverside', 'KOBI Onsen Resort Hue', 'Changed Hotel 108', 'Changed Hotel 7', 'Imperial Hotel Hue', 'Shine Riverside Homestay']"
Huethuonghotel 2,"['Huethuonghotel', 'Huethuonghotel 1', 'Changed Hotel 206', 'KLy Apartment Hotel', 'KLy Hotel', 'Hue Full House Homestay 2', 'Hue Railway Hotel', 'Changed Hotel 80', 'Changed Hotel 200', 'Hue Harmony Hotel']"
The Dreamers Homestay,"['D & A Homestay Hue', 'Changed Hotel 136', 'Changed Hotel 226', 'Hue Eco Homestay', 'Chi Homestay #4', 'KING HOMESTAY', 'Lullaby homestay', 'Hue Lotus Homestay', 'The Sun Homestay', 'Changed Hotel 18']"
Hue Riverside Boutique Resort & Spa 1,"['Binh Duong 2 Hotel 1', 'Changed Hotel 207', 'Binh Duong 2 Hotel 8', 'Changed Hotel 335', ""Kota's House Homestay 9"", 'Changed Hotel 180', 'The Light Homestay 7', 'Noric homestay 5', ""Kota's House Homestay 4"", ""Kota's House Homestay 2""]"
Q' Villa Garden Homestay,"['Changed Hotel 164', ""Kota's House Homestay"", 'Lullaby homestay', 'Changed Hotel 114', 'Nana Homestay & Villa', 'Changed Hotel 70', 'KING HOMESTAY', 'Spring Garden Villa', 'HELLO VILLA & SPA', 'Lama Homestay']"
Sunshine villa thuy bieu,"['Changed Hotel 203', 'MUN HOMeSTAY 2', 'Hướng Dương hotel', 'Changed Hotel 72', 'Changed Hotel 123', 'The Sun Homestay', ""Q' Garden Villa Homestay"", 'Quang Homestay', 'KenKet house', 'Pao Hotel']"
Jasmine Mini Hotel 1,"['Binh Duong 2 Hotel 1', 'Lam Garden Boutique Homestay 1', 'Hue Riverside Boutique Resort & Spa 1', 'The Light Homestay 7', 'Changed Hotel 360', ""Kota's House Homestay 9"", 'Changed Hotel 319', 'Noric homestay 5', 'The Light Homestay 2', 'Changed Hotel 299']"
Shark Home 2,"['DKD TRIO Hotel 5', 'Changed Hotel 81', 'The Light Homestay 6', 'Vietnam Backpacker Hostels - Hue 1', 'Binh Duong 2 Hotel 7', ""Kota's House Homestay 3"", 'Changed Hotel 52', 'Changed Hotel 102', 'Nhu Hien Hotel 4', 'Duy Tan 2 Hotel 4']"
Ngoc Binh Hotel 1,"['DKD TRIO Hotel 3', 'The Light Homestay 7', 'Lama Homestay 1', 'Leranda Homestay 3', 'Nhu Hien Hotel 6', 'Changed Hotel 252', 'Le Home 2', 'Nhu Hien Hotel 9', 'Changed Hotel 338', 'Changed Hotel 357']"
Millennium Hue Hotel,"['Changed Hotel 97', 'Changed Hotel 3', 'Sapphire Hotel Hue', 'The Times Hotel', 'Huethuonghotel 1', 'Changed Hotel 206', 'SALA HOTEL HUE', 'Hue Railway Hotel', 'Jasmine Mini Hotel', 'Hong Thien 1 Hotel']"
Hoa ban Homestay,"['AN HOMESTAY HUE', 'D & A Homestay Hue', 'ChocoHouse', 'Changed Hotel 136', 'Changed Hotel 166', 'The Sun Homestay', 'Changed Hotel 95', ""Chi's Homestay & Coffee"", 'Be Them homestay', 'SEA HOMESTAY']"
Thanh Huong Homestay,"['Chi Homestay #4', 'Changed Hotel 234', 'Be Them homestay', 'Changed Hotel 49', 'Amy Hostel Hue', 'Thanh An 2 Guesthouse', 'Pao Hotel', 'D & A Homestay Hue', 'Thanh An 3 Guesthouse', 'Changed Hotel 95']"
"Kenpi Garden Homestay - NGUYÊN CĂN, đậu nhiều ô tô","['KenpiC Homestay - NGUYÊN CĂN, đậu nhiều ô tô', 'Căn hộ khách sạn Nera garden Huế', 'Changed Hotel 66', 'Noric homestay', 'Changed Hotel 274', 'Changed Hotel 98', 'Mộc nhiên homestay Căn hộ Nera Garden Huế', 'KenKet house 1', 'Happiest Homestay 1 - Manor Crown Hue', 'Anna Homestay Hue']"
Hue Eco Homestay,"['Changed Hotel 215', 'Changed Hotel 95', 'The Sun Homestay', 'KING HOMESTAY', 'Bluesea Homestay', 'Timothy Homestay Hue', 'NANO ECO-HOSTEL', 'Changed Hotel 226', 'SEVEN HOMESTAY(HUE)', 'Anna Homestay Hue']"
Ngọc Bích Home Huế,"['Ngọc Bích Home (Sapphire Hotel Hue 2)', 'Le Home', 'Changed Hotel 120', 'The Purple Hue Homestay', 'Changed Hotel 64', 'Vina Spa Hotel Huế', 'Shark Home', 'Căn Hộ ROLEX - Nera Garden Huế', 'Changed Hotel 61', 'Golden Star Villa Hue']"
KenKet house,"['KenKet house 1', 'Hue Full House Homestay 2', 'MUN HOMeSTAY 2', 'The Light Homestay', 'Changed Hotel 93', 'Phòng đơn - 1', 'Changed Hotel 234', 'Pao Hotel', 'Changed Hotel 75', 'Happy House Homestay 1']"
The HillSide Homestay Hue,"['Pinehill Tu Hieu Hue Homestay', 'D & A Homestay Hue', 'Changed Hotel 281', 'An Chi Homestay', 'Changed Hotel 187', 'Bluesea Homestay', 'Thien Phu Hotel', 'Hue Full House Homestay 2', 'Gia Anh Guesthouse', 'Changed Hotel 136']"
Hue 1962 INN,"['Changed Hotel 200', 'Golden Inn Hotel', 'Hue Railway Hotel', 'Changed Hotel 87', 'Thien Phu Hotel', 'KLy Apartment Hotel', 'Vina Hotel Hue', 'KLy Hotel', 'Changed Hotel 259', 'The Purple Hue Homestay']"
Valentino Homestay,"['D & A Homestay Hue', 'Pao Hotel', 'Changed Hotel 259', 'Hue Railway Hotel', 'The Sun Homestay', 'Hue Full House Homestay 2', 'Changed Hotel 284', 'KLy Apartment Hotel', 'Hue Golden Inn Hotel', 'Changed Hotel 32']"
Hue Crown Boutique best hotel,"['Life Boutique Hotel', 'Hue Classic Hotel', 'Changed Hotel 140', 'Changed Hotel 197', 'Changed Hotel 84', 'Vina Hotel Hue', 'Spring Garden Villa', 'Sapphire HOTEL HUE', 'Hue Full House Homestay 2', 'Hue Railway Hotel']"
Shine Hotel,"['Shine Riverside Homestay', 'Changed Hotel 240', 'Thien Phu Hotel', 'Jasmine Mini Hotel', 'Changed Hotel 14', 'Millennium Hue Hotel', 'Sapphire HOTEL HUE', 'STAY HUE HOTEL', 'Hue Golden Inn Hotel', 'Changed Hotel 87']"
Lacasa Homestay,"['AN HOMESTAY HUE', 'The Purple Hue Homestay', 'Full House Homestay', 'Nana Homestay & Villa', 'An Thai Homestay Hue', 'Leranda Homestay', 'Nana 2 Homestay', 'Changed Hotel 260', 'Changed Hotel 184', 'Changed Hotel 215']"
KLy Hotel,"['KLy Apartment Hotel', 'Huethuonghotel 1', 'Hue Full House Homestay 2', 'Changed Hotel 86', 'Changed Hotel 80', 'Hue Railway Hotel', 'Hue thuong hotel', 'AN HOMESTAY HUE', 'Changed Hotel 44', 'DMZ Hostel']"
Hue Lotus Homestay,"['Changed Hotel 150', 'Chi Homestay #4', 'Hue Pink Lotus Hotel', 'Changed Hotel 111', 'Lum Dong Tien Hotel', 'Spring Garden Villa', 'White Lotus Hue Hotel', 'Hue Full House Homestay 2', 'Changed Hotel 253', 'Jade Scene Hotel']"
Leranda Homestay,"['Full House Homestay', 'Changed Hotel 215', 'Changed Hotel 239', 'An Thai Homestay Hue', ""Q' Garden Villa Homestay"", 'The Purple Hue Homestay', 'Happy House Homestay', 'LaLa Homestay', 'Shark Homestay', 'Changed Hotel 36']"
Amy Hostel Hue,"['Changed Hotel 0', 'Bonjour Hostel', 'Chi Homestay #4', 'Changed Hotel 234', 'Maily Hostel', 'Amy Hue Hotel & Apartment', 'Binh An Hostel', 'SOLEIL HOSTEL', 'Changed Hotel 48', 'Ken and Pi Hostel']"
Hue Golden Inn Hotel,"['Changed Hotel 146', 'Hue 1962 INN', 'Hue Railway Hotel', 'KLy Apartment Hotel', 'Huethuonghotel 1', 'Golden Star Villa Hue', 'Vina Hotel Hue', 'Thien Phu Hotel', 'Changed Hotel 86', 'Changed Hotel 203']"
THẢO AN HOTEL Huế,"['STAY HUE HOTEL', 'Changed Hotel 31', 'Changed Hotel 3', 'SUN HOTEL', 'Changed Hotel 14', 'Huế thương Hotel', 'Thien Phu Hotel', 'Hue Four Seasons Hotel', 'Vina Hotel Hue', 'Millennium Hue Hotel']"
Amy Hostel Hue 1,"['Changed Hotel 331', 'Nhu Hien Hotel 4', 'Binh Duong 2 Hotel 2', 'Noric homestay 9', 'DKD TRIO Hotel 6', 'Shark Home 1', 'Changed Hotel 149', 'Leranda Homestay 10', 'Changed Hotel 181', 'DMZ Hostel 1']"
Hue Full House Homestay 2,"['Changed Hotel 259', 'Full House Homestay', 'KLy Hotel', 'Huethuonghotel 1', 'Changed Hotel 84', 'AN HOMESTAY HUE', 'Changed Hotel 86', 'The Light Homestay', 'MUN HOMeSTAY 2', 'D & A Homestay Hue']"
SaLa Hotel,"['SALA HOTEL HUE', 'Changed Hotel 240', 'Sapphire HOTEL HUE', 'Jade Scene Hotel', 'KLy Apartment Hotel', 'Changed Hotel 58', 'Vina Hotel Hue', 'Changed Hotel 112', 'Life Boutique Hotel', 'SUN HOTEL']"
Chim Go Kien Mini Hotel,"['Jasmine Mini Hotel', 'Changed Hotel 231', 'The Light Homestay', 'Shine Hotel', 'Changed Hotel 86', 'SUN HOTEL', 'Changed Hotel 67', 'Minh Tam Guesthouse', 'Ngoc Tung Mini Hotel', 'Ivy house']"
Hue thuong hotel,"['Changed Hotel 87', 'Huethuonghotel', 'KLy Hotel', 'Huethuonghotel 2', 'Changed Hotel 240', 'Rang Dong Hue Hotel', 'Hue Full House Homestay 2', 'Changed Hotel 67', 'Huế thương Hotel', 'Millennium Hue Hotel']"
Lam Garden Boutique Homestay 1,"['Hue Riverside Boutique Resort & Spa 1', 'Binh Duong 2 Hotel 1', 'Jasmine Mini Hotel 1', 'Le Home 8', ""Kota's House Homestay 4"", 'Changed Hotel 369', 'Shark Home 1', 'Binh Duong 2 Hotel 8', 'Changed Hotel 354', 'Changed Hotel 357']"
Rosy Motel & Homestay,"['Changed Hotel 197', 'Happy House Homestay 1', 'SUN HOTEL', 'Changed Hotel 123', 'Hue Full House Homestay 2', 'SEA HOMESTAY', 'D & A Homestay Hue', 'Shine Riverside Homestay', 'Changed Hotel 192', 'Anna Homestay Hue']"
Ngoc Tung Mini Hotel,"['Jasmine Mini Hotel', 'Changed Hotel 37', 'Moonlight Hotel Hue', 'Ngoc Binh Hotel', 'Hue Railway Hotel', 'Changed Hotel 89', 'THẢO AN HOTEL Huế', 'KLy Hotel', 'Ruby Bistro Hotel', 'Changed Hotel 238']"
Maily Hostel,"['Bonjour Hostel', 'Chi Homestay #4', 'Changed Hotel 199', 'Binh An Hostel', 'DMZ Hostel', 'Hue nice dorm', 'Changed Hotel 84', 'Rubis Hostel', 'Changed Hotel 28', 'Ken and Pi Hostel']"
Gia Anh Guesthouse,"['Changed Hotel 238', 'Minh Tam Guesthouse', 'Changed Hotel 75', 'Thanh An 3 Guesthouse', 'Anh Tuan Hotel', 'Changed Hotel 37', 'Hue Full House Homestay 2', 'Thanh An 2 Guesthouse', 'Cat An Guesthouse', 'Hue Railway Hotel']"
Quang Homestay,"['Chi Homestay #4', 'D & A Homestay Hue', 'Changed Hotel 197', 'Hue Full House Homestay 2', 'Hue Classic Hotel', 'SUN HOTEL', 'Changed Hotel 3', 'The Sun Homestay', 'The Purple Hue Homestay', 'Changed Hotel 84']"
Binh An Hostel,"['Changed Hotel 169', 'Bonjour Hostel', 'Rubis Hostel', 'Changed Hotel 210', 'Amy Hostel Hue', 'Jasmine Mini Hotel', 'DMZ Hostel', 'Changed Hotel 12', 'Hue Golden Inn Hotel', 'Hue Railway Hotel']"
Macramé Résidence,"['Pinehill Tu Hieu Hue Homestay', 'Changed Hotel 215', ""Q' Garden Villa Homestay"", 'Changed Hotel 216', 'The Sun Homestay', 'Changed Hotel 272', 'Amy Apartment Hue', 'Be Them homestay', 'LaLa Homestay', 'Chi Homestay #4']"
D & A Homestay Hue,"['The Sun Homestay', 'Xuka Homestay', 'Changed Hotel 55', 'Hue Eco Homestay', 'Changed Hotel 255', 'Changed Hotel 226', 'The Purple Hue Homestay', 'Full House Homestay', 'LaLa Homestay', 'Nana 2 Homestay']"
LIMDIM HERE,"['Amy Apartment Hue', 'D & A Homestay Hue', ""Q' Garden Villa Homestay"", 'Pinehill Tu Hieu Hue Homestay', 'LaLa Homestay', 'Changed Hotel 260', 'Changed Hotel 214', 'Changed Hotel 49', 'Chi Homestay Nera Garden Huế', 'Hue Homestay Riverside']"
Ruby Bistro Hotel,"['Changed Hotel 29', 'Alba Hotel', 'Star Binh Duong Hotel', 'Changed Hotel 89', 'Sunny B Hotel', 'Golden Star Hotel', 'Bao Minh Hotel', 'Ngoc Tung Mini Hotel', 'Changed Hotel 106', 'Dong Loi Hotel']"
Rose,"['Changed Hotel 226', 'Be Them homestay', 'ChiChi House', 'Changed Hotel 75', 'Chi Homestay #4', 'HOUSE OF LÝ', 'The Sun Homestay', 'D & A Homestay Hue', 'EVA Hotel', 'Changed Hotel 72']"
Khách sạn Đồng Dao,"['Pao Hotel', 'MUN HOMeSTAY 2', 'Phòng đơn - 1', 'Binh An Hostel', 'Hue Railway Hotel', 'Changed Hotel 86', 'Changed Hotel 234', 'Changed Hotel 32', 'D & A Homestay Hue', 'Hue Full House Homestay 2']"
5H homestay,"['SEA HOMESTAY', 'Changed Hotel 197', 'SH Hotel', 'Minh Tú Homestay', 'D & A Homestay Hue', 'Changed Hotel 158', 'Stop and Go Boutique Homestay Hue', 'Hue Full House Homestay 2', 'Chi Homestay #4', 'Changed Hotel 279']"
Q Homestay PNL,"['The Light Homestay', 'Happy House Homestay 1', 'Ivy house', 'Hue Full House Homestay 2', 'Phòng đơn - 1', 'Be Them homestay', 'Chi Homestay #4', 'Changed Hotel 170', 'Changed Hotel 136', 'Changed Hotel 49']"
Hue nice dorm,"['Chi Homestay #4', 'Maily Hostel', 'Hue Full House Homestay 2', 'Changed Hotel 0', 'Changed Hotel 84', 'Codo Dorm Garden', 'KLy Hotel', 'Changed Hotel 151', 'Huethuonghotel 1', 'Binh An Hostel']"
Codo Dorm Garden,"['Codo Vintage', 'Hue nice dorm', 'D & A Homestay Hue', 'Shine Riverside Homestay', 'Changed Hotel 123', 'SUN HOTEL', 'Changed Hotel 262', 'KLy Apartment Hotel', 'Hue Four Seasons Hotel', 'Changed Hotel 240']"
Bao Minh Hotel,"['Changed Hotel 115', 'Changed Hotel 104', 'Alba Hotel', 'Moonlight Hotel Hue', 'Star Binh Duong Hotel', 'Changed Hotel 108', 'Hue Royal Hotel', 'ÊMM Hotel Hue', 'Ruby Bistro Hotel', 'DMZ Hotel']"
Purple Hue - Charming Riverside,"['Changed Hotel 116', 'The Sun Homestay', 'Charming Riverside Hotel', 'Changed Hotel 95', 'Phòng đơn - 1', 'Changed Hotel 215', 'Chi Homestay #4', 'Nemo Homestay', 'Be Them homestay', 'Stop and Go Boutique Homestay Hue']"
Lama Homestay,"['Changed Hotel 215', 'Changed Hotel 49', 'Be Them homestay', 'Full House Homestay', 'Metta Homestay Hue', 'Hue Eco Homestay', 'KING HOMESTAY', 'Changed Hotel 166', 'HOUSE OF LÝ', 'Chi Homestay #4']"
Lama Homestay 1,"['Ngoc Binh Hotel 1', 'Changed Hotel 356', 'The Light Homestay 7', 'Changed Hotel 343', 'Le Home 1', 'DKD TRIO Hotel 3', 'Leranda Homestay 4', 'Noric homestay 1', 'Changed Hotel 344', 'Bien Khoi Mini Hotel 1']"
Huethuonghotel 3,"['The Light Homestay 1', 'Changed Hotel 322', 'Leranda Homestay 11', 'Changed Hotel 339', 'Guest House Maika 1', 'Leranda Homestay 2', 'Nhu Hien Hotel 2', 'Changed Hotel 315', 'Leranda Homestay 5', ""Kota's House Homestay 3""]"
Flora Hotel Hue,"['Sapphire HOTEL HUE', 'Changed Hotel 111', 'Hue Classic Hotel', 'SALA HOTEL HUE', 'STAY HUE HOTEL', 'Hue Railway Hotel', 'THẢO AN HOTEL Huế', 'Changed Hotel 32', 'Changed Hotel 146', 'Millennium Hue Hotel']"
Thanh An 2 Guesthouse,"['Thanh An 3 Guesthouse', 'Minh Tam Guesthouse', 'Cat An Guesthouse', 'Anh Ngoc Guesthouse', 'Changed Hotel 185', 'Pao Hotel', 'Hue Harmony Hotel', 'SEA HOMESTAY', 'Changed Hotel 240', 'Changed Hotel 211']"
Bien Khoi Mini Hotel,"['Changed Hotel 25', 'Charming Riverside Hotel', 'Hue Full House Homestay 2', 'The Light Homestay', 'Ivy house', 'Anh Ngoc Guesthouse', 'Changed Hotel 237', 'Changed Hotel 285', 'Valentino Homestay', 'KLy Hotel']"
Bluesea Homestay,"['D & A Homestay Hue', 'The Sun Homestay', 'Changed Hotel 95', 'Be Them homestay', 'Changed Hotel 187', 'Nemo Homestay', 'Anna Homestay Hue', 'Full House Homestay', ""Q' Garden Villa Homestay"", 'Changed Hotel 248']"
Hồng Phát Hostel,"['Bonjour Hostel', 'DMZ Hostel', 'Chi Homestay #4', 'Changed Hotel 210', 'Changed Hotel 199', 'Binh An Hostel', 'Na Hostel Hue', 'KLy Apartment Hotel', 'Changed Hotel 234', 'Stop and Go Boutique Homestay Hue']"
Rubis Hostel,"['Chi Homestay #4', 'Changed Hotel 199', 'Binh An Hostel', 'Changed Hotel 151', 'Ken and Pi Hostel', 'Changed Hotel 170', 'Maily Hostel', 'Thanh Huong Homestay', 'Hue Full House Homestay 2', 'Phòng đơn - 1']"
Anh Tuan Hotel,"['Changed Hotel 150', 'Vina Spa Hotel', 'Lum Dong Tien Hotel', 'Sapphire Hotel Hue', 'Sapphire HOTEL HUE', 'Changed Hotel 163', 'Vina Hotel Hue', 'Jasmine Mini Hotel', 'Millennium Hue Hotel', 'Changed Hotel 240']"
Super OYO 882 Lucky Hotel,"['Lucky Home', 'Hue Railway Hotel', 'Hue thuong hotel', 'Changed Hotel 67', 'KLy Hotel', 'Changed Hotel 87', 'Sapphire HOTEL HUE', 'Hue Golden Inn Hotel', 'Changed Hotel 32', 'Hue Classic Hotel']"
Thanh An 3 Guesthouse,"['Thanh An 2 Guesthouse', 'Minh Tam Guesthouse', 'Changed Hotel 238', 'Changed Hotel 93', 'The Light Homestay', 'Changed Hotel 211', 'Thanh Huong Homestay', 'Phòng đơn - 1', 'Happy House Homestay 1', 'Hue Full House Homestay 2']"
Anh Ngoc Guesthouse,"['Minh Tam Guesthouse', 'Changed Hotel 93', 'Changed Hotel 237', 'Gia Anh Guesthouse', 'Changed Hotel 47', 'ANH’s HOUSE', 'Thanh An 2 Guesthouse', 'The Light Homestay', 'Phòng đơn - 1', 'Hue Full House Homestay 2']"
AN HOMESTAY HUE,"['Full House Homestay', 'Hue Full House Homestay 2', 'D & A Homestay Hue', 'Changed Hotel 242', 'Changed Hotel 184', 'Nana Homestay & Villa', 'KLy Hotel', 'Leranda Homestay', 'The Sun Homestay', 'Changed Hotel 195']"
Hue Railway Hotel,"['Vina Hotel Hue', 'Thien Phu Hotel', 'Changed Hotel 67', 'Hue Golden Inn Hotel', 'Changed Hotel 196', 'STAY HUE HOTEL', 'Changed Hotel 140', 'Hue 1962 INN', 'Shine Hotel', 'Huethuonghotel 1']"
Chic Studio Homestay,"['Changed Hotel 71', 'Happy House Homestay', 'AN HOMESTAY HUE', 'An Thai Homestay Hue', 'Full House Homestay', 'The Purple Hue Homestay', 'Changed Hotel 198', 'KING HOMESTAY', 'Changed Hotel 216', 'LaLa Homestay']"
ChocoHouse,"['AN HOMESTAY HUE', 'Changed Hotel 67', 'D & A Homestay Hue', 'Hoa ban Homestay', 'Changed Hotel 203', 'Full House Homestay', 'The Sun Homestay', ""Chi's Homestay & Coffee"", 'An Chi Homestay', 'Changed Hotel 19']"
"Căn hộ cao cấp 2pn-view đẹp-5'Tràng Tiền, Vincom","['Nick homestay, căn hộ cao cấp, view nghỉ dưỡng.', 'Tom homestay, căn hộ Nera garden Huế', 'Căn hộ khách sạn Nera garden Huế', 'Changed Hotel 264', 'Mộc nhiên homestay Căn hộ Nera Garden Huế', 'Noric homestay', 'Căn Hộ ROLEX - Nera Garden Huế', 'Changed Hotel 66', 'Changed Hotel 246', 'Amy Apartment Hue']"
Căn hộ khách sạn Nera garden Huế,"['Mộc nhiên homestay Căn hộ Nera Garden Huế', 'Tom homestay, căn hộ Nera garden Huế', 'Căn Hộ ROLEX - Nera Garden Huế', 'Chi Homestay Nera Garden Huế', 'Trungnamhomestay', 'Changed Hotel 261', 'Changed Hotel 283', 'KenKet house 1', 'Changed Hotel 96', ""Căn hộ cao cấp 2pn-view đẹp-5'Tràng Tiền, Vincom""]"
Hiên Cát homestay,"['Quang Homestay', 'Changed Hotel 189', 'Canary Homestay', 'Homestay Mộc Nhi', 'Changed Hotel 246', 'D & A Homestay Hue', 'Cam on home with swimming pool & gym room', 'Changed Hotel 170', 'Chi Homestay Nera Garden Huế', 'The Sun Homestay']"
KenKet house 1,"['KenKet house', 'Trungnamhomestay', 'Noric homestay', 'Chi Homestay Nera Garden Huế', 'Căn hộ khách sạn Nera garden Huế', 'Changed Hotel 96', 'Changed Hotel 271', 'Changed Hotel 247', 'Amy Apartment Hue', 'Nick homestay, căn hộ cao cấp, view nghỉ dưỡng.']"
Cam on home with swimming pool & gym room,"['Trungnamhomestay', 'Changed Hotel 283', 'Chi Homestay Nera Garden Huế', 'Changed Hotel 246', 'Happiest Homestay 1 - Manor Crown Hue', 'Căn hộ khách sạn Nera garden Huế', 'Mộc nhiên homestay Căn hộ Nera Garden Huế', 'Changed Hotel 271', 'Nick homestay, căn hộ cao cấp, view nghỉ dưỡng.', 'Căn Hộ ROLEX - Nera Garden Huế']"
Xuka Homestay,"['D & A Homestay Hue', 'Changed Hotel 49', 'Nemo Homestay', 'Anna Homestay Hue', 'Lam Garden Boutique Homestay', 'LaLa Homestay', 'MUN HOMeSTAY 2', 'Be Them homestay', 'Changed Hotel 232', 'Changed Hotel 187']"
Mộc nhiên homestay Căn hộ Nera Garden Huế,"['Changed Hotel 244', 'Căn Hộ ROLEX - Nera Garden Huế', 'Tom homestay, căn hộ Nera garden Huế', 'Chi Homestay Nera Garden Huế', 'Homestay Mộc Nhi', 'Trungnamhomestay', 'Nick homestay, căn hộ cao cấp, view nghỉ dưỡng.', 'Noric homestay', 'Changed Hotel 64', 'Changed Hotel 243']"
De Hué,"['D & A Homestay Hue', 'Changed Hotel 110', 'The Sun Homestay', 'Changed Hotel 170', 'Bluesea Homestay', 'Pinehill Tu Hieu Hue Homestay', 'Changed Hotel 187', 'Nemo Homestay', 'Lam Garden Boutique Homestay', 'Xuka Homestay']"
Lantana Huế homestay 2 - phòng đôi view sông Hương trung tâm thành phố #102,"['Anna Homestay Hue', 'The Purple Hue Homestay', 'D & A Homestay Hue', 'Changed Hotel 64', 'The Sun Homestay', 'Nana 2 Homestay', 'Changed Hotel 285', 'Lullaby homestay', 'MUN HOMeSTAY 2', 'Changed Hotel 284']"
Bien Khoi Mini Hotel 1,"['Changed Hotel 354', 'Ngoc Binh Hotel 1', 'DKD TRIO Hotel 3', ""Kota's House Homestay 6"", 'DKD TRIO Hotel 2', 'Lama Homestay 1', 'SEA HOMESTAY 1', 'Changed Hotel 305', 'Changed Hotel 326', 'Phòng đơn - 1 5']"
Codo Vintage,"['Codo Dorm Garden', 'Hue Lotus Homestay', 'SEA HOMESTAY', 'Changed Hotel 192', 'Lum Dong Tien Hotel', 'Changed Hotel 262', 'La Paix Hue', 'SUN HOTEL', 'Changed Hotel 215', 'Spring Garden Villa']"
Tin Tin Hue Hostel,"['Chi Homestay #4', 'Amy Hostel Hue', 'Changed Hotel 0', 'SOLEIL HOSTEL', 'Changed Hotel 151', 'Maily Hostel', 'Changed Hotel 222', 'Tò Vò Hostel Huế', 'Rubis Hostel', 'Lullaby homestay']"
Anna Homestay Hue,"['Changed Hotel 215', 'The Purple Hue Homestay', 'The Sun Homestay', 'Changed Hotel 42', 'Be Them homestay', 'Changed Hotel 248', ""Q' Garden Villa Homestay"", 'An Thai Homestay Hue', 'Hue Eco Homestay', 'Full House Homestay']"
Cat An Guesthouse,"['Changed Hotel 230', 'Minh Tam Guesthouse', 'SEA HOMESTAY', 'Changed Hotel 158', 'Binh An Hostel', 'Sapphire HOTEL HUE', 'Jasmine Mini Hotel', 'STAY HUE HOTEL', 'Changed Hotel 183', 'Cherry Hotel Hue']"
Huế Thơ Homestay,"['Changed Hotel 64', 'Khách sạn Huế thơ', 'Changed Hotel 215', 'Full House Homestay', 'Vina Spa Hotel Huế', 'Be Them homestay', 'Changed Hotel 95', 'The Sun Homestay', 'MUN HOMeSTAY 2', 'Chi Homestay Nera Garden Huế']"
Star Binh Duong Hotel,"['Binh Duong 2 Hotel', 'Thuy Duong Boutique Hotel Hue', 'Thai Binh II Hotel', 'Alba Hotel', 'Ngoc Binh Hotel', 'Changed Hotel 6', 'Ruby Bistro Hotel', 'Moonlight Hotel Hue', 'Changed Hotel 104', 'Changed Hotel 5']"
Happy House Homestay 1,"['Changed Hotel 19', 'Changed Hotel 203', 'Q Homestay PNL', 'The Light Homestay', 'Ivy house', 'Full House Homestay', 'Changed Hotel 192', 'Hue Railway Hotel', 'KLy Apartment Hotel', 'The Purple Hue Homestay']"
KING HOMESTAY,"['Changed Hotel 215', 'The Sun Homestay', 'Changed Hotel 116', 'The Purple Hue Homestay', 'Full House Homestay', 'Changed Hotel 187', 'Metta Homestay Hue', 'LaLa Homestay', 'Be Them homestay', 'Lama Homestay']"
"Nick homestay, căn hộ cao cấp, view nghỉ dưỡng.","[""Căn hộ cao cấp 2pn-view đẹp-5'Tràng Tiền, Vincom"", 'Changed Hotel 274', 'Căn hộ khách sạn Nera garden Huế', 'Trungnamhomestay', 'Changed Hotel 249', 'Noric homestay', 'Chi Homestay Nera Garden Huế', 'Căn Hộ ROLEX - Nera Garden Huế', 'KenKet house 1', 'Changed Hotel 96']"
Hue Classic Hotel,"['Changed Hotel 111', 'Sapphire HOTEL HUE', 'STAY HUE HOTEL', 'Changed Hotel 73', 'Vina Hotel Hue', 'Hue Railway Hotel', 'Thien Phu Hotel', 'Hue thuong hotel', 'Changed Hotel 80', 'Sapphire Hotel Hue']"
Leranda Homestay 1,"['Changed Hotel 305', 'Leranda Homestay 5', 'Phòng đơn - 1 3', 'Leranda Homestay 6', 'Changed Hotel 326', 'Leranda Homestay 8', 'Changed Hotel 300', 'Le Home 2', 'Phòng đơn - 1 4', 'Leranda Homestay 9']"
Trungnamhomestay,"['KenKet house 1', 'Changed Hotel 283', 'Changed Hotel 66', 'Căn hộ khách sạn Nera garden Huế', 'Cam on home with swimming pool & gym room', 'Mộc nhiên homestay Căn hộ Nera Garden Huế', 'Happiest Homestay 1 - Manor Crown Hue', 'Changed Hotel 261', 'Tom homestay, căn hộ Nera garden Huế', 'Amy Apartment Hue']"
Song Huong Hue Hotel,"['Charming Riverside Hotel', 'Hue Royal Hotel', 'Changed Hotel 111', 'Millennium Hue Hotel', 'Huong Giang Hotel Resort & Spa', 'Changed Hotel 49', 'THẢO AN HOTEL Huế', 'Changed Hotel 262', 'ÊMM Hotel Hue', 'Hue Four Seasons Hotel']"
Nhật Phương Hotel,"['Pao Hotel', 'Sapphire HOTEL HUE', 'Stop and Go Boutique Homestay Hue', 'Changed Hotel 183', 'Binh An Hostel', 'Changed Hotel 197', 'SUN HOTEL', 'SEA HOMESTAY', 'Vina Hotel Hue', 'Changed Hotel 158']"
Hill Bungalow,"['Son Bungalow Retreat', 'Changed Hotel 3', 'Changed Hotel 272', 'SaLa Hotel', 'Changed Hotel 169', 'Pao Hotel', 'SUN HOTEL', 'Gardenia Hue Hotel', 'Hue Railway Hotel', 'Hue Classic Hotel']"
Le House Villa,"['Le Robinet Villa - a journey into Hue citadel soul', 'Nana Homestay & Villa', 'Full House Homestay', 'Happy House Homestay', 'Changed Hotel 239', 'Changed Hotel 203', 'Soleil House', 'Changed Hotel 281', ""Q' Villa Garden Homestay"", '3H Hue Oasis Retreat Villa']"
Dong Loi Hotel,"['Changed Hotel 7', 'Hue Royal Hotel', 'Changed Hotel 90', 'Midtown Hotel Hue', 'Canary Boutique Hotel', 'Changed Hotel 104', 'Ngoc Binh Hotel', 'Casablanca Hotel', 'Than Thien - Friendly Hotel', 'Song Huong Hue Hotel']"
Đăng Tuấn hotel,"['Changed Hotel 32', 'Changed Hotel 206', 'SUN HOTEL', 'Sapphire HOTEL HUE', 'Huethuonghotel 1', 'STAY HUE HOTEL', 'Changed Hotel 262', 'Hue Railway Hotel', 'THẢO AN HOTEL Huế', 'Rang Dong Hue Hotel']"
Homestay Mộc Nhi,"['Mộc nhiên homestay Căn hộ Nera Garden Huế', 'Changed Hotel 66', 'KenKet house 1', 'Trungnamhomestay', 'Changed Hotel 215', 'Noric homestay', 'Changed Hotel 248', 'Happiest Homestay 1 - Manor Crown Hue', 'Hiên Cát homestay', 'Cam on home with swimming pool & gym room']"
Thien An Pine Hill Homestay Hue,"['Changed Hotel 92', 'Hill Bungalow', ""Q' Garden Villa Homestay"", 'Changed Hotel 214', 'D & A Homestay Hue', 'Metta Homestay Hue', 'Hue Eco Homestay', 'Changed Hotel 95', 'The Sun Homestay', 'SEVEN HOMESTAY(HUE)']"
3H Hue Oasis Retreat Villa,"[""Q' Garden Villa Homestay"", 'HELLO VILLA & SPA', 'Changed Hotel 72', 'Spring Garden Villa', 'Orchid Riverside Villa', 'Le Robinet Villa - a journey into Hue citadel soul', 'Changed Hotel 36', 'Le House Villa', 'Changed Hotel 178', 'Sunshine villa thuy bieu']"
"Tom homestay, căn hộ Nera garden Huế","['Căn hộ khách sạn Nera garden Huế', 'Mộc nhiên homestay Căn hộ Nera Garden Huế', 'Căn Hộ ROLEX - Nera Garden Huế', 'Changed Hotel 66', 'Changed Hotel 243', 'Nick homestay, căn hộ cao cấp, view nghỉ dưỡng.', 'Changed Hotel 283', 'Trungnamhomestay', 'Happiest Homestay 1 - Manor Crown Hue', 'KenKet house 1']"
Nhà nghỉ Quốc Khánh,"['Changed Hotel 170', 'Phòng đơn - 1', 'KenKet house', 'The Light Homestay', 'Hue Full House Homestay 2', 'Pao Hotel', 'Chi Homestay #4', 'Rubis Hostel', 'Changed Hotel 93', 'Changed Hotel 148']"
Canary Homestay,"['Shark Home', 'Hiên Cát homestay', 'Changed Hotel 189', 'Changed Hotel 271', 'The Purple Hue Homestay', 'Anna Homestay Hue', 'An Thai Homestay Hue', 'D & A Homestay Hue', 'Full House Homestay', 'Changed Hotel 42']"
Leranda Homestay 2,"['Changed Hotel 371', 'The Light Homestay 4', 'Changed Hotel 306', 'Leranda Homestay 11', 'The Light Homestay 6', 'DKD TRIO Hotel 5', 'Changed Hotel 357', 'Binh Duong 2 Hotel 8', 'Phòng đơn - 1 5', 'Leranda Homestay 9']"
DKD TRIO Hotel,"['Changed Hotel 204', 'Hue Four Seasons Hotel', 'STAY HUE HOTEL', 'Hue Railway Hotel', 'Changed Hotel 111', 'Life Boutique Hotel', 'Hong Thien 1 Hotel', 'Jade Scene Hotel', 'Changed Hotel 262', 'New World Hotel']"
Kota's House Homestay,"['The Purple Hue Homestay', 'Changed Hotel 178', 'Hue Full House Homestay 2', 'Happy House Homestay', ""Chi's Homestay & Coffee"", 'Full House Homestay', 'Changed Hotel 53', 'KING HOMESTAY', 'The Sun Homestay', 'Changed Hotel 164']"
Binh Duong 2 Hotel,"['Star Binh Duong Hotel', 'Thai Binh II Hotel', 'Changed Hotel 43', 'Changed Hotel 104', 'Binh An Hostel', 'Changed Hotel 115', 'Song Huong Hue Hotel', 'Sunny B Hotel', 'Midtown Hotel Hue', 'Hue Royal Hotel']"
Le Home,"['Le House Villa', 'Shark Home', 'D & A Homestay Hue', 'Lucky Home', 'Changed Hotel 190', 'Ngọc Bích Home (Sapphire Hotel Hue 2)', 'Changed Hotel 188', 'Lama Homestay', 'Changed Hotel 15', 'De Hué']"
Duy Tan 2 Hotel,"['Duy Tan Hotel', 'Bao Minh Hotel', 'Changed Hotel 62', 'Alba Hotel', 'Changed Hotel 217', 'Changed Hotel 258', 'The Sunriver Boutique Hotel Hue', 'Moonlight Hotel Hue', 'Jasmine Hotel', 'ÊMM Hotel Hue']"
Noric homestay,"['Changed Hotel 66', 'Changed Hotel 264', 'KenKet house 1', 'Happiest Homestay 1 - Manor Crown Hue', 'Tom homestay, căn hộ Nera garden Huế', 'Changed Hotel 247', 'Căn hộ khách sạn Nera garden Huế', 'Nick homestay, căn hộ cao cấp, view nghỉ dưỡng.', 'Amy Apartment Hue', 'Mộc nhiên homestay Căn hộ Nera Garden Huế']"
The Light Homestay,"['Ivy house', 'Phòng đơn - 1', 'Changed Hotel 221', 'MUN HOMeSTAY 2', 'Hue Full House Homestay 2', 'Happy House Homestay 1', 'Changed Hotel 49', 'Chi Homestay #4', 'Changed Hotel 215', 'KenKet house']"
Phòng đơn - 1,"['Changed Hotel 170', 'The Light Homestay', 'Ivy house', 'Chi Homestay #4', 'Q Homestay PNL', 'Vina Hotel Hue', 'The Sun Homestay', 'Hue Full House Homestay 2', 'Changed Hotel 87', 'Changed Hotel 189']"
Nhu Hien Hotel,"['Changed Hotel 183', 'STAY HUE HOTEL', 'THẢO AN HOTEL Huế', 'Sapphire HOTEL HUE', 'Vina Hotel Hue', 'Changed Hotel 14', 'SUN HOTEL', 'Changed Hotel 37', 'Hue Railway Hotel', 'Hue Four Seasons Hotel']"
Leranda Homestay 3,"['Nhu Hien Hotel 6', 'Changed Hotel 336', 'Ngoc Binh Hotel 1', 'Le Home 2', 'Changed Hotel 376', 'Phòng đơn - 1 9', 'Changed Hotel 311', 'DKD TRIO Hotel 3', 'DKD TRIO Hotel 6', ""Kota's House Homestay 4""]"
DKD TRIO Hotel 1,"['Phong Nha Hotel 1', 'DKD TRIO Hotel 5', 'Leranda Homestay 8', 'Noric homestay 9', 'Changed Hotel 325', 'DKD TRIO Hotel 3', 'Leranda Homestay 7', 'Nhu Hien Hotel 4', 'Changed Hotel 310', 'Changed Hotel 58']"
Kota's House Homestay 1,"['Noric homestay 3', 'Changed Hotel 330', 'Changed Hotel 309', ""Kota's House Homestay 4"", ""Kota's House Homestay 5"", 'Changed Hotel 369', ""Kota's House Homestay 7"", ""Kota's House Homestay 6"", ""Kota's House Homestay 8"", ""Kota's House Homestay 2""]"
Binh Duong 2 Hotel 1,"['Hue Riverside Boutique Resort & Spa 1', 'Changed Hotel 360', 'Jasmine Mini Hotel 1', 'Changed Hotel 207', 'Phòng đơn - 1 5', ""Kota's House Homestay 9"", 'The Light Homestay 7', 'Noric homestay 5', 'Changed Hotel 375', ""Kota's House Homestay 4""]"
Le Home 1,"['Le Home 2', 'Leranda Homestay 4', 'Lama Homestay 1', 'Noric homestay 1', 'Changed Hotel 361', 'Changed Hotel 356', ""Kota's House Homestay 3"", 'Duy Tan 2 Hotel 4', 'Le Home 3', 'Changed Hotel 362']"
Duy Tan 2 Hotel 1,"['Changed Hotel 331', 'Changed Hotel 311', 'Duy Tan 2 Hotel 3', 'Duy Tan 2 Hotel 9', ""Kota's House Homestay 4"", 'Duy Tan 2 Hotel 2', 'Duy Tan 2 Hotel 7', 'Duy Tan 2 Hotel 8', 'Le Home 7', 'Changed Hotel 342']"
Noric homestay 1,"['Changed Hotel 343', 'Le Home 1', 'Noric homestay 7', 'Lama Homestay 1', 'Changed Hotel 356', 'Leranda Homestay 4', ""Kota's House Homestay 3"", 'Phòng đơn - 1 5', 'Noric homestay 5', 'Changed Hotel 283']"
The Light Homestay 1,"['Leranda Homestay 11', 'Changed Hotel 322', 'Huethuonghotel 3', 'DKD TRIO Hotel 9', 'Nana Homestay & Villa 1', 'Le Home 6', 'Changed Hotel 324', 'Changed Hotel 309', 'Shark Home 2', 'Nhu Hien Hotel 2']"
Phòng đơn - 1 1,"['Vietnam Backpacker Hostels - Hue 1', 'Binh Duong 2 Hotel 7', 'Changed Hotel 299', 'Noric homestay 4', 'The Light Homestay 6', 'Shark Home 2', 'The Light Homestay 9', 'Changed Hotel 315', 'Changed Hotel 347', 'Leranda Homestay 11']"
Nhu Hien Hotel 1,"['Duy Tan 2 Hotel 2', 'DKD TRIO Hotel 8', 'Leranda Homestay 9', 'Changed Hotel 316', 'The Light Homestay 2', 'Leranda Homestay 10', 'Phòng đơn - 1 2', 'Changed Hotel 353', 'Binh Duong 2 Hotel 9', 'Changed Hotel 324']"
Leranda Homestay 4,"['Le Home 1', 'Lama Homestay 1', 'Nhu Hien Hotel 7', 'Changed Hotel 293', 'Changed Hotel 307', 'Noric homestay 6', 'Leranda Homestay 10', 'Leranda Homestay 2', ""Kota's House Homestay 3"", 'Changed Hotel 287']"
DKD TRIO Hotel 2,"['Changed Hotel 375', 'Changed Hotel 346', 'a-mâze house 1', 'Bien Khoi Mini Hotel 1', 'Phòng đơn - 1 4', 'Shark Home 1', 'Changed Hotel 308', 'Le Home 5', 'Hue Riverside Boutique Resort & Spa 1', 'The Light Homestay 3']"
Kota's House Homestay 2,"['The Light Homestay 2', ""Kota's House Homestay 4"", ""Kota's House Homestay 9"", 'Changed Hotel 177', ""Kota's House Homestay 3"", 'Changed Hotel 290', 'Changed Hotel 180', ""Kota's House Homestay 5"", ""Kota's House Homestay 6"", 'The Light Homestay 7']"
Binh Duong 2 Hotel 2,"['Amy Hostel Hue 1', 'Changed Hotel 331', 'Binh Duong 2 Hotel 9', 'Leranda Homestay 1', 'Nhu Hien Hotel 4', 'Binh Duong 2 Hotel 3', 'Duy Tan 2 Hotel 2', 'Changed Hotel 347', 'Changed Hotel 373', 'Binh Duong 2 Hotel 8']"
Le Home 2,"['Nhu Hien Hotel 9', 'Le Home 3', 'Duy Tan 2 Hotel 9', 'Leranda Homestay 3', 'Nhu Hien Hotel 6', 'Le Home 8', 'Le Home 1', 'Changed Hotel 322', 'Changed Hotel 307', 'Changed Hotel 182']"
Duy Tan 2 Hotel 2,"['Leranda Homestay 9', 'The Light Homestay 9', 'Binh Duong 2 Hotel 7', 'Changed Hotel 362', 'Binh Duong 2 Hotel 6', 'DMZ Hostel 1', 'Pink Chill House 1', 'Changed Hotel 292', 'The Light Homestay 6', 'Changed Hotel 332']"
Noric homestay 2,"['Changed Hotel 310', 'Noric homestay 7', 'Noric homestay 1', 'Noric homestay 5', 'Noric homestay 6', 'Căn hộ khách sạn Nera garden Huế', 'Noric homestay 8', 'Changed Hotel 249', 'Changed Hotel 264', 'Noric homestay 3']"
The Light Homestay 2,"[""Kota's House Homestay 2"", 'DKD TRIO Hotel 8', 'The Light Homestay 7', 'Changed Hotel 324', 'Changed Hotel 375', ""Kota's House Homestay 4"", 'Jasmine Mini Hotel 1', 'Binh Duong 2 Hotel 9', 'Changed Hotel 290', ""Kota's House Homestay 9""]"
Phòng đơn - 1 2,"['The Light Homestay 5', 'Leranda Homestay 1', 'Leranda Homestay 6', 'Le Home 4', 'Nhu Hien Hotel 4', 'Noric homestay 7', 'Changed Hotel 315', 'Changed Hotel 347', 'Duy Tan 2 Hotel 2', 'Changed Hotel 304']"
Nhu Hien Hotel 2,"['Changed Hotel 277', 'Leranda Homestay 11', 'Le Home 9', 'Le Home 6', 'The Light Homestay 4', 'Noric homestay 6', 'Binh Duong 2 Hotel 4', 'Changed Hotel 228', 'Changed Hotel 294', 'Noric homestay 5']"
Leranda Homestay 5,"['Noric homestay 7', 'Phòng đơn - 1 3', 'Leranda Homestay 8', 'Changed Hotel 317', 'Changed Hotel 364', 'Duy Tan 2 Hotel 4', 'Leranda Homestay 1', 'Changed Hotel 352', 'Nhu Hien Hotel 8', 'Duy Tan 2 Hotel 6']"
DKD TRIO Hotel 3,"['Ngoc Binh Hotel 1', 'The Light Homestay 7', 'Phòng đơn - 1 9', 'Changed Hotel 227', 'Leranda Homestay 3', 'DKD TRIO Hotel 6', 'Changed Hotel 346', 'Noric homestay 4', 'Bien Khoi Mini Hotel 1', 'Changed Hotel 328']"
Kota's House Homestay 3,"[""Kota's House Homestay 9"", ""Kota's House Homestay 5"", 'Le Home 1', 'Changed Hotel 339', 'Changed Hotel 349', 'Nana Homestay & Villa 1', 'Duy Tan 2 Hotel 4', ""Kota's House Homestay 4"", 'Changed Hotel 307', ""Kota's House Homestay 1""]"
Binh Duong 2 Hotel 3,"['Changed Hotel 303', 'Binh Duong 2 Hotel 4', 'The Light Homestay 5', 'Leranda Homestay 8', 'Changed Hotel 301', 'Leranda Homestay 5', 'DKD TRIO Hotel 5', 'Amy Hostel Hue 1', 'Binh Duong 2 Hotel 2', 'Changed Hotel 263']"
Le Home 3,"['Le Home 8', 'Le Home 2', 'Leranda Homestay 3', 'Le Home 7', 'Changed Hotel 349', 'Le Home 1', 'Duy Tan 2 Hotel 1', 'Changed Hotel 371', 'Changed Hotel 319', ""Kota's House Homestay 9""]"
Duy Tan 2 Hotel 3,"['Changed Hotel 292', 'Noric homestay 9', 'Nhu Hien Hotel 9', 'Amy Hostel Hue 1', 'DKD TRIO Hotel 6', 'Duy Tan 2 Hotel 8', 'Changed Hotel 331', 'Le Home 2', 'Changed Hotel 302', 'Duy Tan 2 Hotel 9']"
Noric homestay 3,"['Changed Hotel 289', 'Changed Hotel 330', 'Noric homestay 5', 'Noric homestay 4', 'Noric homestay 7', 'Noric homestay 8', 'Noric homestay 9', 'Trungnamhomestay', 'Noric homestay', 'Changed Hotel 293']"
The Light Homestay 3,"['Changed Hotel 366', 'The Light Homestay 8', 'Noric homestay 8', 'Noric homestay 4', ""Kota's House Homestay 7"", 'The Light Homestay 7', 'Phòng đơn - 1 6', 'DKD TRIO Hotel 2', 'Changed Hotel 375', 'Changed Hotel 357']"
Phòng đơn - 1 3,"['Changed Hotel 353', 'Leranda Homestay 5', 'Changed Hotel 322', 'Leranda Homestay 1', 'Changed Hotel 305', 'Le Home 2', 'Phòng đơn - 1 4', ""Kota's House Homestay 3"", 'Huethuonghotel 3', 'Phong Nha Hotel 1']"
Nhu Hien Hotel 3,"['Binh Duong 2 Hotel 9', 'Be Them homestay 1', 'Pink Chill House 1', 'Changed Hotel 358', 'Changed Hotel 357', 'Duy Tan 2 Hotel 5', 'Changed Hotel 296', 'Nhu Hien Hotel 4', ""Kota's House Homestay 3"", 'Binh Duong 2 Hotel 1']"
Leranda Homestay 6,"['Ivy house 1', 'The Light Homestay 5', 'The Light Homestay 8', 'Changed Hotel 307', 'Le Home 4', 'Phòng đơn - 1 2', 'Changed Hotel 337', 'Nhu Hien Hotel 8', 'Changed Hotel 351', 'Leranda Homestay 1']"
DKD TRIO Hotel 4,"['Changed Hotel 132', 'DKD TRIO Hotel 7', 'Binh Duong 2 Hotel 7', 'Changed Hotel 328', 'Binh Duong 2 Hotel 4', 'Hue Riverside Boutique Resort & Spa 1', 'Phòng đơn - 1 5', 'Binh Duong 2 Hotel 8', 'Changed Hotel 369', 'Leranda Homestay 9']"
Kota's House Homestay 4,"['Changed Hotel 369', ""Kota's House Homestay 2"", 'Lam Garden Boutique Homestay 1', ""Kota's House Homestay 6"", ""Kota's House Homestay 3"", 'Jasmine Mini Hotel 1', ""Kota's House Homestay 5"", 'Hue Riverside Boutique Resort & Spa 1', 'Changed Hotel 349', 'Changed Hotel 287']"
Binh Duong 2 Hotel 4,"['Binh Duong 2 Hotel 3', 'Changed Hotel 132', 'DKD TRIO Hotel 4', 'Nhu Hien Hotel 2', 'Binh Duong 2 Hotel 8', 'Binh Duong 2 Hotel 1', 'Noric homestay 6', 'Binh Duong 2 Hotel 7', 'Changed Hotel 340', 'Changed Hotel 303']"
Le Home 4,"['Le Home 7', 'Changed Hotel 317', 'Phòng đơn - 1 2', 'Le Home 8', 'The Light Homestay 5', 'Le Home 2', 'Le Home 3', 'Le Home 1', 'Changed Hotel 77', 'Changed Hotel 371']"
Duy Tan 2 Hotel 4,"['The Light Homestay 1', 'Changed Hotel 228', 'Changed Hotel 353', 'Phòng đơn - 1 3', 'Leranda Homestay 11', 'Leranda Homestay 5', 'Changed Hotel 301', 'Le Home 1', ""Kota's House Homestay 3"", 'DKD TRIO Hotel 9']"
Noric homestay 4,"['Noric homestay 5', 'The Light Homestay 3', 'Changed Hotel 308', 'Changed Hotel 375', ""Kota's House Homestay 2"", 'Noric homestay 3', 'Noric homestay 7', 'Changed Hotel 363', 'Noric homestay 9', 'Trungnamhomestay']"
The Light Homestay 4,"['Changed Hotel 277', 'Le Home 9', 'Changed Hotel 306', 'The Light Homestay 2', 'The Light Homestay 6', 'The Light Homestay 1', 'Phòng đơn - 1 5', 'Changed Hotel 181', 'The Light Homestay 7', 'Binh Duong 2 Hotel 8']"
Phòng đơn - 1 4,"['DKD TRIO Hotel 2', 'Phòng đơn - 1 3', 'Changed Hotel 154', 'Leranda Homestay 1', ""Kota's House Homestay 6"", ""Kota's House Homestay 5"", 'Nhu Hien Hotel 9', 'Changed Hotel 314', 'Noric homestay 9', 'Changed Hotel 27']"
Nhu Hien Hotel 4,"['Amy Hostel Hue 1', 'Phòng đơn - 1 2', 'Leranda Homestay 1', 'Shark Home 2', 'Changed Hotel 300', ""Kota's House Homestay 1"", 'Ngoc Binh Hotel 1', 'Changed Hotel 357', 'Noric homestay 3', 'Changed Hotel 309']"
Leranda Homestay 7,"['Changed Hotel 338', 'Ngoc Binh Hotel 1', 'Leranda Homestay 3', 'Noric homestay 9', 'Changed Hotel 317', 'Changed Hotel 372', 'Leranda Homestay 10', 'Nhu Hien Hotel 9', 'Leranda Homestay 8', 'DKD TRIO Hotel 3']"
DKD TRIO Hotel 5,"['Changed Hotel 344', 'Shark Home 2', 'Changed Hotel 350', 'Duy Tan 2 Hotel 8', 'DMZ Hostel 1', 'Leranda Homestay 2', 'Nana Homestay & Villa 1', 'Lama Homestay 1', 'Changed Hotel 308', 'DKD TRIO Hotel 4']"
Kota's House Homestay 5,"[""Kota's House Homestay 6"", ""Kota's House Homestay 3"", ""Kota's House Homestay 9"", 'Changed Hotel 319', ""Kota's House Homestay 1"", ""Kota's House Homestay 7"", ""Kota's House Homestay 2"", 'Ivy house 1', 'Changed Hotel 359', 'Changed Hotel 325']"
Binh Duong 2 Hotel 5,"['Noric homestay 3', 'Changed Hotel 289', 'Changed Hotel 349', 'Le Home 3', 'Changed Hotel 290', 'Phòng đơn - 1 6', 'Binh Duong 2 Hotel 8', 'Leranda Homestay 10', 'Duy Tan 2 Hotel 1', 'Jasmine Mini Hotel 1']"
Le Home 5,"['Amy Hostel Hue 1', 'Changed Hotel 292', 'Changed Hotel 300', 'Khách sạn Đồng Dao', 'DKD TRIO Hotel 6', 'DKD TRIO Hotel 2', 'Le Home 2', 'Le Home 3', 'Changed Hotel 341', 'Le Home 1']"
Duy Tan 2 Hotel 5,"['Soleil House 1', 'Leranda Homestay 10', 'Duy Tan 2 Hotel 2', 'Pink Chill House 1', 'Changed Hotel 292', 'Changed Hotel 316', 'Changed Hotel 362', 'Nhu Hien Hotel 8', 'Le Home 2', 'DKD TRIO Hotel 8']"
Noric homestay 5,"['The Light Homestay 7', 'Binh Duong 2 Hotel 1', 'Noric homestay 4', 'Changed Hotel 363', 'Changed Hotel 177', 'Phòng đơn - 1 9', 'Jasmine Mini Hotel 1', 'Tùng Homestay 1', 'Trungnamhomestay', 'Changed Hotel 283']"
The Light Homestay 5,"['Leranda Homestay 6', 'Changed Hotel 305', 'Binh Duong 2 Hotel 3', 'Leranda Homestay 8', 'Le Home 4', 'DKD TRIO Hotel 5', 'Le Home 7', 'Leranda Homestay 5', 'Changed Hotel 353', 'Changed Hotel 315']"
Phòng đơn - 1 5,"['Binh Duong 2 Hotel 8', 'Binh Duong 2 Hotel 1', 'Hue Riverside Boutique Resort & Spa 1', 'Phòng đơn - 1 6', 'Changed Hotel 369', 'Phòng đơn - 1 7', 'Changed Hotel 180', 'Noric homestay 1', 'Changed Hotel 343', 'The Light Homestay 4']"
Nhu Hien Hotel 5,"['Nhu Hien Hotel 6', 'a-mâze house 1', 'Leranda Homestay 3', 'Shark Home 1', 'Changed Hotel 375', 'Changed Hotel 311', 'Duy Tan 2 Hotel 9', 'Changed Hotel 182', 'Nhu Hien Hotel 9', 'DKD TRIO Hotel 2']"
Leranda Homestay 8,"['Leranda Homestay 5', 'Ivy house 1', 'Changed Hotel 317', 'Binh Duong 2 Hotel 3', 'Changed Hotel 334', 'Leranda Homestay 1', 'Duy Tan 2 Hotel 6', 'Leranda Homestay 9', 'Changed Hotel 357', 'Leranda Homestay 7']"
DKD TRIO Hotel 6,"['Noric homestay 9', 'Nhu Hien Hotel 9', 'DKD TRIO Hotel 3', 'Nhu Hien Hotel 6', 'Leranda Homestay 3', 'Changed Hotel 327', 'Ngoc Binh Hotel 1', 'Changed Hotel 202', 'Changed Hotel 372', 'Le Home 2']"
Kota's House Homestay 6,"['Changed Hotel 329', ""Kota's House Homestay 4"", 'Changed Hotel 349', ""Kota's House Homestay 3"", 'Changed Hotel 369', 'Guest House Maika 1', 'Bien Khoi Mini Hotel 1', 'Huethuonghotel 3', ""Kota's House Homestay 2"", ""Kota's House Homestay 1""]"
Binh Duong 2 Hotel 6,"['Binh Duong 2 Hotel 7', 'Duy Tan 2 Hotel 2', 'Changed Hotel 347', 'Pink Chill House 1', 'Changed Hotel 81', 'The Light Homestay 9', 'Duy Tan 2 Hotel 8', 'Changed Hotel 360', 'The Light Homestay 6', 'DKD TRIO Hotel 5']"
Le Home 6,"['Leranda Homestay 11', 'Changed Hotel 368', 'Nhu Hien Hotel 2', 'Nana Homestay & Villa 1', 'The Light Homestay 1', 'Le Home 9', 'Changed Hotel 322', 'Le Home 2', 'Le Home 3', 'Changed Hotel 291']"
Duy Tan 2 Hotel 6,"['Duy Tan 2 Hotel 7', 'Nhu Hien Hotel 8', 'Changed Hotel 364', 'Changed Hotel 307', 'Leranda Homestay 8', 'Duy Tan 2 Hotel 1', 'Ivy house 1', 'Changed Hotel 339', 'Duy Tan 2 Hotel 8', 'Duy Tan 2 Hotel 2']"
Noric homestay 6,"['Noric homestay 1', 'Lama Homestay 1', 'Noric homestay 7', 'Changed Hotel 355', 'Phòng đơn - 1 5', 'Changed Hotel 306', 'Changed Hotel 333', 'Le Home 1', 'Trungnamhomestay', 'Noric homestay']"
The Light Homestay 6,"['Changed Hotel 328', 'Binh Duong 2 Hotel 7', 'Duy Tan 2 Hotel 8', 'Shark Home 2', 'Changed Hotel 374', 'DMZ Hostel 1', 'Leranda Homestay 2', 'The Light Homestay 4', 'The Light Homestay 7', 'Changed Hotel 227']"
Phòng đơn - 1 6,"['Changed Hotel 335', ""Kota's House Homestay 7"", 'Hue Riverside Boutique Resort & Spa 1', 'Changed Hotel 360', 'Changed Hotel 290', 'The Light Homestay 3', 'Le Home 3', 'Nhu Hien Hotel 8', 'Binh Duong 2 Hotel 5', 'Guest House Maika 1']"
Nhu Hien Hotel 6,"['Leranda Homestay 3', 'Changed Hotel 336', 'Phòng đơn - 1 9', 'Nhu Hien Hotel 9', 'a-mâze house 1', 'Ngoc Binh Hotel 1', 'Changed Hotel 301', 'Shark Home 1', 'Changed Hotel 308', 'Duy Tan 2 Hotel 9']"
Leranda Homestay 9,"['Changed Hotel 302', 'Changed Hotel 374', 'Binh Duong 2 Hotel 7', 'DMZ Hostel 1', 'Binh Duong 2 Hotel 6', 'Leranda Homestay 5', 'Leranda Homestay 6', 'Duy Tan 2 Hotel 8', 'Pink Chill House 1', 'Changed Hotel 357']"
DKD TRIO Hotel 7,"['DKD TRIO Hotel 4', 'Changed Hotel 81', 'DKD TRIO Hotel 5', 'Leranda Homestay 2', 'HOUSE OF LÝ 1', 'Changed Hotel 344', 'DKD TRIO Hotel 9', 'Changed Hotel 374', 'Binh Duong 2 Hotel 9', 'Shark Home 2']"
Kota's House Homestay 7,"['Phòng đơn - 1 6', ""Kota's House Homestay 6"", ""Kota's House Homestay 9"", 'Changed Hotel 311', 'Changed Hotel 309', 'Changed Hotel 330', ""Kota's House Homestay 4"", 'The Light Homestay 3', ""Kota's House Homestay 5"", 'Leranda Homestay 10']"
Binh Duong 2 Hotel 7,"['Changed Hotel 302', 'Duy Tan 2 Hotel 8', 'Leranda Homestay 9', 'The Light Homestay 9', 'The Light Homestay 6', 'Binh Duong 2 Hotel 6', 'DKD TRIO Hotel 5', 'Nana Homestay & Villa 1', 'Changed Hotel 181', 'Changed Hotel 81']"
Le Home 7,"['Le Home 4', 'Changed Hotel 361', 'Le Home 3', 'Leranda Homestay 6', 'Le Home 1', 'Vietnam Backpacker Hostels - Hue 1', 'Le Home 2', 'Duy Tan 2 Hotel 1', 'Changed Hotel 371', 'Changed Hotel 334']"
Duy Tan 2 Hotel 7,"['Duy Tan 2 Hotel 6', 'Changed Hotel 364', 'Leranda Homestay 5', 'Nhu Hien Hotel 8', 'Duy Tan 2 Hotel 1', 'Changed Hotel 363', 'Changed Hotel 362', 'Duy Tan 2 Hotel 2', 'Binh Duong 2 Hotel 9', 'Duy Tan 2 Hotel 4']"
Noric homestay 7,"['Leranda Homestay 5', 'Phòng đơn - 1 3', 'Duy Tan 2 Hotel 4', 'Changed Hotel 293', 'Noric homestay 6', 'Phòng đơn - 1 2', 'Changed Hotel 303', 'Changed Hotel 301', 'Binh Duong 2 Hotel 9', 'Noric homestay 5']"
The Light Homestay 7,"['Ngoc Binh Hotel 1', 'DKD TRIO Hotel 3', 'Binh Duong 2 Hotel 1', 'Noric homestay 5', 'Jasmine Mini Hotel 1', 'Changed Hotel 227', 'Changed Hotel 304', 'Changed Hotel 375', 'Hue Riverside Boutique Resort & Spa 1', 'Bien Khoi Mini Hotel 1']"
Phòng đơn - 1 7,"['Phòng đơn - 1 5', 'Noric homestay 6', 'Changed Hotel 369', 'Changed Hotel 293', 'VIỆT Hostel', 'Leranda Homestay 2', 'Changed Hotel 315', 'Phòng đơn - 1 8', ""Kota's House Homestay 4"", 'Noric homestay 7']"
Nhu Hien Hotel 7,"['Lama Homestay 1', 'Le Home 1', 'Leranda Homestay 4', 'Changed Hotel 293', 'Changed Hotel 322', 'Changed Hotel 343', ""Kota's House Homestay 3"", 'Nhu Hien Hotel 9', 'Duy Tan 2 Hotel 8', 'Nhu Hien Hotel 8']"
Leranda Homestay 10,"['Guest House Maika 1', 'Duy Tan 2 Hotel 5', 'Ngoc Binh Hotel 1', 'Changed Hotel 354', 'Leranda Homestay 2', 'Changed Hotel 347', 'Lam Garden Boutique Homestay 1', 'Khách sạn Huế thơ', ""Kota's House Homestay 7"", 'Changed Hotel 202']"
DKD TRIO Hotel 8,"['Binh Duong 2 Hotel 9', 'The Light Homestay 2', 'Changed Hotel 316', ""Kota's House Homestay 2"", 'Pink Chill House 1', 'Changed Hotel 296', 'Changed Hotel 357', 'Duy Tan 2 Hotel 5', 'Leranda Homestay 9', 'Phòng đơn - 1']"
Kota's House Homestay 8,"[""Kota's House Homestay 9"", ""Kota's House Homestay 3"", 'Changed Hotel 319', ""Kota's House Homestay 7"", ""Kota's House Homestay 5"", ""Kota's House Homestay 6"", 'Changed Hotel 289', ""Kota's House Homestay 2"", 'Changed Hotel 375', 'The Light Homestay 4']"
Binh Duong 2 Hotel 8,"['Binh Duong 2 Hotel 1', 'Changed Hotel 335', 'Changed Hotel 177', 'Jasmine Mini Hotel 1', ""Kota's House Homestay 9"", 'Lam Garden Boutique Homestay 1', 'Duy Tan 2 Hotel 4', 'Binh Duong 2 Hotel 6', 'Phòng đơn - 1 6', 'Changed Hotel 291']"
Le Home 8,"['Changed Hotel 311', 'Le Home 7', 'Le Home 2', 'Lam Garden Boutique Homestay 1', 'Le Home 1', 'Le Home 4', ""Kota's House Homestay 9"", 'Le Home 9', 'Changed Hotel 319', 'Changed Hotel 180']"
Duy Tan 2 Hotel 8,"['Changed Hotel 350', 'Duy Tan 2 Hotel 2', 'Changed Hotel 52', 'The Light Homestay 6', 'Tùng Homestay 1', 'DKD TRIO Hotel 5', 'Le Home 1', 'Binh Duong 2 Hotel 6', 'Changed Hotel 347', ""Kota's House Homestay 3""]"
Noric homestay 8,"['Noric homestay 5', 'The Light Homestay 3', 'The Light Homestay 8', 'Changed Hotel 352', 'Binh Duong 2 Hotel 7', 'Noric homestay 3', 'The Light Homestay 9', 'Leranda Homestay 9', 'Changed Hotel 323', 'Changed Hotel 264']"
The Light Homestay 8,"['Changed Hotel 366', 'Changed Hotel 157', 'Duy Tan 2 Hotel 7', 'Leranda Homestay 6', 'Leranda Homestay 5', 'Duy Tan 2 Hotel 6', 'The Light Homestay 3', 'Noric homestay 8', 'Changed Hotel 127', 'The Light Homestay 9']"
Phòng đơn - 1 8,"['Shark Home 2', 'Phòng đơn - 1 3', 'Duy Tan 2 Hotel 4', 'Leranda Homestay 5', 'Phòng đơn - 1 7', 'Changed Hotel 294', 'ký ức tươi đẹp homestay', 'Changed Hotel 353', 'Changed Hotel 309', 'Huethuonghotel 3']"
Nhu Hien Hotel 8,"['Changed Hotel 364', 'Duy Tan 2 Hotel 6', 'The Light Homestay 3', 'Duy Tan 2 Hotel 7', 'Changed Hotel 307', 'Leranda Homestay 6', 'Phòng đơn - 1 6', 'Binh Duong 2 Hotel 9', ""Kota's House Homestay 7"", 'Changed Hotel 332']"
Leranda Homestay 11,"['The Light Homestay 1', 'Le Home 6', 'Nhu Hien Hotel 2', 'Huethuonghotel 3', 'Changed Hotel 322', 'Leranda Homestay 2', 'DKD TRIO Hotel 9', 'Changed Hotel 52', 'Leranda Homestay 5', 'Changed Hotel 69']"
DKD TRIO Hotel 9,"['The Light Homestay 1', 'Nana Homestay & Villa 1', 'Le Home 6', 'Leranda Homestay 11', 'Changed Hotel 322', 'Noric homestay 1', 'Changed Hotel 298', 'Khách sạn Huế thơ', 'DKD TRIO Hotel 7', 'Changed Hotel 357']"
Kota's House Homestay 9,"['Changed Hotel 319', 'Hue Riverside Boutique Resort & Spa 1', 'Binh Duong 2 Hotel 1', ""Kota's House Homestay 2"", 'Changed Hotel 309', 'Jasmine Mini Hotel 1', 'Binh Duong 2 Hotel 8', 'Changed Hotel 349', 'Lam Garden Boutique Homestay 1', ""Kota's House Homestay 5""]"
Binh Duong 2 Hotel 9,"['DKD TRIO Hotel 8', 'Changed Hotel 316', 'Be Them homestay 1', 'Changed Hotel 304', 'Leranda Homestay 5', 'Changed Hotel 353', 'Binh Duong 2 Hotel 2', 'Binh Duong 2 Hotel 8', 'Nhu Hien Hotel 8', 'Duy Tan 2 Hotel 2']"
Le Home 9,"['Leranda Homestay 2', 'Changed Hotel 306', 'The Light Homestay 4', 'Le Home 6', 'Le Home 1', 'Le Home 2', 'Changed Hotel 311', 'Le Home 8', 'Binh Duong 2 Hotel 8', 'Changed Hotel 362']"
Duy Tan 2 Hotel 9,"['Le Home 2', 'Nhu Hien Hotel 6', 'Leranda Homestay 3', 'DKD TRIO Hotel 6', 'Changed Hotel 376', 'Changed Hotel 292', 'Changed Hotel 182', 'Le Home 3', 'Noric homestay 9', 'Duy Tan 2 Hotel 8']"
Noric homestay 9,"['DKD TRIO Hotel 6', 'Amy Hostel Hue 1', 'Duy Tan 2 Hotel 3', 'Leranda Homestay 7', 'Noric homestay 1', 'Duy Tan 2 Hotel 9', 'Changed Hotel 353', 'Changed Hotel 313', 'Noric homestay 4', 'Changed Hotel 333']"
The Light Homestay 9,"['Changed Hotel 347', 'Changed Hotel 302', 'Changed Hotel 350', 'DMZ Hostel 1', 'Binh Duong 2 Hotel 6', 'The Light Homestay 6', 'Duy Tan 2 Hotel 8', 'Pink Chill House 1', 'Noric homestay 8', 'The Light Homestay 8']"
Phòng đơn - 1 9,"['Changed Hotel 346', 'DKD TRIO Hotel 3', 'DKD TRIO Hotel 2', 'Changed Hotel 287', 'The Light Homestay 7', 'Tùng Homestay 1', 'Noric homestay 5', 'Changed Hotel 304', ""Kota's House Homestay 4"", 'Noric homestay 4']"
Nhu Hien Hotel 9,"['Le Home 2', 'Changed Hotel 346', 'DKD TRIO Hotel 6', 'Leranda Homestay 3', 'Ngoc Binh Hotel 1', 'Duy Tan 2 Hotel 9', 'Changed Hotel 308', 'Duy Tan 2 Hotel 4', ""Kota's House Homestay 4"", 'Changed Hotel 312']"
