Attraction Name,Title URL,Image URL,Location,Ratings,Count Reviews,Service1,Service2,Satisfaction,Detail,Du thuyền 45 phút,Nhạc sống,Nước đóng chai,Trái cây,Bảo hiểm,Máy hát karaoke,Góc selfie,Buffet trưa tại nhà hàng,Đi cáp treo,Đón và trả khách,Dịch vụ hướng dẫn,Phương tiện đi lại khứ hồi,Vé vào các điểm tham quan,Lớp học nấu ăn,Đầu bếp nói,Dịch vụ hướng dẫn bằng tiếng anh,Cà phê,Thuê xe đạp,Hạn chế,Điểm tập trung,Thời lượng,Price,Extra Cost,User Name,User ID,Attraction ID
Du thuyền đêm trên sông Hàn,https://www.booking.com/attractions/vn/pra7fah7ikjw-han-river-night-cruise.html?label=msn-golPss9W5H1W4PKgfhrStw-80333161583921%2525252525252525252525253Atikwd-16659120286%2525252525252525252525253Aloc-166%2525252525252525252525253Aneo%2525252525252525252525253Amtp%2525252525252525252525253Alp142897%2525252525252525252525253Adec%2525252525252525252525253Aqswebsite%2525252525252525252525252520hotel%2525252525252525252525252520in%2525252525252525252525252520vietnamese&aid=393655&source=searchresults-product-card&start_date=2023-10-09&end_date=2023-10-09&date=2023-10-09&ufi=-3712125,https://q-xx.bstatic.com/xdata/images/xphoto/300x320/153567371.jpg?k=f2b4c987d7d6beb2f7ca3b192b6c14df849043981adb02296f5eaae169d2deeb&o=,Đà Nẵng,4.5,390,Du thuyền đêm trên sông Hàn,Du thuyền ngắm cảnh thành phố về đêm,Tuyệt vời,"Với tour du lịch này, bạn sẽ được khám phá các thắng cảnh ở Đà Nẵng về đêm trong lúc du thuyền dọc sông Hàn.

Sau khi đến bến cảng, bạn sẽ lên thuyền để bắt đầu hành trình xuôi theo con sông. Xuyên suốt chuyến đi, bạn sẽ được ngắm nhìn quang cảnh thành phố và một số địa danh, bao gồm Cầu Tình yêu và Vòng quay Sun Wheel. Bạn cũng sẽ có cơ hội thưởng thức nhạc sống, biểu diễn ngay trên boong tàu.",0,1,1,1,1,0,0,0,0,1,1,0,1,1,1,0,1,0,"Hoạt động này không phù hợp cho người gặp khó khăn về đi lại.
Vui lòng có mặt ít nhất 15 phút trước khi hoạt động bắt đầu.","Điểm tập trung
My Xuan Cruise Port: 26 Bach Dang, Thach Thang, Da Nang",Thời lượng: 45 phút,196000,122500,Diệu Thiện,1,1
Tour Bà Nà Hills trọn ngày với bữa trưa buffet,https://www.booking.com/attractions/vn/prdcygydpy9o-full-day-tour-of-ba-na-hills-with-buffet-lunch.html?label=msn-golPss9W5H1W4PKgfhrStw-80333161583921%2525252525252525252525253Atikwd-16659120286%2525252525252525252525253Aloc-166%2525252525252525252525253Aneo%2525252525252525252525253Amtp%2525252525252525252525253Alp142897%2525252525252525252525253Adec%2525252525252525252525253Aqswebsite%2525252525252525252525252520hotel%2525252525252525252525252520in%2525252525252525252525252520vietnamese&aid=393655&source=searchresults-product-card&start_date=2023-10-09&end_date=2023-10-09&date=2023-10-09&ufi=-3712125,https://q-xx.bstatic.com/xdata/images/xphoto/300x320/130104902.jpg?k=8c85cf8238572ef0bbca2d846a9070b2c9844ec7e16f5ca01089cd1fa45cd265&o=,Đà Nẵng,4.4,50,Tour Bà Nà Hills trọn ngày với bữa trưa buffet,"Đi cáp treo tham quan Cầu Vàng, các địa danh văn hóa và Công viên Fantasy Park với bữa trưa",Rất tốt,"Trong chuyến tham quan trong ngày này, bạn sẽ khám phá những nét nổi bật về văn hóa và lịch sử của Bà Nà Hills. Sau khi bạn được đón tại khách sạn hoặc gặp hướng dẫn viên, bạn sẽ di chuyển đến ga cáp treo Bà Nà. Trên tuyến cáp treo hiện đại, trước tiên bạn sẽ đến thăm Cầu Vàng, chiếc cầu nổi tiếng với hai bàn tay khổng lồ được điêu khắc tinh xảo. Sau đó, bạn sẽ tiếp tục đi cáp treo để khám phá 9 khu vườn của Le Jardin D'Amour và Chùa Linh Ứng. Từ đây, bạn sẽ đến thăm Làng Pháp, Thiền viện, Nhà Bia và Trà quán.

Sau đó bạn sẽ dùng buffet trưa tại một nhà hàng địa phương. Sau bữa trưa, bạn sẽ có thời gian tự do để khám phá Fantasy Park, nơi bạn có thể đi dạo trong khu rừng cổ tích, chơi nhiều trò chơi khác nhau và đi các chuyến tàu lượn của công viên giải trí. Sau đó bạn sẽ đi cáp treo trở lại nhà ga.",1,0,1,0,1,0,1,1,0,0,0,0,1,0,1,1,0,1,"Trẻ nhỏ phải ngồi trong lòng người lớn
Có ghế cho trẻ nhỏ",Điểm tập trung,Vô hạn,147000,98000,Mỹ Duyên,2,2
Vé vào cửa công viên suối khoáng nóng Núi Thần Tài,https://www.booking.com/attractions/vn/prurkdjshqlh-admission-to-nui-than-tai-hot-springs-park.html?label=msn-golPss9W5H1W4PKgfhrStw-80333161583921%2525252525252525252525253Atikwd-16659120286%2525252525252525252525253Aloc-166%2525252525252525252525253Aneo%2525252525252525252525253Amtp%2525252525252525252525253Alp142897%2525252525252525252525253Adec%2525252525252525252525253Aqswebsite%2525252525252525252525252520hotel%2525252525252525252525252520in%2525252525252525252525252520vietnamese&aid=393655&source=searchresults-product-card&start_date=2023-10-09&end_date=2023-10-09&date=2023-10-09&ufi=-3712125,https://q-xx.bstatic.com/xdata/images/xphoto/300x320/153559475.jpg?k=821c73e3b16dc83d3fe5fd00d4d861b7c13e8b3cd62ccb0ac326b047211918cc&o=,Đà Nẵng,4.6,260,Vé vào cửa công viên suối khoáng nóng Núi Thần Tài,Vé vào địa điểm tham quan ở Đà Nẵng để nghỉ ngơi và thư giãn,Rất tốt,Đang cập nhật,1,1,0,0,0,0,0,0,0,0,0,0,0,1,0,1,0,0,Trẻ nhỏ phải ngồi chung với người lớn,Điểm tập trung,Vô hạn,220500,122500,Xuân Phượng,3,3
Lớp hướng dẫn làm lồng đèn,https://www.booking.com/attractions/vn/prpc0nrrr1qm-lantern-making-class.html?label=msn-golPss9W5H1W4PKgfhrStw-80333161583921%2525252525252525252525253Atikwd-16659120286%2525252525252525252525253Aloc-166%2525252525252525252525253Aneo%2525252525252525252525253Amtp%2525252525252525252525253Alp142897%2525252525252525252525253Adec%2525252525252525252525253Aqswebsite%2525252525252525252525252520hotel%2525252525252525252525252520in%2525252525252525252525252520vietnamese&aid=393655&source=searchresults-product-card&start_date=2023-10-09&end_date=2023-10-09&date=2023-10-09&ufi=-3712125,https://q-xx.bstatic.com/xdata/images/xphoto/300x320/182532747.jpg?k=a70d076a351ad06e0fc052dcc59547ab390515178f58ab1775717f6915f3927f&o=,Đà Nẵng,4.9,78,Lớp hướng dẫn làm lồng đèn,Workshop làm đèn lồng Việt Nam từ nhiều chất liệu,Xuất sắc,"Trong lớp học này, bạn sẽ chế tạo phiên bản đèn lồng truyền thống Việt Nam của riêng mình, một biểu tượng của sự may mắn, giàu có và hạnh phúc. Bạn sẽ được chào đón bằng trà Việt Nam thơm ngon, sau đó người hướng dẫn lành nghề sẽ hướng dẫn bạn các bước tạo ra đèn lồng. Bạn có thể thỏa sức sáng tạo với các chất liệu (như lụa, tre,...), hình dạng và màu sắc khác nhau, đồng thời được mang những sản phẩm đầu tay của mình về nhà như một món quà lưu niệm.",0,0,0,1,0,0,1,0,1,1,0,0,1,1,0,1,1,0,Trẻ nhỏ phải ngồi chung với người lớn,Điểm tập trung,Vô hạn,147000,49000,Anh Chi,4,4
Tour Cầu Vàng và Bà Nà Hills,https://www.booking.com/attractions/vn/prxyi1shkpfj-golden-bridge-and-ba-na-hills-tour-with-dinner.html?label=msn-golPss9W5H1W4PKgfhrStw-80333161583921%2525252525252525252525253Atikwd-16659120286%2525252525252525252525253Aloc-166%2525252525252525252525253Aneo%2525252525252525252525253Amtp%2525252525252525252525253Alp142897%2525252525252525252525253Adec%2525252525252525252525253Aqswebsite%2525252525252525252525252520hotel%2525252525252525252525252520in%2525252525252525252525252520vietnamese&aid=393655&source=searchresults-product-card&start_date=2023-10-09&end_date=2023-10-09&date=2023-10-09&ufi=-3712125,https://r-xx.bstatic.com/xdata/images/xphoto/300x320/153488549.jpg?k=41211ae8359bff230df4592e37e276be2d4eb432031783918400e6bb30479536&o=,Đà Nẵng,5.0,11,Tour Cầu Vàng và Bà Nà Hills,Chuyến đi với hướng dẫn viên khám phá các điểm tham quan trong khu nghỉ dưỡng do Pháp thành lập,Xuất sắc,Dãy núi cao vút với địa hình đa dạng.,1,0,0,0,0,1,0,0,1,0,0,0,1,1,1,1,0,0,"Không phù hợp với khách có vấn đề về tim hoặc vấn đề sức khỏe nghiêm trọng
Phù hợp với mọi tình trạng thể lực",Điểm tập trung,Vô hạn,122500,98000,Phượng Lệ,5,5
Tour Bán đảo Sơn Trà & Hội An từ Đà Nẵng,https://www.booking.com/attractions/vn/prqmksaheqxo-son-tra-peninsula-hoi-an-tour-from-da-nang.html?label=msn-golPss9W5H1W4PKgfhrStw-80333161583921%2525252525252525252525253Atikwd-16659120286%2525252525252525252525253Aloc-166%2525252525252525252525253Aneo%2525252525252525252525253Amtp%2525252525252525252525253Alp142897%2525252525252525252525253Adec%2525252525252525252525253Aqswebsite%2525252525252525252525252520hotel%2525252525252525252525252520in%2525252525252525252525252520vietnamese&aid=393655&source=searchresults-product-card&start_date=2023-10-09&end_date=2023-10-09&date=2023-10-09&ufi=-3712125,https://r-xx.bstatic.com/xdata/images/xphoto/300x320/153554750.jpg?k=ced199618ba8f0a4bb398430872c294cf4c318ca3bb1635b855c2eb01dd1ae65&o=,Đà Nẵng,4.4,142,Tour Bán đảo Sơn Trà & Hội An từ Đà Nẵng,"Tour khám phá một số địa danh nổi bật nhất, bao gồm bữa tối",Xuất sắc,"Trong tour này, bạn sẽ tham quan bán đảo Sơn Trà, núi Ngũ Hành Sơn và thành phố Hội An nằm gần Đà Nẵng. Điểm dừng đầu tiên của bạn sẽ là bán đảo Sơn Trà, nơi có chùa Linh Ứng với tượng Phật rất cao. Bạn sẽ có thời gian chiêm ngưỡng quang cảnh thiên nhiên quanh khu vực bán đảo, được biết đến như lá phổi của Đà Nẵng.

Sau đó, bạn sẽ ghé thăm núi Ngũ Hành Sơn, nơi bạn có thể ngắm nhìn toàn cảnh đất trời và tìm hiểu về huyền thoại cũng như truyền thuyết của năm ngọn núi này. Bạn cũng sẽ có thời gian khám phá chùa Tam Thai trước khi di chuyển đến Làng đá mỹ nghệ Non Nước. Tại đây, bạn sẽ thấy các tác phẩm điêu khắc bằng đá được chạm khắc và chế tác bởi nghệ nhân địa phương.

Cuối cùng, bạn sẽ ghé thăm phố cổ Hội An, nơi được UNESCO công nhận là di sản thế giới. Bạn sẽ được trải nghiệm sự pha trộn của nhiều nền văn hóa trong lúc khám phá phố cổ.",1,1,1,1,0,1,1,0,0,0,1,0,0,1,1,1,1,0,Trẻ nhỏ phải ngồi chung với người lớn,"Điểm khởi hành
Novotel Danang, 36 Bach Dang, Thach Thang ward, Hai Chau district, Da Nang",Vô hạn,147000,49000,Diệu Thiện,1,6
Tour thuyền thúng và lớp học nấu ăn thân thiện với môi trường,https://www.booking.com/attractions/vn/prijsfzjqcgp-eco-friendly-cooking-class-and-basket-boat-tour.html?label=msn-golPss9W5H1W4PKgfhrStw-80333161583921%2525252525252525252525253Atikwd-16659120286%2525252525252525252525253Aloc-166%2525252525252525252525253Aneo%2525252525252525252525253Amtp%2525252525252525252525253Alp142897%2525252525252525252525253Adec%2525252525252525252525253Aqswebsite%2525252525252525252525252520hotel%2525252525252525252525252520in%2525252525252525252525252520vietnamese&aid=393655&source=searchresults-product-card&start_date=2023-10-09&end_date=2023-10-09&date=2023-10-09&ufi=-3712125,https://q-xx.bstatic.com/xdata/images/xphoto/300x320/153543437.jpg?k=61208ca01865368a30afc6e2faee8973ebf0a9e1070ae729207cac1512d3f9ec&o=,Đà Nẵng,4.8,149,Tour thuyền thúng và lớp học nấu ăn thân thiện với môi trường,Lớp học nấu ăn thân thiện với môi trường và đi thuyền thúng gần rừng Bảy Mẫu,Xuất sắc,"Trong tour du lịch có hướng dẫn viên này, bạn sẽ có cơ hội khám phá ẩm thực Việt Nam và tham gia lớp học nấu ăn mang tính tương tác và thân thiện với môi trường. Cùng với người đầu bếp hướng dẫn của mình, bạn sẽ ghé thăm một chợ địa phương để mua sắm các sản phẩm hữu cơ tươi ngon. Sau đó, lớp học nấu ăn sẽ bắt đầu và bạn sẽ được hướng dẫn các công thức nấu ăn truyền thống của Việt Nam. Tiếp theo, bạn sẽ chèo thuyền thúng dọc theo dòng sông gần rừng Bảy Mẫu đẹp như tranh vẽ.",0,0,0,0,1,1,1,1,0,0,0,0,0,1,1,0,0,1,Trẻ nhỏ phải ngồi chung với người lớn,"Điểm tập trung
119 Tran Quang Khai, Cam Chau, Hoi An",Vô hạn,220500,49000,Mỹ Duyên,2,7
Tour Ngũ Hành Sơn và Hội An,https://www.booking.com/attractions/vn/prhohsnng6ws-marble-mountain-and-hoi-an-tour.html?label=msn-golPss9W5H1W4PKgfhrStw-80333161583921%2525252525252525252525253Atikwd-16659120286%2525252525252525252525253Aloc-166%2525252525252525252525253Aneo%2525252525252525252525253Amtp%2525252525252525252525253Alp142897%2525252525252525252525253Adec%2525252525252525252525253Aqswebsite%2525252525252525252525252520hotel%2525252525252525252525252520in%2525252525252525252525252520vietnamese&aid=393655&source=searchresults-product-card&start_date=2023-10-09&end_date=2023-10-09&date=2023-10-09&ufi=-3712125,https://q-xx.bstatic.com/xdata/images/xphoto/300x320/130075674.jpg?k=739397298f9d93d564e4185ebfbdc542df1ab91a1a6efb6f107ef46bf897697d&o=,Đà Nẵng,4.2,18,Tour Ngũ Hành Sơn và Hội An,"Sự kết hợp hoàn hảo giữa thiên nhiên và lịch sử tại hai điểm tham quan tuyệt đẹp, bao gồm bữa tối",Xuất sắc,"Chuyến tham quan này là sự kết hợp hoàn hảo giữa thiên nhiên và lịch sử của hai điểm tham quan tuyệt đẹp. Từ Đà Nẵng, xe sẽ đưa bạn đến Ngũ Hành Sơn. Tại đây, bạn sẽ khám phá cụm năm ngọn núi đá hình thành từ cẩm thạch và đá vôi được đặt tên theo các yếu tố trong văn hóa châu Á: kim, mộc, thủy, hỏa và thổ. Bạn cũng sẽ có cơ hội tham quan các công trình kiến trúc Phật giáo là chùa Tam Thai và chùa Linh Ứng, trước khi ghé qua Làng Non Nước để xem các tác phẩm điêu khắc bằng đá tinh xảo.

Điểm dừng chân tiếp theo sẽ là phố cổ Hội An, nơi bạn tận hưởng bữa tối với các món đặc sản ngon miệng. Sau khi no nê, bạn sẽ tiếp tục khám phá những điểm nổi bật chính của thành phố, bao gồm Cầu Nhật Bản và sông Hoài. Khép lại chuyến tham quan, bạn có thể thoải mái thư giãn trong lúc xe đưa bạn về lại khách sạn.",0,1,0,1,0,1,1,1,1,0,1,0,0,0,1,0,0,0,Gần các trạm giao thông công cộng,Điểm tập trung,Vô hạn,220500,122500,Cẩm Linh,8,8
Tour ngoại ô Đà Lạt và Thác Voi,https://www.booking.com/attractions/vn/prwrjtlj0rbz-da-lat-countryside-and-elephant-falls-tour.html?label=msn-golPss9W5H1W4PKgfhrStw-80333161583921%2525252525252525252525253Atikwd-16659120286%2525252525252525252525253Aloc-166%2525252525252525252525253Aneo%2525252525252525252525253Amtp%2525252525252525252525253Alp142897%2525252525252525252525253Adec%2525252525252525252525253Aqswebsite%2525252525252525252525252520hotel%2525252525252525252525252520in%2525252525252525252525252520vietnamese&aid=393655&source=searchresults-product-card&start_date=2023-10-09&end_date=2023-10-09&date=2023-10-09&ufi=-3712125,https://q-xx.bstatic.com/xdata/images/xphoto/300x320/130103073.jpg?k=a0fd6499b34f21405e50877b48fd0c3974674268669ed1f06669ad4643bcd26b&o=,Đà Nẵng,3.2,34,Tour ngoại ô Đà Lạt và Thác Voi,Một chuyến du ngoạn về vùng núi và miền quê Việt Nam với hướng dẫn viên,Xuất sắc,Sự kết hợp hoàn hảo giữa lịch sử và hiện đại.,1,1,0,0,1,0,1,0,1,0,1,0,1,0,0,1,1,0,"Không phù hợp với khách đang mang thai
Phù hợp với mọi tình trạng thể lực",Điểm tập trung,Vô hạn,171500,49000,Như Thảo,9,9
Tour chèo kayak hoặc SUP tại Đà Lạt,https://www.booking.com/attractions/vn/prc8wsmnfdag-da-lat-full-day-tour.html?label=msn-golPss9W5H1W4PKgfhrStw-80333161583921%2525252525252525252525253Atikwd-16659120286%2525252525252525252525253Aloc-166%2525252525252525252525253Aneo%2525252525252525252525253Amtp%2525252525252525252525253Alp142897%2525252525252525252525253Adec%2525252525252525252525253Aqswebsite%2525252525252525252525252520hotel%2525252525252525252525252520in%2525252525252525252525252520vietnamese&aid=393655&source=searchresults-product-card&start_date=2023-10-09&end_date=2023-10-09&date=2023-10-09&ufi=-3712125,https://q-xx.bstatic.com/xdata/images/xphoto/300x320/152441504.jpg?k=b47d4b08e58e9bd82bca95b29be39dc048f3cee1956543e8401b145129bf7d32&o=,Đà Nẵng,4.6,58,Tour chèo kayak hoặc SUP tại Đà Lạt,Tour Hồ Tuyền Lâm trên thuyền kayak hoặc SUP với hướng dẫn viên,Rất tốt,Điểm đến cho những người đam mê khám phá và phiêu lưu.,1,1,0,1,1,1,0,0,0,0,0,1,1,1,1,0,1,0,Phù hợp với mọi tình trạng thể lực,Điểm tập trung,Vô hạn,98000,73500,Quỳnh Vân,10,10
Tour nửa ngày đi thuyền trên sông thời chiến có hướng dẫn,https://www.booking.com/attractions/vn/pr9rzlkqybbi-guided-half-day-waterways-of-a-past-war-boat-tour.html?label=msn-golPss9W5H1W4PKgfhrStw-80333161583921%2525252525252525252525253Atikwd-16659120286%2525252525252525252525253Aloc-166%2525252525252525252525253Aneo%2525252525252525252525253Amtp%2525252525252525252525253Alp142897%2525252525252525252525253Adec%2525252525252525252525253Aqswebsite%2525252525252525252525252520hotel%2525252525252525252525252520in%2525252525252525252525252520vietnamese&aid=393655&source=searchresults-product-card&start_date=2023-10-09&end_date=2023-10-09&date=2023-10-09&ufi=-3712125,https://r-xx.bstatic.com/xdata/images/xphoto/300x320/115758642.jpg?k=a139942967b9eaaa18c81be4b1e4b1299345e7f4e303c2c1b854ee93e796d964&o=,Đà Nẵng,3.1,48,Tour nửa ngày đi thuyền trên sông thời chiến có hướng dẫn,"Tour dài 5 giờ khám phá tuyến đường thủy lịch sử, câu cá, đi thuyền thúng và ăn trưa",Tốt,Sự hòa quyện giữa con người và thiên nhiên.,0,1,0,0,0,0,1,0,1,0,0,0,1,0,0,0,0,1,Trẻ nhỏ phải ngồi chung với người lớn,"Điểm đón khách
Hoi An
Có dịch vụ đón khách từ các khách sạn ở Hội An. Có dịch vụ đón khách ngoài Hội An hoặc Đà Nẵng theo yêu cầu. Vui lòng cho biết địa điểm đón khách của bạn khi thanh toán.",Vô hạn,245000,98000,Trung Anh,11,11
Tham quan Đà Lạt với hướng dẫn viên,https://www.booking.com/attractions/vn/prbi733cbkne-guided-da-lat-countryside-tour.html?label=msn-golPss9W5H1W4PKgfhrStw-80333161583921%2525252525252525252525253Atikwd-16659120286%2525252525252525252525253Aloc-166%2525252525252525252525253Aneo%2525252525252525252525253Amtp%2525252525252525252525253Alp142897%2525252525252525252525253Adec%2525252525252525252525253Aqswebsite%2525252525252525252525252520hotel%2525252525252525252525252520in%2525252525252525252525252520vietnamese&aid=393655&source=searchresults-product-card&start_date=2023-10-09&end_date=2023-10-09&date=2023-10-09&ufi=-3712125,https://r-xx.bstatic.com/xdata/images/xphoto/300x320/130078035.jpg?k=bd52a37af2bf567220be6ed03711e783def045cb38be51564df8f05a1a64d31c&o=,Đà Nẵng,4.5,27,Tham quan Đà Lạt với hướng dẫn viên,Chuyến du ngoạn khám phá một số địa điểm nổi bật của Đà Lạt,Rất tốt,Khu phố cổ đông đúc với các quán ăn ngon.,0,1,0,1,0,0,0,0,1,0,0,1,1,0,0,0,0,0,"Không phù hợp với khách đang mang thai
Không phù hợp với khách có vấn đề về lưng
Không phù hợp với khách có vấn đề về tim hoặc vấn đề sức khỏe nghiêm trọng
Yêu cầu thể lực vừa phải",Điểm tập trung,Vô hạn,220500,122500,Quỳnh Vân,10,12
Tham quan Phố Cổ và du ngoạn trên sông,https://www.booking.com/attractions/vn/prlbnqucsiwp-old-town-walking-tour-and-river-cruise.html?label=msn-golPss9W5H1W4PKgfhrStw-80333161583921%2525252525252525252525253Atikwd-16659120286%2525252525252525252525253Aloc-166%2525252525252525252525253Aneo%2525252525252525252525253Amtp%2525252525252525252525253Alp142897%2525252525252525252525253Adec%2525252525252525252525253Aqswebsite%2525252525252525252525252520hotel%2525252525252525252525252520in%2525252525252525252525252520vietnamese&aid=393655&source=searchresults-product-card&start_date=2023-10-09&end_date=2023-10-09&date=2023-10-09&ufi=-3712125,https://r-xx.bstatic.com/xdata/images/xphoto/300x320/115758580.jpg?k=78dc321503d2d4ace131b6b5af7ef80bd4e9a1b37e78a38ec8c6e1cd5cfea9b9&o=,Đà Nẵng,3.5,28,Tham quan Phố Cổ và du ngoạn trên sông,Đi bộ khám phá Hội An và ngắm nhìn cuộc sống của người dân địa phương bằng thuyền,Xuất sắc,Thành phố cổ với các con đường hẹp và những ngôi nhà độc đáo.,1,0,0,0,1,1,0,0,0,0,0,0,0,1,1,1,0,0,"Không phù hợp với khách đang mang thai
Phù hợp với mọi tình trạng thể lực",Điểm tập trung,Vô hạn,245000,98000,An,13,13
Tour tham quan Đà Nẵng về đêm kèm bữa tối,https://www.booking.com/attractions/vn/prhxtfzcmtje-da-nang-by-night-tour-with-dinner.html?label=msn-golPss9W5H1W4PKgfhrStw-80333161583921%2525252525252525252525253Atikwd-16659120286%2525252525252525252525253Aloc-166%2525252525252525252525253Aneo%2525252525252525252525253Amtp%2525252525252525252525253Alp142897%2525252525252525252525253Adec%2525252525252525252525253Aqswebsite%2525252525252525252525252520hotel%2525252525252525252525252520in%2525252525252525252525252520vietnamese&aid=393655&source=searchresults-product-card&start_date=2023-10-09&end_date=2023-10-09&date=2023-10-09&ufi=-3712125,https://q-xx.bstatic.com/xdata/images/xphoto/300x320/127789802.jpg?k=d3f0927c901603c1882bfbc5cee85c946aed52e1900114eae51e5ec3cea6f602&o=,Đà Nẵng,4.1,58,Tour tham quan Đà Nẵng về đêm kèm bữa tối,Tour tham quan trong 4 giờ bằng xe máy và ghé thăm chùa Linh Ứng,Xuất sắc,Sự kết hợp độc đáo giữa văn hóa và thiên nhiên.,1,0,1,0,1,1,0,0,0,1,1,1,0,0,0,1,1,0,Trẻ nhỏ phải ngồi chung với người lớn,"Điểm đón khách
Hoi An
Dịch vụ đón khách tại các khách sạn ở Hội An. Vui lòng cung cấp thông tin đón khách khi đặt tour. Xe bắt đầu đón khách lúc 17:30.",Vô hạn,196000,73500,Diệu Ái,14,14
Trải nghiệm uống thử cà phê,https://www.booking.com/attractions/vn/prsjayiczyrt-coffee-tasting-experience.html?label=msn-golPss9W5H1W4PKgfhrStw-80333161583921%2525252525252525252525253Atikwd-16659120286%2525252525252525252525253Aloc-166%2525252525252525252525253Aneo%2525252525252525252525253Amtp%2525252525252525252525253Alp142897%2525252525252525252525253Adec%2525252525252525252525253Aqswebsite%2525252525252525252525252520hotel%2525252525252525252525252520in%2525252525252525252525252520vietnamese&aid=393655&source=searchresults-product-card&start_date=2023-10-09&end_date=2023-10-09&date=2023-10-09&ufi=-3712125,https://q-xx.bstatic.com/xdata/images/xphoto/300x320/130101910.jpg?k=5321da837574fa197e0c7c3b1055135fc1c76b6a797582d033a0641864bfdb67&o=,Đà Nẵng,4.9,49,Trải nghiệm uống thử cà phê,"Giới thiệu về lịch sử cà phê Việt Nam, phương pháp pha và chế biến cùng các loại hạt cà phê khác nhau",Xuất sắc,Khu vực nông thôn yên bình với cánh đồng vàng rộ.,0,1,0,0,1,0,1,1,1,0,1,0,1,1,0,1,1,0,"Phương tiện đi lại thuận tiện cho người đi xe lăn
Thuận tiện cho người đi xe lăn
Mặt sàn thuận tiện cho người đi xe lăn
Thuận tiện cho xe đẩy em bé
Chào đón động vật hỗ trợ
Gần các trạm giao thông công cộng
Trẻ nhỏ phải ngồi trong lòng người lớn",Điểm tập trung,Vô hạn,98000,49000,Hướng,15,15
Học nấu món ăn nhà làm đặc trưng,https://www.booking.com/attractions/vn/prsjlzhjfpfa-classic-home-food-cooking-class.html?label=msn-golPss9W5H1W4PKgfhrStw-80333161583921%2525252525252525252525253Atikwd-16659120286%2525252525252525252525253Aloc-166%2525252525252525252525253Aneo%2525252525252525252525253Amtp%2525252525252525252525253Alp142897%2525252525252525252525253Adec%2525252525252525252525253Aqswebsite%2525252525252525252525252520hotel%2525252525252525252525252520in%2525252525252525252525252520vietnamese&aid=393655&source=searchresults-product-card&start_date=2023-10-09&end_date=2023-10-09&date=2023-10-09&ufi=-3712125,https://q-xx.bstatic.com/xdata/images/xphoto/300x320/115811285.jpg?k=a91209e7b89ec4a15227cc03f046a5871f0240baa6d77b0ebf1735fe8baac05e&o=,Đà Nẵng,5.0,55,Học nấu món ăn nhà làm đặc trưng,Trải nghiệm ẩm thực ở Hội An theo kiểu riêng tư,Tuyệt vời,Lập kỷ niệm và chia sẻ niềm vui với người thân yêu.,0,1,1,0,1,0,0,0,1,0,1,0,1,0,0,1,0,0,Trẻ nhỏ phải ngồi chung với người lớn,"Học nấu món ăn nhà làm đặc trưng
Herbs & Spices Cooking School, 2, Lê Lợi 6, Tp. Hội An
Trường nằm ở đầu đường Lê Lợi.",Vô hạn,122500,49000,Trung Hiếu,16,16
Tour chèo thuyền kayak ngắm hoàng hôn tại Hội An,https://www.booking.com/attractions/vn/prw76s7gygwj-hoi-an-sunset-kayak-tour.html?label=msn-golPss9W5H1W4PKgfhrStw-80333161583921%2525252525252525252525253Atikwd-16659120286%2525252525252525252525253Aloc-166%2525252525252525252525253Aneo%2525252525252525252525253Amtp%2525252525252525252525253Alp142897%2525252525252525252525253Adec%2525252525252525252525253Aqswebsite%2525252525252525252525252520hotel%2525252525252525252525252520in%2525252525252525252525252520vietnamese&aid=393655&source=searchresults-product-card&start_date=2023-10-09&end_date=2023-10-09&date=2023-10-09&ufi=-3712125,https://q-xx.bstatic.com/xdata/images/xphoto/300x320/115948468.jpg?k=56c0d52504769e7c2db03889cf1d74dc291ff47fe6e06c7594841d00d04f09c1&o=,Đà Nẵng,4.9,29,Tour chèo thuyền kayak ngắm hoàng hôn tại Hội An,Tour chèo thuyền kayak để ngắm nhìn kiến trúc nổi tiếng của Hội An,Tuyệt vời,Khám phá những điểm đẹp và thú vị trên khắp thế giới.,0,0,0,0,1,0,1,1,0,0,0,0,0,1,0,0,1,0,Trẻ em dưới 18 tuổi phải đi cùng người lớn.,Điểm tập trung,Vô hạn,245000,73500,Hải Nam,17,17
Tour ẩm thực chợ đêm,https://www.booking.com/attractions/vn/prmtre1d1yr6-night-market-food-tour.html?label=msn-golPss9W5H1W4PKgfhrStw-80333161583921%2525252525252525252525253Atikwd-16659120286%2525252525252525252525253Aloc-166%2525252525252525252525253Aneo%2525252525252525252525253Amtp%2525252525252525252525253Alp142897%2525252525252525252525253Adec%2525252525252525252525253Aqswebsite%2525252525252525252525252520hotel%2525252525252525252525252520in%2525252525252525252525252520vietnamese&aid=393655&source=searchresults-product-card&start_date=2023-10-09&end_date=2023-10-09&date=2023-10-09&ufi=-3712125,https://r-xx.bstatic.com/xdata/images/xphoto/300x320/115801977.jpg?k=9e83a91f20278d21bce099cfa53c83be2bd78418629f58d1f2dca26d7911eefa&o=,Đà Nẵng,4.6,56,Tour ẩm thực chợ đêm,Khám phá ẩm thực đường phố đẳng cấp thế giới ở Phố cổ Hội An,Rất tốt,Sự kết hợp tuyệt vời giữa văn hóa và tự nhiên.,1,1,1,0,0,0,1,0,1,0,0,0,0,1,0,0,0,0,Phù hợp với mọi tình trạng thể lực,Điểm tập trung,Vô hạn,122500,98000,Thu Ngọc,18,18
Tham quan rừng cọ và làng thủ công mỹ nghệ,https://www.booking.com/attractions/vn/prmhawgr8che-palm-forest-and-handicraft-village-tour.html?label=msn-golPss9W5H1W4PKgfhrStw-80333161583921%2525252525252525252525253Atikwd-16659120286%2525252525252525252525253Aloc-166%2525252525252525252525253Aneo%2525252525252525252525253Amtp%2525252525252525252525253Alp142897%2525252525252525252525253Adec%2525252525252525252525253Aqswebsite%2525252525252525252525252520hotel%2525252525252525252525252520in%2525252525252525252525252520vietnamese&aid=393655&source=searchresults-product-card&start_date=2023-10-09&end_date=2023-10-09&date=2023-10-09&ufi=-3712125,https://q-xx.bstatic.com/xdata/images/xphoto/300x320/115948480.jpg?k=b6c752e81555fd88fae2f46e1137ea9834db65dd0954886ed7f94436c461b0bf&o=,Đà Nẵng,4.6,45,Tham quan rừng cọ và làng thủ công mỹ nghệ,Tham quan rừng cọ Cẩm Thanh và làng nghề thủ công mỹ nghệ Duy Vinh,Xuất sắc,Quảng trường trung tâm với các hoạt động vui chơi.,1,1,1,0,1,1,0,0,1,1,0,0,0,0,0,0,0,0,Phù hợp với mọi tình trạng thể lực,Điểm tập trung,Vô hạn,245000,98000,Giang Sơn,19,19
Nấu ăn lúc hoàng hôn với chuyến đi thuyền ở Hội An,https://www.booking.com/attractions/vn/prep5nrml9uh-sunset-cooking-with-boat-trip-in-hoi-an.html?label=msn-golPss9W5H1W4PKgfhrStw-80333161583921%2525252525252525252525253Atikwd-16659120286%2525252525252525252525253Aloc-166%2525252525252525252525253Aneo%2525252525252525252525253Amtp%2525252525252525252525253Alp142897%2525252525252525252525253Adec%2525252525252525252525253Aqswebsite%2525252525252525252525252520hotel%2525252525252525252525252520in%2525252525252525252525252520vietnamese&aid=393655&source=searchresults-product-card&start_date=2023-10-09&end_date=2023-10-09&date=2023-10-09&ufi=-3712125,https://q-xx.bstatic.com/xdata/images/xphoto/300x320/115727635.jpg?k=d33f476aa4f9624d835286a1b541d6c45a6c4a8fd1acdc7a3c143315904c888d&o=,Đà Nẵng,4.6,51,Nấu ăn lúc hoàng hôn với chuyến đi thuyền ở Hội An,Chuyến đi khám phá chợ địa phương và tham gia lớp học nấu ăn,Xuất sắc,Khu phố cổ tương truyền với các cửa hàng thủ công.,1,1,1,1,0,0,1,1,0,1,1,0,0,0,0,0,1,0,Trẻ nhỏ phải ngồi chung với người lớn,"Điểm tập trung
Hoàng Diệu 07, Tp. Hội An
Đến điểm tập trung tại BeBe Tailor để tham gia tour. Tour bắt đầu lúc 13:00.",Vô hạn,98000,122500,Thiên Hương,20,20
Tour Phố cổ Hội An có hướng dẫn viên,https://www.booking.com/attractions/vn/pr0pvzrfvcdh-guided-tour-of-hoi-an-old-town.html?label=msn-golPss9W5H1W4PKgfhrStw-80333161583921%2525252525252525252525253Atikwd-16659120286%2525252525252525252525253Aloc-166%2525252525252525252525253Aneo%2525252525252525252525253Amtp%2525252525252525252525253Alp142897%2525252525252525252525253Adec%2525252525252525252525253Aqswebsite%2525252525252525252525252520hotel%2525252525252525252525252520in%2525252525252525252525252520vietnamese&aid=393655&source=searchresults-product-card&start_date=2023-10-09&end_date=2023-10-09&date=2023-10-09&ufi=-3712125,https://q-xx.bstatic.com/xdata/images/xphoto/300x320/202345164.jpg?k=91dfbf77772f3d20776a930725524e4aceef035da69896efacd50d14150d2d5a&o=,Đà Nẵng,4.2,34,Tour Phố cổ Hội An có hướng dẫn viên,Tour đi bộ có hướng dẫn viên quanh phố cổ Hội An và tìm hiểu về lịch sử phong phú của thành phố,Tuyệt vời,Đường phố sầm uất với những món ăn đường phố thơm ngon.,0,1,1,1,1,0,0,0,0,0,0,0,0,0,0,0,0,1,"Không phù hợp với khách có vấn đề về lưng
Phù hợp với mọi tình trạng thể lực",Điểm tập trung,Vô hạn,220500,122500,Diệu Thiện,1,21
Tour thuyền thúng riêng & trải nghiệm bắt cua,https://www.booking.com/attractions/vn/pr1q0g4keqis-hoi-an-basket-boat-tour-and-crabbing-experience.html?label=msn-golPss9W5H1W4PKgfhrStw-80333161583921%2525252525252525252525253Atikwd-16659120286%2525252525252525252525253Aloc-166%2525252525252525252525253Aneo%2525252525252525252525253Amtp%2525252525252525252525253Alp142897%2525252525252525252525253Adec%2525252525252525252525253Aqswebsite%2525252525252525252525252520hotel%2525252525252525252525252520in%2525252525252525252525252520vietnamese&aid=393655&source=searchresults-product-card&start_date=2023-10-09&end_date=2023-10-09&date=2023-10-09&ufi=-3712125,https://q-xx.bstatic.com/xdata/images/xphoto/300x320/204590800.jpg?k=6d4cdb43bbceb0b0bc20e3d8efccabfb7cc0a80e66b40113ae48d7ade2bdaad3&o=,Đà Nẵng,3.3,56,Tour thuyền thúng riêng & trải nghiệm bắt cua,Cơ hội trải nghiệm câu cá truyền thống cùng người dân địa phương,Rất tốt,Đền thờ tôn kính lịch sử và văn hóa.,0,0,0,0,1,0,1,1,0,1,0,1,0,1,1,1,0,0,Phù hợp với mọi tình trạng thể lực,Điểm tập trung,Vô hạn,171500,49000,Mỹ Duyên,2,22
Tour ẩm thực với hướng dẫn viên và đi thuyền trên sông,https://www.booking.com/attractions/vn/prhq3vzrlbml-guided-food-tour-with-a-river-cruise.html?label=msn-golPss9W5H1W4PKgfhrStw-80333161583921%2525252525252525252525253Atikwd-16659120286%2525252525252525252525253Aloc-166%2525252525252525252525253Aneo%2525252525252525252525253Amtp%2525252525252525252525253Alp142897%2525252525252525252525253Adec%2525252525252525252525253Aqswebsite%2525252525252525252525252520hotel%2525252525252525252525252520in%2525252525252525252525252520vietnamese&aid=393655&source=searchresults-product-card&start_date=2023-10-09&end_date=2023-10-09&date=2023-10-09&ufi=-3712125,https://r-xx.bstatic.com/xdata/images/xphoto/300x320/130036934.jpg?k=04be25d07524f7235211505bdf16b9f5850c8ba137508a7cd3f99d976ed5705a&o=,Đà Nẵng,4.2,36,Tour ẩm thực với hướng dẫn viên và đi thuyền trên sông,Chuyến đi cùng hướng dẫn viên thưởng thức ẩm thực địa phương và giao lưu với người dân ở đây,Xuất sắc,Một hành trình tham quan và khám phá đầy màu sắc.,1,1,1,1,0,1,0,0,0,0,1,0,0,0,0,0,1,0,Phù hợp với mọi tình trạng thể lực,Điểm tập trung,Vô hạn,196000,73500,Tú Uyên,23,23
Tour riêng tham quan Hội An từ Đà Nẵng,https://www.booking.com/attractions/vn/prkl57gjukf4-hoi-an-private-tour-from-da-nang.html?label=msn-golPss9W5H1W4PKgfhrStw-80333161583921%2525252525252525252525253Atikwd-16659120286%2525252525252525252525253Aloc-166%2525252525252525252525253Aneo%2525252525252525252525253Amtp%2525252525252525252525253Alp142897%2525252525252525252525253Adec%2525252525252525252525253Aqswebsite%2525252525252525252525252520hotel%2525252525252525252525252520in%2525252525252525252525252520vietnamese&aid=393655&source=searchresults-product-card&start_date=2023-10-09&end_date=2023-10-09&date=2023-10-09&ufi=-3712125,https://q-xx.bstatic.com/xdata/images/xphoto/300x320/153579751.jpg?k=7c86ce41425f5e491e8072f01ac5866a0290dad7820d1407f155bfb027b1086e&o=,Đà Nẵng,4.8,30,Tour riêng tham quan Hội An từ Đà Nẵng,"Tour đi bộ nửa ngày khám phá những nét quyến rũ của Hội An, di sản thế giới được UNESCO công nhận",Xuất sắc,Công viên quốc gia với hệ sinh thái đa dạng.,0,1,1,0,0,1,0,0,1,1,0,0,1,0,0,0,1,0,Trẻ nhỏ phải ngồi chung với người lớn,Điểm tập trung,Vô hạn,122500,122500,Giang Thiên,24,24
Trải nghiệm rang và thưởng thức cà phê,https://www.booking.com/attractions/vn/pr8bw60jlwsu-coffee-roasting-and-tasting-experience.html?label=msn-golPss9W5H1W4PKgfhrStw-80333161583921%2525252525252525252525253Atikwd-16659120286%2525252525252525252525253Aloc-166%2525252525252525252525253Aneo%2525252525252525252525253Amtp%2525252525252525252525253Alp142897%2525252525252525252525253Adec%2525252525252525252525253Aqswebsite%2525252525252525252525252520hotel%2525252525252525252525252520in%2525252525252525252525252520vietnamese&aid=393655&source=searchresults-product-card&start_date=2023-10-09&end_date=2023-10-09&date=2023-10-09&ufi=-3712125,https://r-xx.bstatic.com/xdata/images/xphoto/300x320/130098721.jpg?k=b6a1a88f90e2c6d15baf9a842f51e1e3fa2fece8b9c0de08ca525d04d7d69037&o=,Đà Nẵng,4.9,25,Trải nghiệm rang và thưởng thức cà phê,"Câu chuyện về cà phê Việt Nam, từ lúc còn là hạt đến lúc pha chế, do chuyên gia rang xay dẫn dắt",Rất tốt,Hòa mình vào văn hóa và truyền thống độc đáo.,0,0,0,1,0,0,1,0,1,1,1,1,0,0,1,0,0,0,"Phương tiện đi lại thuận tiện cho người đi xe lăn
Thuận tiện cho người đi xe lăn
Mặt sàn thuận tiện cho người đi xe lăn
Thuận tiện cho xe đẩy em bé
Chào đón động vật hỗ trợ
Gần các trạm giao thông công cộng
Trẻ nhỏ phải ngồi trong lòng người lớn",Điểm tập trung,Vô hạn,98000,122500,Thuận Hòa,25,25
Tour tham gia lớp học nấu ăn và đi thuyền thúng,https://www.booking.com/attractions/vn/prahh86ytuix-cooking-class-and-basket-boat-tour.html?label=msn-golPss9W5H1W4PKgfhrStw-80333161583921%2525252525252525252525253Atikwd-16659120286%2525252525252525252525253Aloc-166%2525252525252525252525253Aneo%2525252525252525252525253Amtp%2525252525252525252525253Alp142897%2525252525252525252525253Adec%2525252525252525252525253Aqswebsite%2525252525252525252525252520hotel%2525252525252525252525252520in%2525252525252525252525252520vietnamese&aid=393655&source=searchresults-product-card&start_date=2023-10-09&end_date=2023-10-09&date=2023-10-09&ufi=-3712125,https://q-xx.bstatic.com/xdata/images/xphoto/300x320/131519775.jpg?k=f3d465893132209c1cd8a5d98d06c425c9011280ad14231ca9bbf941f406bc50&o=,Đà Nẵng,4.9,9,Tour tham gia lớp học nấu ăn và đi thuyền thúng,Chuyến tham quan tìm hiểu văn hóa Việt Nam và trải nghiệm trên một loại thuyền truyền thống,Rất tốt,"Bạn có thể tham gia tour vào buổi sáng hoặc buổi chiều để có cơ hội hòa mình vào văn hóa và ẩm thực Việt Nam.

Sau khi được đón tại khách sạn, bạn sẽ cùng đầu bếp ghé thăm chợ địa phương và mua nguyên liệu tươi sống để nấu bữa trưa hoặc bữa tối. Sau đó, bạn sẽ đến làng Cẩm Thanh và khám phá các con kênh trên một chiếc thuyền thúng truyền thống. Bạn cũng sẽ được xem cách bắt cua bằng một loại lưới đặc biệt.

Nửa sau của tour là thời gian cho lớp học nấu ăn. Đây là lúc để bạn tìm hiểu sâu hơn về nền ẩm thực Việt Nam và nấu bốn món ăn. Bạn sẽ thưởng thức một bữa ăn nóng hổi để kết thúc chuyến tham quan.",0,0,1,1,1,0,0,0,1,1,1,1,0,0,0,0,0,0,Trẻ nhỏ phải ngồi trong lòng người lớn,"Điểm khởi hành
Hoi An
Lưu ý rằng có dịch vụ đón khách tại các khách sạn ở Hội An. Vui lòng nhập thông tin đón khách ở bước thanh toán. Xin lưu ý, dịch vụ đón tại khách sạn sẽ bắt đầu 5 phút trước giờ khởi hành dự kiến.",Vô hạn,122500,73500,Oanh Vũ,26,26
Tour nửa ngày tham quan vùng quê bằng xe đạp,https://www.booking.com/attractions/vn/prembxoqnrnd-half-day-countryside-bike-tour.html?label=msn-golPss9W5H1W4PKgfhrStw-80333161583921%2525252525252525252525253Atikwd-16659120286%2525252525252525252525253Aloc-166%2525252525252525252525253Aneo%2525252525252525252525253Amtp%2525252525252525252525253Alp142897%2525252525252525252525253Adec%2525252525252525252525253Aqswebsite%2525252525252525252525252520hotel%2525252525252525252525252520in%2525252525252525252525252520vietnamese&aid=393655&source=searchresults-product-card&start_date=2023-10-09&end_date=2023-10-09&date=2023-10-09&ufi=-3712125,https://q-xx.bstatic.com/xdata/images/xphoto/300x320/115758583.jpg?k=f45710dfb2ad525f9c75cfb9ef9d7ff263187c188a7e9555bccbf44fa9930ded&o=,Đà Nẵng,4.5,47,Tour nửa ngày tham quan vùng quê bằng xe đạp,Một cách thú vị để khám phá vùng nông thôn Hội An,Tốt,"Trong tour du lịch có hướng dẫn viên này, bạn sẽ khám phá vùng quê Hội An bằng xe đạp. Bạn sẽ đạp xe qua những cánh đồng và ngắm nhìn cảnh đẹp xung quanh. Bạn cũng sẽ được tham quan các ngôi làng truyền thống và tương tác với người dân địa phương để tìm hiểu thêm về văn hóa và truyền thống Việt Nam. Nhà hàng địa phương cũng là một trong các điểm dừng chân để bạn thưởng thức bữa ăn đậm chất Việt.",1,0,1,1,0,1,1,0,1,1,1,0,1,1,0,1,1,1,"Gần các trạm giao thông công cộng
Trẻ nhỏ phải ngồi trong lòng người lớn
Có ghế cho trẻ nhỏ",Điểm tập trung,Vô hạn,147000,73500,Thùy Nhi,27,27
Tour tham quan bằng xe máy và khám phá ẩm thực,https://www.booking.com/attractions/vn/pruispl3twfa-motorbike-sightseeing-tour-with-food-tasting.html?label=msn-golPss9W5H1W4PKgfhrStw-80333161583921%2525252525252525252525253Atikwd-16659120286%2525252525252525252525253Aloc-166%2525252525252525252525253Aneo%2525252525252525252525253Amtp%2525252525252525252525253Alp142897%2525252525252525252525253Adec%2525252525252525252525253Aqswebsite%2525252525252525252525252520hotel%2525252525252525252525252520in%2525252525252525252525252520vietnamese&aid=393655&source=searchresults-product-card&start_date=2023-10-09&end_date=2023-10-09&date=2023-10-09&ufi=-3712125,https://r-xx.bstatic.com/xdata/images/xphoto/300x320/154700554.jpg?k=a8900e302ed02ffc8cbe2c33329909cc1bd79950f679ecd3ab2a33009eeb97f8&o=,Đà Nẵng,4.3,8,Tour tham quan bằng xe máy và khám phá ẩm thực,Một tour du lịch có hướng dẫn để khám phá các điểm tham quan nổi tiếng và đi mua sắm,Tốt,Lập kỷ niệm và chia sẻ niềm vui cùng gia đình và bạn bè thân thương.,1,0,0,1,0,0,1,1,1,0,1,1,0,0,1,0,1,1,Trẻ nhỏ phải ngồi chung với người lớn,Điểm tập trung,Vô hạn,245000,98000,Quỳnh Vân,10,28
Tour đạp xe tham quan làng và ăn trưa,https://www.booking.com/attractions/vn/przwp7vlillj-village-cycling-tour-with-lunch.html?label=msn-golPss9W5H1W4PKgfhrStw-80333161583921%2525252525252525252525253Atikwd-16659120286%2525252525252525252525253Aloc-166%2525252525252525252525253Aneo%2525252525252525252525253Amtp%2525252525252525252525253Alp142897%2525252525252525252525253Adec%2525252525252525252525253Aqswebsite%2525252525252525252525252520hotel%2525252525252525252525252520in%2525252525252525252525252520vietnamese&aid=393655&source=searchresults-product-card&start_date=2023-10-09&end_date=2023-10-09&date=2023-10-09&ufi=-3712125,https://q-xx.bstatic.com/xdata/images/xphoto/300x320/138913186.jpg?k=a56867ee631f86ee8683e9bb3ecc863026cf72227c588cecdc1c9ba350e8b12f&o=,Đà Nẵng,3.7,45,Tour đạp xe tham quan làng và ăn trưa,Tour tham quan có hướng dẫn để trải nghiệm cuộc sống địa phương,Tốt,Công viên công cộng lớn với sân cỏ xanh mướt.,1,0,1,0,0,0,1,1,0,0,0,1,0,0,0,0,1,1,"Gần các trạm giao thông công cộng
Trẻ nhỏ phải ngồi trong lòng người lớn
Có ghế cho trẻ nhỏ",Điểm tập trung,Vô hạn,171500,49000,Mai Hà,29,29
Trải nghiệm cuộc sống thôn dã có ăn tối,https://www.booking.com/attractions/vn/prcnq3vxkmku-country-life-experience-with-dinner.html?label=msn-golPss9W5H1W4PKgfhrStw-80333161583921%2525252525252525252525253Atikwd-16659120286%2525252525252525252525253Aloc-166%2525252525252525252525253Aneo%2525252525252525252525253Amtp%2525252525252525252525253Alp142897%2525252525252525252525253Adec%2525252525252525252525253Aqswebsite%2525252525252525252525252520hotel%2525252525252525252525252520in%2525252525252525252525252520vietnamese&aid=393655&source=searchresults-product-card&start_date=2023-10-09&end_date=2023-10-09&date=2023-10-09&ufi=-3712125,https://q-xx.bstatic.com/xdata/images/xphoto/300x320/149433681.jpg?k=c2b3668ae4d37426f91d2ab106b4515c3d0f99c7ebdbe518571059e369a2d3e0&o=,Đà Nẵng,5.0,45,Trải nghiệm cuộc sống thôn dã có ăn tối,Tham quan một số ngôi làng truyền thống và thử sức với nghề nông,Tốt,Khu trung tâm mua sắm với hàng trăm cửa hàng.,1,0,1,1,0,0,1,1,1,0,1,0,0,0,0,1,0,0,Phù hợp với mọi tình trạng thể lực,Điểm tập trung,Vô hạn,196000,73500,Phương Yến,30,30
Lớp nấu ăn và trải nghiệm làm nông,https://www.booking.com/attractions/vn/prr11wjkva3u-a-farming-experience-in-a-local-village.html?label=msn-golPss9W5H1W4PKgfhrStw-80333161583921%2525252525252525252525253Atikwd-16659120286%2525252525252525252525253Aloc-166%2525252525252525252525253Aneo%2525252525252525252525253Amtp%2525252525252525252525253Alp142897%2525252525252525252525253Adec%2525252525252525252525253Aqswebsite%2525252525252525252525252520hotel%2525252525252525252525252520in%2525252525252525252525252520vietnamese&aid=393655&source=searchresults-product-card&start_date=2023-10-09&end_date=2023-10-09&date=2023-10-09&ufi=-3712125,https://q-xx.bstatic.com/xdata/images/xphoto/300x320/115758582.jpg?k=b56a463cd161a83e592328e97ec0ca59155e349b7b6d39776439b1ee970ec1f3&o=,Đà Nẵng,4.7,48,Lớp nấu ăn và trải nghiệm làm nông,Tìm hiểu cuộc sống nông thôn Việt Nam và học nấu ăn với đầu bếp chuyên nghiệp,Tốt,Đảo hoang dã với cát trắng và dải biển tuyệt đẹp.,1,0,1,1,1,1,1,1,0,1,0,0,0,1,0,0,1,1,Trẻ nhỏ phải ngồi chung với người lớn,"Điểm đón khách
Hoi An City
Xin lưu ý rằng dịch vụ đón khách áp dụng cho các khách sạn ở Đà Nẵng và trung tâm Hội An. Vui lòng nhập thông tin đón khách ở bước thanh toán. Lưu ý rằng thời gian đón khách sẽ bắt đầu trước giờ tour khởi hành khoảng 30-60 phút. Thời gian đón chính xác sẽ được nhà cung cấp tour xác nhận lại.",Có giảm giá cho nhóm,196000,122500,xanh,31,31
Vượt thác ở Đà Lạt kèm bữa trưa,https://www.booking.com/attractions/vn/pruj6sbi1enp-dalat-canyoning-with-lunch.html?label=msn-golPss9W5H1W4PKgfhrStw-80333161583921%2525252525252525252525253Atikwd-16659120286%2525252525252525252525253Aloc-166%2525252525252525252525253Aneo%2525252525252525252525253Amtp%2525252525252525252525253Alp142897%2525252525252525252525253Adec%2525252525252525252525253Aqswebsite%2525252525252525252525252520hotel%2525252525252525252525252520in%2525252525252525252525252520vietnamese&aid=393655&source=searchresults-product-card&start_date=2023-10-09&end_date=2023-10-09&date=2023-10-09&ufi=-3712125,https://q-xx.bstatic.com/xdata/images/xphoto/300x320/130035480.jpg?k=cca51cca1c7c526faff2e6f64a30300aa3e5c684e416cf627faab87e9d7a0219&o=,Đà Nẵng,4.4,37,Vượt thác ở Đà Lạt kèm bữa trưa,Cùng hướng dẫn viên đi vượt thác giữa khung cảnh núi rừng gập ghềnh,Tốt,Khu vực nông thôn với vườn trồng trọt và nông dân thân thiện.,0,0,0,0,0,1,0,1,0,0,1,0,0,0,1,0,1,0,Trẻ nhỏ phải ngồi chung với người lớn,"Điểm khởi hành
Đà Lạt
Xin lưu ý rằng có dịch vụ đưa đón tại các khách sạn ở trung tâm Đà Lạt. Nếu chỗ nghỉ của bạn không nằm trong khu vực đón khách, vui lòng gặp hướng dẫn viên tại địa chỉ được liệt kê. Vui lòng liên hệ với nhà cung cấp tour để xác nhận thông tin đón khách.",Vô hạn,122500,122500,Khánh Giang,32,32
Tour đi bộ tham quan Hội An và đi thuyền tam bản,https://www.booking.com/attractions/vn/prridv6scknf-hoi-an-walking-tour-with-sampan-boat-ride.html?label=msn-golPss9W5H1W4PKgfhrStw-80333161583921%2525252525252525252525253Atikwd-16659120286%2525252525252525252525253Aloc-166%2525252525252525252525253Aneo%2525252525252525252525253Amtp%2525252525252525252525253Alp142897%2525252525252525252525253Adec%2525252525252525252525253Aqswebsite%2525252525252525252525252520hotel%2525252525252525252525252520in%2525252525252525252525252520vietnamese&aid=393655&source=searchresults-product-card&start_date=2023-10-09&end_date=2023-10-09&date=2023-10-09&ufi=-3712125,https://r-xx.bstatic.com/xdata/images/xphoto/300x320/130076377.jpg?k=83a820a18e964cb6ca4055237f4b37208c8564afe809d5b35aa340c13d452072&o=,Đà Nẵng,4.2,31,Tour đi bộ tham quan Hội An và đi thuyền tam bản,Chuyến đi với hướng dẫn viên tham quan Hội An cổ kính và tự do khám phá vào buổi tối,Tốt,Khám phá những vùng đất mới lạ và thú vị.,0,0,0,1,0,1,1,1,1,0,1,0,0,1,1,0,1,1,Phù hợp với mọi tình trạng thể lực,Điểm tập trung,Vô hạn,98000,122500,Yến Anh,33,33
Tour ẩm thực Hội An có đi xe đạp và đi thuyền,https://www.booking.com/attractions/vn/pr4tckxy6645-hoi-an-food-tour-with-bike-and-boat-rides.html?label=msn-golPss9W5H1W4PKgfhrStw-80333161583921%2525252525252525252525253Atikwd-16659120286%2525252525252525252525253Aloc-166%2525252525252525252525253Aneo%2525252525252525252525253Amtp%2525252525252525252525253Alp142897%2525252525252525252525253Adec%2525252525252525252525253Aqswebsite%2525252525252525252525252520hotel%2525252525252525252525252520in%2525252525252525252525252520vietnamese&aid=393655&source=searchresults-product-card&start_date=2023-10-09&end_date=2023-10-09&date=2023-10-09&ufi=-3712125,https://q-xx.bstatic.com/xdata/images/xphoto/300x320/119139034.jpg?k=689ebc1097efe7878724ed248c7ad91cfaf542c230c6547b70a9c828e2ed687b&o=,Đà Nẵng,5.0,43,Tour ẩm thực Hội An có đi xe đạp và đi thuyền,Cùng hướng dẫn viên tìm hiểu về ẩm thực Việt Nam và thử các món ăn địa phương,Tốt,Lập kỷ niệm và tạo những trải nghiệm đáng nhớ với người thân yêu.,0,0,0,0,0,0,1,0,0,1,1,0,1,1,0,0,0,0,Phù hợp với mọi tình trạng thể lực,Điểm tập trung,Có giảm giá cho nhóm,245000,122500,Bình Yên,34,34
Tour trải nghiệm ẩm thực đường phố,https://www.booking.com/attractions/vn/prb9wrmm6ksz-street-food-tour-with-tastings.html?label=msn-golPss9W5H1W4PKgfhrStw-80333161583921%2525252525252525252525253Atikwd-16659120286%2525252525252525252525253Aloc-166%2525252525252525252525253Aneo%2525252525252525252525253Amtp%2525252525252525252525253Alp142897%2525252525252525252525253Adec%2525252525252525252525253Aqswebsite%2525252525252525252525252520hotel%2525252525252525252525252520in%2525252525252525252525252520vietnamese&aid=393655&source=searchresults-product-card&start_date=2023-10-09&end_date=2023-10-09&date=2023-10-09&ufi=-3712125,https://q-xx.bstatic.com/xdata/images/xphoto/300x320/107786715.jpg?k=ba60dc28f41909fc6587f5a618317c293b0df5942344acc45e3ec4ff84d93282&o=,Đà Nẵng,4.7,5,Tour trải nghiệm ẩm thực đường phố,Cơ hội ăn uống như một người dân địa phương trong chuyến đi có hướng dẫn viên đến khu ẩm thực đường phố Đà Lạt,Tốt,Ngôi đền linh thiêng thờ phượng đáng kinh ngạc.,0,1,1,0,0,0,1,1,0,1,0,0,1,0,1,0,1,0,Phù hợp với mọi tình trạng thể lực,Điểm tập trung,Vô hạn,98000,49000,Quỳnh Vân,10,35
Tour Mỹ Sơn có xe đưa đón,https://www.booking.com/attractions/vn/prospe1t84zj-my-son-tour-with-transfers.html?label=msn-golPss9W5H1W4PKgfhrStw-80333161583921%2525252525252525252525253Atikwd-16659120286%2525252525252525252525253Aloc-166%2525252525252525252525253Aneo%2525252525252525252525253Amtp%2525252525252525252525253Alp142897%2525252525252525252525253Adec%2525252525252525252525253Aqswebsite%2525252525252525252525252520hotel%2525252525252525252525252520in%2525252525252525252525252520vietnamese&aid=393655&source=searchresults-product-card&start_date=2023-10-09&end_date=2023-10-09&date=2023-10-09&ufi=-3712125,https://q-xx.bstatic.com/xdata/images/xphoto/300x320/115766017.jpg?k=ed4e9f5a6ce54e8029efd275c11271bf2d1204a413cef71a2dadb3d0b3967459&o=,Đà Nẵng,4.2,52,Tour Mỹ Sơn có xe đưa đón,"Chuyến tham quan nửa ngày với hướng dẫn viên đến Mỹ Sơn, một di sản thế giới được UNESCO công nhận",Tốt,Điểm đến cho tâm hồn lãng mạn và trữ tình.,1,1,0,0,1,1,1,1,0,1,1,0,0,0,1,0,1,0,Phù hợp với mọi tình trạng thể lực,Điểm tập trung,Vô hạn,196000,122500,Trọng Hà,36,36
Tham quan miền quê trên xe Vespa và thuyền thúng,https://www.booking.com/attractions/vn/prjinz7hdxky-countryside-tour-on-a-vespa-and-a-basket-boat.html?label=msn-golPss9W5H1W4PKgfhrStw-80333161583921%2525252525252525252525253Atikwd-16659120286%2525252525252525252525253Aloc-166%2525252525252525252525253Aneo%2525252525252525252525253Amtp%2525252525252525252525253Alp142897%2525252525252525252525253Adec%2525252525252525252525253Aqswebsite%2525252525252525252525252520hotel%2525252525252525252525252520in%2525252525252525252525252520vietnamese&aid=393655&source=searchresults-product-card&start_date=2023-10-09&end_date=2023-10-09&date=2023-10-09&ufi=-3712125,https://q-xx.bstatic.com/xdata/images/xphoto/300x320/130078441.jpg?k=0131c91d398d8ba153567f4ca4833ffdb0bb7e248c275adddc10dae7cc3c8c59&o=,Đà Nẵng,4.2,59,Tham quan miền quê trên xe Vespa và thuyền thúng,Trải nghiệm văn hóa trên chiếc xe máy và thuyền thúng,Tốt,Công viên quốc gia với cảnh quan thiên nhiên độc đáo.,0,0,1,1,0,0,1,1,0,0,0,0,1,1,0,1,0,0,Trẻ nhỏ phải ngồi chung với người lớn,"Điểm đón khách
Hoi An
Xin lưu ý rằng có dịch vụ đưa đón tại các khách sạn ở Hội An. Vui lòng nhập thông tin đón khách của bạn khi đặt tour. Vui lòng liên hệ với nhà cung cấp tour để sắp xếp dịch vụ đón khách. Bạn sẽ thấy thông tin liên lạc của họ trên voucher nhận được sau khi đặt.",Vô hạn,171500,73500,Gia Bình,37,37
