User Name,Recommendations
Diệu Thiện,"['Du thuyền đêm trên sông Hàn', 'Tour nửa ngày đi thuyền trên sông thời chiến có hướng dẫn', 'Trải nghiệm uống thử cà phê', 'Tour Ngũ Hành Sơn và Hội An', 'Tour nửa ngày tham quan vùng quê bằng xe đạp', 'Tour tham gia lớp học nấu ăn và đi thuyền thúng', 'Tham quan Phố Cổ và du ngoạn trên sông', 'Changed Attraction Tour thuyền thúng và lớp học nấu ăn thân thiện với môi trường', 'Changed Attraction Tour Bà Nà Hills trọn ngày với bữa trưa buffet', 'Changed Attraction Tour Bán đảo Sơn Trà & Hội An từ Đà Nẵng']"
Mỹ Duyên,"['Tour Bà Nà Hills trọn ngày với bữa trưa buffet', 'Tour Bán đảo Sơn Trà & Hội An từ Đà Nẵng', 'Tour tham gia lớp học nấu ăn và đi thuyền thúng', 'Tour nửa ngày tham quan vùng quê bằng xe đạp', 'Tour Cầu Vàng và Bà Nà Hills', 'Tour thuyền thúng và lớp học nấu ăn thân thiện với môi trường', 'Lớp hướng dẫn làm lồng đèn', 'Changed Attraction Tour Ngũ Hành Sơn và Hội An', 'Changed Attraction Tour tham quan bằng xe máy và khám phá ẩm thực', 'Changed Attraction Du thuyền đêm trên sông Hàn']"
Xuân Phượng,"['Tour Cầu Vàng và Bà Nà Hills', 'Tour đạp xe tham quan làng và ăn trưa', 'Tour đi bộ tham quan Hội An và đi thuyền tam bản', 'Tour tham gia lớp học nấu ăn và đi thuyền thúng', 'Tham quan Đà Lạt với hướng dẫn viên', 'Tour riêng tham quan Hội An từ Đà Nẵng', 'Tour tham quan Đà Nẵng về đêm kèm bữa tối', 'Changed Attraction Nấu ăn lúc hoàng hôn với chuyến đi thuyền ở Hội An', 'Changed Attraction Vé vào cửa công viên suối khoáng nóng Núi Thần Tài', 'Changed Attraction Tour Ngũ Hành Sơn và Hội An']"
Anh Chi,"['Lớp hướng dẫn làm lồng đèn', 'Tour tham gia lớp học nấu ăn và đi thuyền thúng', 'Tour Bán đảo Sơn Trà & Hội An từ Đà Nẵng', 'Tour Ngũ Hành Sơn và Hội An', 'Tour ẩm thực Hội An có đi xe đạp và đi thuyền', 'Du thuyền đêm trên sông Hàn', 'Tour ẩm thực với hướng dẫn viên và đi thuyền trên sông', 'Changed Attraction Tour nửa ngày tham quan vùng quê bằng xe đạp', 'Changed Attraction Tour Bà Nà Hills trọn ngày với bữa trưa buffet', 'Changed Attraction Tour thuyền thúng và lớp học nấu ăn thân thiện với môi trường']"
Phượng Lệ,"['Tour Bà Nà Hills trọn ngày với bữa trưa buffet', 'Tham quan Đà Lạt với hướng dẫn viên', 'Tour đi bộ tham quan Hội An và đi thuyền tam bản', 'Nấu ăn lúc hoàng hôn với chuyến đi thuyền ở Hội An', 'Tour riêng tham quan Hội An từ Đà Nẵng', 'Tour Ngũ Hành Sơn và Hội An', 'Tour ẩm thực Hội An có đi xe đạp và đi thuyền', 'Changed Attraction Tour Cầu Vàng và Bà Nà Hills', 'Changed Attraction Tour ẩm thực với hướng dẫn viên và đi thuyền trên sông', 'Changed Attraction Tour tham quan bằng xe máy và khám phá ẩm thực']"
Cẩm Linh,"['Tour Ngũ Hành Sơn và Hội An', 'Tour Bán đảo Sơn Trà & Hội An từ Đà Nẵng', 'Tour Bà Nà Hills trọn ngày với bữa trưa buffet', 'Tour nửa ngày tham quan vùng quê bằng xe đạp', 'Tour tham gia lớp học nấu ăn và đi thuyền thúng', 'Du thuyền đêm trên sông Hàn', 'Tour tham quan bằng xe máy và khám phá ẩm thực', 'Changed Attraction Tour tham quan Đà Nẵng về đêm kèm bữa tối', 'Changed Attraction Tour thuyền thúng và lớp học nấu ăn thân thiện với môi trường', 'Changed Attraction Tour ngoại ô Đà Lạt và Thác Voi']"
Như Thảo,"['Tour ngoại ô Đà Lạt và Thác Voi', 'Tour nửa ngày tham quan vùng quê bằng xe đạp', 'Tour ẩm thực với hướng dẫn viên và đi thuyền trên sông', 'Học nấu món ăn nhà làm đặc trưng', 'Tour Ngũ Hành Sơn và Hội An', 'Tour tham quan Đà Nẵng về đêm kèm bữa tối', 'Tour ẩm thực chợ đêm', 'Changed Attraction Tour nửa ngày đi thuyền trên sông thời chiến có hướng dẫn', 'Changed Attraction Tham quan Đà Lạt với hướng dẫn viên', 'Changed Attraction Vượt thác ở Đà Lạt kèm bữa trưa']"
Quỳnh Vân,"['Tour tham gia lớp học nấu ăn và đi thuyền thúng', 'Trải nghiệm rang và thưởng thức cà phê', 'Tour chèo thuyền kayak ngắm hoàng hôn tại Hội An', 'Tour ẩm thực với hướng dẫn viên và đi thuyền trên sông', 'Tour Mỹ Sơn có xe đưa đón', 'Tour đi bộ tham quan Hội An và đi thuyền tam bản', 'Tour trải nghiệm ẩm thực đường phố', 'Changed Attraction Tour nửa ngày đi thuyền trên sông thời chiến có hướng dẫn', 'Changed Attraction Tour chèo kayak hoặc SUP tại Đà Lạt', 'Changed Attraction Tham quan Đà Lạt với hướng dẫn viên']"
Trung Anh,"['Tour nửa ngày đi thuyền trên sông thời chiến có hướng dẫn', 'Du thuyền đêm trên sông Hàn', 'Tour thuyền thúng riêng & trải nghiệm bắt cua', 'Tour ẩm thực với hướng dẫn viên và đi thuyền trên sông', 'Tham quan miền quê trên xe Vespa và thuyền thúng', 'Tour đi bộ tham quan Hội An và đi thuyền tam bản', 'Tour Phố cổ Hội An có hướng dẫn viên', 'Changed Attraction Trải nghiệm uống thử cà phê', 'Changed Attraction Tham quan Phố Cổ và du ngoạn trên sông', 'Changed Attraction Tour tham quan Đà Nẵng về đêm kèm bữa tối']"
An,"['Tham quan Phố Cổ và du ngoạn trên sông', 'Tour Phố cổ Hội An có hướng dẫn viên', 'Du thuyền đêm trên sông Hàn', 'Tour đi bộ tham quan Hội An và đi thuyền tam bản', 'Tour ẩm thực với hướng dẫn viên và đi thuyền trên sông', 'Nấu ăn lúc hoàng hôn với chuyến đi thuyền ở Hội An', 'Tour chèo thuyền kayak ngắm hoàng hôn tại Hội An', 'Changed Attraction Tham quan Đà Lạt với hướng dẫn viên', 'Changed Attraction Tour nửa ngày tham quan vùng quê bằng xe đạp', 'Changed Attraction Tour trải nghiệm ẩm thực đường phố']"
Diệu Ái,"['Tour tham quan Đà Nẵng về đêm kèm bữa tối', 'Tham quan miền quê trên xe Vespa và thuyền thúng', 'Tour Ngũ Hành Sơn và Hội An', 'Tour nửa ngày đi thuyền trên sông thời chiến có hướng dẫn', 'Tour ngoại ô Đà Lạt và Thác Voi', 'Tour Bán đảo Sơn Trà & Hội An từ Đà Nẵng', 'Tour nửa ngày tham quan vùng quê bằng xe đạp', 'Changed Attraction Tour tham quan bằng xe máy và khám phá ẩm thực', 'Changed Attraction Tour ẩm thực chợ đêm', 'Changed Attraction Tour tham gia lớp học nấu ăn và đi thuyền thúng']"
Hướng,"['Trải nghiệm uống thử cà phê', 'Tour nửa ngày đi thuyền trên sông thời chiến có hướng dẫn', 'Trải nghiệm rang và thưởng thức cà phê', 'Tour ẩm thực Hội An có đi xe đạp và đi thuyền', 'Trải nghiệm cuộc sống thôn dã có ăn tối', 'Lớp nấu ăn và trải nghiệm làm nông', 'Vượt thác ở Đà Lạt kèm bữa trưa', 'Changed Attraction Tour thuyền thúng riêng & trải nghiệm bắt cua', 'Changed Attraction Du thuyền đêm trên sông Hàn', 'Changed Attraction Tour nửa ngày tham quan vùng quê bằng xe đạp']"
Trung Hiếu,"['Tour ẩm thực với hướng dẫn viên và đi thuyền trên sông', 'Tour nửa ngày tham quan vùng quê bằng xe đạp', 'Tour ngoại ô Đà Lạt và Thác Voi', 'Tour ẩm thực Hội An có đi xe đạp và đi thuyền', 'Tour tham quan bằng xe máy và khám phá ẩm thực', 'Tour thuyền thúng và lớp học nấu ăn thân thiện với môi trường', 'Lớp nấu ăn và trải nghiệm làm nông', 'Changed Attraction Tour tham gia lớp học nấu ăn và đi thuyền thúng', 'Changed Attraction Nấu ăn lúc hoàng hôn với chuyến đi thuyền ở Hội An', 'Changed Attraction Học nấu món ăn nhà làm đặc trưng']"
Hải Nam,"['Tour chèo thuyền kayak ngắm hoàng hôn tại Hội An', 'Tour chèo kayak hoặc SUP tại Đà Lạt', 'Tham quan Phố Cổ và du ngoạn trên sông', 'Tour đi bộ tham quan Hội An và đi thuyền tam bản', 'Tour nửa ngày tham quan vùng quê bằng xe đạp', 'Nấu ăn lúc hoàng hôn với chuyến đi thuyền ở Hội An', 'Tour Ngũ Hành Sơn và Hội An', 'Changed Attraction Du thuyền đêm trên sông Hàn', 'Changed Attraction Tour riêng tham quan Hội An từ Đà Nẵng', 'Changed Attraction Tour tham quan bằng xe máy và khám phá ẩm thực']"
Thu Ngọc,"['Tour ẩm thực chợ đêm', 'Tour trải nghiệm ẩm thực đường phố', 'Tour Phố cổ Hội An có hướng dẫn viên', 'Tour tham quan Đà Nẵng về đêm kèm bữa tối', 'Tour ẩm thực Hội An có đi xe đạp và đi thuyền', 'Tham quan Phố Cổ và du ngoạn trên sông', 'Tour tham quan bằng xe máy và khám phá ẩm thực', 'Changed Attraction Tour nửa ngày đi thuyền trên sông thời chiến có hướng dẫn', 'Changed Attraction Tour Ngũ Hành Sơn và Hội An', 'Changed Attraction Tour ẩm thực với hướng dẫn viên và đi thuyền trên sông']"
Giang Sơn,"['Tham quan rừng cọ và làng thủ công mỹ nghệ', 'Trải nghiệm cuộc sống thôn dã có ăn tối', 'Tour đạp xe tham quan làng và ăn trưa', 'Nấu ăn lúc hoàng hôn với chuyến đi thuyền ở Hội An', 'Tour tham quan bằng xe máy và khám phá ẩm thực', 'Tour Ngũ Hành Sơn và Hội An', 'Tour Bán đảo Sơn Trà & Hội An từ Đà Nẵng', 'Changed Attraction Tham quan miền quê trên xe Vespa và thuyền thúng', 'Changed Attraction Tour thuyền thúng và lớp học nấu ăn thân thiện với môi trường', 'Changed Attraction Tour Mỹ Sơn có xe đưa đón']"
Thiên Hương,"['Tour thuyền thúng và lớp học nấu ăn thân thiện với môi trường', 'Tour tham gia lớp học nấu ăn và đi thuyền thúng', 'Tour đi bộ tham quan Hội An và đi thuyền tam bản', 'Tham quan Phố Cổ và du ngoạn trên sông', 'Tham quan Đà Lạt với hướng dẫn viên', 'Tour Phố cổ Hội An có hướng dẫn viên', 'Tour ẩm thực với hướng dẫn viên và đi thuyền trên sông', 'Changed Attraction Lớp nấu ăn và trải nghiệm làm nông', 'Changed Attraction Nấu ăn lúc hoàng hôn với chuyến đi thuyền ở Hội An', 'Changed Attraction Trải nghiệm cuộc sống thôn dã có ăn tối']"
Tú Uyên,"['Tour nửa ngày tham quan vùng quê bằng xe đạp', 'Tour ngoại ô Đà Lạt và Thác Voi', 'Tour ẩm thực Hội An có đi xe đạp và đi thuyền', 'Tour tham quan bằng xe máy và khám phá ẩm thực', 'Tour đi bộ tham quan Hội An và đi thuyền tam bản', 'Tham quan Phố Cổ và du ngoạn trên sông', 'Tour tham gia lớp học nấu ăn và đi thuyền thúng', 'Changed Attraction Học nấu món ăn nhà làm đặc trưng', 'Changed Attraction Tour ẩm thực với hướng dẫn viên và đi thuyền trên sông', 'Changed Attraction Tour trải nghiệm ẩm thực đường phố']"
Giang Thiên,"['Tour Mỹ Sơn có xe đưa đón', 'Tour đi bộ tham quan Hội An và đi thuyền tam bản', 'Tour Bán đảo Sơn Trà & Hội An từ Đà Nẵng', 'Tour Cầu Vàng và Bà Nà Hills', 'Tour chèo thuyền kayak ngắm hoàng hôn tại Hội An', 'Nấu ăn lúc hoàng hôn với chuyến đi thuyền ở Hội An', 'Tham quan Phố Cổ và du ngoạn trên sông', 'Changed Attraction Tour riêng tham quan Hội An từ Đà Nẵng', 'Changed Attraction Tour đạp xe tham quan làng và ăn trưa', 'Changed Attraction Tham quan miền quê trên xe Vespa và thuyền thúng']"
Thuận Hòa,"['Trải nghiệm rang và thưởng thức cà phê', 'Tour tham gia lớp học nấu ăn và đi thuyền thúng', 'Tour chèo kayak hoặc SUP tại Đà Lạt', 'Tham quan miền quê trên xe Vespa và thuyền thúng', 'Tour nửa ngày tham quan vùng quê bằng xe đạp', 'Lớp hướng dẫn làm lồng đèn', 'Lớp nấu ăn và trải nghiệm làm nông', 'Changed Attraction Tour thuyền thúng riêng & trải nghiệm bắt cua', 'Changed Attraction Tour tham quan Đà Nẵng về đêm kèm bữa tối', 'Changed Attraction Trải nghiệm uống thử cà phê']"
Oanh Vũ,"['Tour tham gia lớp học nấu ăn và đi thuyền thúng', 'Tour chèo kayak hoặc SUP tại Đà Lạt', 'Tour nửa ngày tham quan vùng quê bằng xe đạp', 'Tour Ngũ Hành Sơn và Hội An', 'Tour Bán đảo Sơn Trà & Hội An từ Đà Nẵng', 'Nấu ăn lúc hoàng hôn với chuyến đi thuyền ở Hội An', 'Lớp hướng dẫn làm lồng đèn', 'Changed Attraction Trải nghiệm rang và thưởng thức cà phê', 'Changed Attraction Tour Bà Nà Hills trọn ngày với bữa trưa buffet', 'Changed Attraction Tour thuyền thúng và lớp học nấu ăn thân thiện với môi trường']"
Thùy Nhi,"['Tour nửa ngày tham quan vùng quê bằng xe đạp', 'Tour ẩm thực với hướng dẫn viên và đi thuyền trên sông', 'Học nấu món ăn nhà làm đặc trưng', 'Tour tham gia lớp học nấu ăn và đi thuyền thúng', 'Tour Bán đảo Sơn Trà & Hội An từ Đà Nẵng', 'Tour Bà Nà Hills trọn ngày với bữa trưa buffet', 'Tour thuyền thúng và lớp học nấu ăn thân thiện với môi trường', 'Changed Attraction Tour ngoại ô Đà Lạt và Thác Voi', 'Changed Attraction Du thuyền đêm trên sông Hàn', 'Changed Attraction Tour Ngũ Hành Sơn và Hội An']"
Mai Hà,"['Tour đạp xe tham quan làng và ăn trưa', 'Tour nửa ngày tham quan vùng quê bằng xe đạp', 'Tour ẩm thực Hội An có đi xe đạp và đi thuyền', 'Tham quan miền quê trên xe Vespa và thuyền thúng', 'Tour tham gia lớp học nấu ăn và đi thuyền thúng', 'Tour ẩm thực với hướng dẫn viên và đi thuyền trên sông', 'Tham quan Phố Cổ và du ngoạn trên sông', 'Changed Attraction Tour tham quan bằng xe máy và khám phá ẩm thực', 'Changed Attraction Trải nghiệm cuộc sống thôn dã có ăn tối', 'Changed Attraction Tham quan rừng cọ và làng thủ công mỹ nghệ']"
Phương Yến,"['Trải nghiệm cuộc sống thôn dã có ăn tối', 'Lớp nấu ăn và trải nghiệm làm nông', 'Tour nửa ngày tham quan vùng quê bằng xe đạp', 'Tham quan rừng cọ và làng thủ công mỹ nghệ', 'Tour tham gia lớp học nấu ăn và đi thuyền thúng', 'Tham quan Phố Cổ và du ngoạn trên sông', 'Tham quan Đà Lạt với hướng dẫn viên', 'Changed Attraction Tour tham quan bằng xe máy và khám phá ẩm thực', 'Changed Attraction Nấu ăn lúc hoàng hôn với chuyến đi thuyền ở Hội An', 'Changed Attraction Tour đạp xe tham quan làng và ăn trưa']"
xanh,"['Lớp nấu ăn và trải nghiệm làm nông', 'Tour thuyền thúng và lớp học nấu ăn thân thiện với môi trường', 'Tour tham gia lớp học nấu ăn và đi thuyền thúng', 'Nấu ăn lúc hoàng hôn với chuyến đi thuyền ở Hội An', 'Tour ẩm thực Hội An có đi xe đạp và đi thuyền', 'Tour đạp xe tham quan làng và ăn trưa', 'Tour nửa ngày tham quan vùng quê bằng xe đạp', 'Changed Attraction Vượt thác ở Đà Lạt kèm bữa trưa', 'Changed Attraction Học nấu món ăn nhà làm đặc trưng', 'Changed Attraction Trải nghiệm cuộc sống thôn dã có ăn tối']"
Khánh Giang,"['Vượt thác ở Đà Lạt kèm bữa trưa', 'Tour ngoại ô Đà Lạt và Thác Voi', 'Tham quan Đà Lạt với hướng dẫn viên', 'Tour thuyền thúng và lớp học nấu ăn thân thiện với môi trường', 'Tour ẩm thực với hướng dẫn viên và đi thuyền trên sông', 'Lớp nấu ăn và trải nghiệm làm nông', 'Trải nghiệm uống thử cà phê', 'Changed Attraction Tour tham quan Đà Nẵng về đêm kèm bữa tối', 'Changed Attraction Trải nghiệm cuộc sống thôn dã có ăn tối', 'Changed Attraction Tour trải nghiệm ẩm thực đường phố']"
Yến Anh,"['Tour đi bộ tham quan Hội An và đi thuyền tam bản', 'Nấu ăn lúc hoàng hôn với chuyến đi thuyền ở Hội An', 'Tour tham quan bằng xe máy và khám phá ẩm thực', 'Tour nửa ngày tham quan vùng quê bằng xe đạp', 'Tour riêng tham quan Hội An từ Đà Nẵng', 'Tour Phố cổ Hội An có hướng dẫn viên', 'Tour ẩm thực Hội An có đi xe đạp và đi thuyền', 'Changed Attraction Tour chèo thuyền kayak ngắm hoàng hôn tại Hội An', 'Changed Attraction Tour ẩm thực với hướng dẫn viên và đi thuyền trên sông', 'Changed Attraction Tham quan Phố Cổ và du ngoạn trên sông']"
Bình Yên,"['Tour ẩm thực Hội An có đi xe đạp và đi thuyền', 'Tour ẩm thực với hướng dẫn viên và đi thuyền trên sông', 'Tour tham quan bằng xe máy và khám phá ẩm thực', 'Tour tham gia lớp học nấu ăn và đi thuyền thúng', 'Tour thuyền thúng và lớp học nấu ăn thân thiện với môi trường', 'Tour Phố cổ Hội An có hướng dẫn viên', 'Tour đạp xe tham quan làng và ăn trưa', 'Changed Attraction Tour trải nghiệm ẩm thực đường phố', 'Changed Attraction Học nấu món ăn nhà làm đặc trưng', 'Changed Attraction Tour nửa ngày tham quan vùng quê bằng xe đạp']"
Trọng Hà,"['Tour Mỹ Sơn có xe đưa đón', 'Tour riêng tham quan Hội An từ Đà Nẵng', 'Tham quan rừng cọ và làng thủ công mỹ nghệ', 'Tour Ngũ Hành Sơn và Hội An', 'Tour đạp xe tham quan làng và ăn trưa', 'Tour ẩm thực với hướng dẫn viên và đi thuyền trên sông', 'Tour tham gia lớp học nấu ăn và đi thuyền thúng', 'Changed Attraction Tour nửa ngày tham quan vùng quê bằng xe đạp', 'Changed Attraction Tour Bán đảo Sơn Trà & Hội An từ Đà Nẵng', 'Changed Attraction Tour tham quan bằng xe máy và khám phá ẩm thực']"
Gia Bình,"['Tham quan miền quê trên xe Vespa và thuyền thúng', 'Tour tham quan Đà Nẵng về đêm kèm bữa tối', 'Tour nửa ngày đi thuyền trên sông thời chiến có hướng dẫn', 'Tour tham gia lớp học nấu ăn và đi thuyền thúng', 'Tham quan Phố Cổ và du ngoạn trên sông', 'Tour nửa ngày tham quan vùng quê bằng xe đạp', 'Tour ẩm thực với hướng dẫn viên và đi thuyền trên sông', 'Changed Attraction Tour đạp xe tham quan làng và ăn trưa', 'Changed Attraction Tour thuyền thúng riêng & trải nghiệm bắt cua', 'Changed Attraction Tour tham quan bằng xe máy và khám phá ẩm thực']"
