Attraction Name,Recommendations
Tham quan Hòn Tằm và tắm bùn tại resort,"['Tour riêng khám phá lịch sử và văn hóa Nha Trang', 'Tour riêng tìm hiểu văn hóa vùng quê ở Nha Trang', 'Du thuyền hoàng hôn với bữa tối', 'Du thuyền trên sông trải nghiệm văn hóa Nha Trang', 'Tham quan vùng nông thôn Hội An', 'Tour Thác Ba Hồ khởi hành từ Nha Trang', 'Tour ba thác trong rừng', 'Changed Attraction Khóa học lái xe máy trong một giờ', 'Changed Attraction Tour du lịch miền quê bằng ô tô', 'Changed Attraction Du thuyền trên sông nửa ngày với bữa trưa hoặc bữa tối']"
Trải nghiệm Spa có tắm bùn,"['Du thuyền hoàng hôn với bữa tối', 'Du thuyền trên sông nửa ngày với bữa trưa hoặc bữa tối', 'Du thuyền trên sông trải nghiệm văn hóa Nha Trang', 'Tham quan Hòn Tằm và tắm bùn tại resort', 'Tham quan vùng nông thôn Hội An', 'Tour Thác Ba Hồ khởi hành từ Nha Trang', 'Tour du lịch miền quê bằng ô tô', 'Changed Attraction Tour ba thác trong rừng', 'Changed Attraction Tour du thuyền riêng trên sông với bữa trưa', 'Changed Attraction Khóa học lái xe máy trong một giờ']"
Tour thác Ba Hồ có hướng dẫn,"['Du thuyền hoàng hôn với bữa tối', 'Du thuyền trên sông nửa ngày với bữa trưa hoặc bữa tối', 'Du thuyền trên sông trải nghiệm văn hóa Nha Trang', 'Khóa học lái xe máy trong một giờ', 'Tham quan Hòn Tằm và tắm bùn tại resort', 'Tour Thác Ba Hồ khởi hành từ Nha Trang', 'Tour ba thác trong rừng', 'Changed Attraction Tour du thuyền riêng trên sông với bữa trưa', 'Changed Attraction Tham quan vùng nông thôn Hội An', 'Changed Attraction Tour du lịch miền quê bằng ô tô']"
"Tour tham quan Hòn Mun, Làng Chài và Bãi Tranh","['Du thuyền trên sông nửa ngày với bữa trưa hoặc bữa tối', 'Du thuyền trên sông trải nghiệm văn hóa Nha Trang', 'Khóa học lái xe máy trong một giờ', 'Tham quan vùng nông thôn Hội An', 'Tour ba thác trong rừng', 'Tour du lịch miền quê bằng ô tô', 'Tour du thuyền riêng trên sông với bữa trưa', 'Changed Attraction Du thuyền hoàng hôn với bữa tối', 'Changed Attraction Tour Thác Ba Hồ khởi hành từ Nha Trang', 'Changed Attraction Tham quan Hòn Tằm và tắm bùn tại resort']"
Tour tham quan nửa Ngày,"['Tour riêng khám phá vùng nông thôn Nha Trang', 'Tour riêng khám phá vùng quê và làng mạc', 'Du thuyền hoàng hôn với bữa tối', 'Du thuyền trên sông trải nghiệm văn hóa Nha Trang', 'Khóa học lái xe máy trong một giờ', 'Tham quan Hòn Tằm và tắm bùn tại resort', 'Tour Thác Ba Hồ khởi hành từ Nha Trang', 'Changed Attraction Tham quan vùng nông thôn Hội An', 'Changed Attraction Tour ba thác trong rừng', 'Changed Attraction Du thuyền trên sông nửa ngày với bữa trưa hoặc bữa tối']"
Đi du thuyền sang trọng có hướng dẫn và ngắm hoàng hôn,"['Du thuyền hoàng hôn với bữa tối', 'Du thuyền trên sông nửa ngày với bữa trưa hoặc bữa tối', 'Du thuyền trên sông trải nghiệm văn hóa Nha Trang', 'Khóa học lái xe máy trong một giờ', 'Tham quan vùng nông thôn Hội An', 'Tour du lịch miền quê bằng ô tô', 'Tour du thuyền riêng trên sông với bữa trưa', 'Changed Attraction Tour Thác Ba Hồ khởi hành từ Nha Trang', 'Changed Attraction Tour ba thác trong rừng', 'Changed Attraction Tham quan Hòn Tằm và tắm bùn tại resort']"
Khóa học lái xe máy trong một giờ,"['Du thuyền hoàng hôn với bữa tối', 'Du thuyền trên sông nửa ngày với bữa trưa hoặc bữa tối', 'Du thuyền trên sông trải nghiệm văn hóa Nha Trang', 'Tham quan Hòn Tằm và tắm bùn tại resort', 'Tour Thác Ba Hồ khởi hành từ Nha Trang', 'Tour ba thác trong rừng', 'Tour du lịch miền quê bằng ô tô', 'Changed Attraction Tham quan vùng nông thôn Hội An', 'Changed Attraction Tour du thuyền riêng trên sông với bữa trưa', 'Changed Attraction Tour du thuyền riêng trên sông với bữa trưa 1']"
Tour ngắm hoàng hôn trên sông ở Nha Trang,"['Tham quan vùng nông thôn Hội An', 'Tour riêng khám phá thành phố kèm bữa trưa 1', 'Du thuyền trên sông nửa ngày với bữa trưa hoặc bữa tối', 'Du thuyền trên sông trải nghiệm văn hóa Nha Trang', 'Tham quan Hòn Tằm và tắm bùn tại resort', 'Tour Thác Ba Hồ khởi hành từ Nha Trang', 'Tour du lịch miền quê bằng ô tô', 'Changed Attraction Du thuyền hoàng hôn với bữa tối', 'Changed Attraction Khóa học lái xe máy trong một giờ', 'Changed Attraction Tour ba thác trong rừng']"
Tour du thuyền riêng trên sông với bữa trưa,"['Tour riêng khám phá văn hóa Nha Trang bằng ô tô', 'Tour riêng tìm hiểu văn hóa vùng quê Nha Trang', 'Du thuyền hoàng hôn với bữa tối', 'Du thuyền trên sông trải nghiệm văn hóa Nha Trang', 'Tham quan Hòn Tằm và tắm bùn tại resort', 'Tham quan vùng nông thôn Hội An', 'Tour ba thác trong rừng', 'Changed Attraction Tour Thác Ba Hồ khởi hành từ Nha Trang', 'Changed Attraction Du thuyền trên sông nửa ngày với bữa trưa hoặc bữa tối', 'Changed Attraction Khóa học lái xe máy trong một giờ']"
Du thuyền trên sông trải nghiệm văn hóa Nha Trang,"['Tour tham quan Nha Trang trải nghiệm tắm bùn', 'Tour thành phố Nha Trang nửa ngày', 'Du thuyền hoàng hôn với bữa tối', 'Du thuyền trên sông nửa ngày với bữa trưa hoặc bữa tối', 'Tham quan vùng nông thôn Hội An', 'Tour Thác Ba Hồ khởi hành từ Nha Trang', 'Tour du lịch miền quê bằng ô tô', 'Changed Attraction Tour ba thác trong rừng', 'Changed Attraction Khóa học lái xe máy trong một giờ', 'Changed Attraction Tham quan Hòn Tằm và tắm bùn tại resort']"
Tour riêng khám phá thành phố kèm bữa trưa,"['Du thuyền hoàng hôn với bữa tối', 'Du thuyền trên sông nửa ngày với bữa trưa hoặc bữa tối', 'Du thuyền trên sông trải nghiệm văn hóa Nha Trang', 'Khóa học lái xe máy trong một giờ', 'Tham quan Hòn Tằm và tắm bùn tại resort', 'Tham quan vùng nông thôn Hội An', 'Tour ba thác trong rừng', 'Changed Attraction Tour du lịch miền quê bằng ô tô', 'Changed Attraction Tour Thác Ba Hồ khởi hành từ Nha Trang', 'Changed Attraction Tour du thuyền riêng trên sông với bữa trưa']"
Tour riêng trên sông ngắm nhìn phong cảnh đồng quê,"['Du thuyền hoàng hôn với bữa tối', 'Du thuyền trên sông nửa ngày với bữa trưa hoặc bữa tối', 'Du thuyền trên sông trải nghiệm văn hóa Nha Trang', 'Khóa học lái xe máy trong một giờ', 'Tham quan Hòn Tằm và tắm bùn tại resort', 'Tour Thác Ba Hồ khởi hành từ Nha Trang', 'Tour du thuyền riêng trên sông với bữa trưa', 'Changed Attraction Tham quan vùng nông thôn Hội An', 'Changed Attraction Tour ba thác trong rừng', 'Changed Attraction Tour du lịch miền quê bằng ô tô']"
Du thuyền hoàng hôn với bữa tối,"['Du thuyền trên sông nửa ngày với bữa trưa hoặc bữa tối', 'Khóa học lái xe máy trong một giờ', 'Tham quan vùng nông thôn Hội An', 'Tour Thác Ba Hồ khởi hành từ Nha Trang', 'Tour ba thác trong rừng', 'Tour du lịch miền quê bằng ô tô', 'Tour du thuyền riêng trên sông với bữa trưa 1', 'Changed Attraction Du thuyền trên sông trải nghiệm văn hóa Nha Trang', 'Changed Attraction Tham quan Hòn Tằm và tắm bùn tại resort', 'Changed Attraction Tour du thuyền riêng trên sông với bữa trưa']"
Tour riêng tìm hiểu văn hóa vùng quê ở Nha Trang,"['Tham quan Hòn Tằm và tắm bùn tại resort', 'Tour riêng khám phá lịch sử và văn hóa Nha Trang', 'Du thuyền trên sông nửa ngày với bữa trưa hoặc bữa tối', 'Du thuyền trên sông trải nghiệm văn hóa Nha Trang', 'Tham quan vùng nông thôn Hội An', 'Tour ba thác trong rừng', 'Tour du lịch miền quê bằng ô tô', 'Changed Attraction Khóa học lái xe máy trong một giờ', 'Changed Attraction Tour Thác Ba Hồ khởi hành từ Nha Trang', 'Changed Attraction Du thuyền hoàng hôn với bữa tối']"
Tour riêng khám phá vùng quê và làng mạc,"['Tour riêng khám phá vùng nông thôn Nha Trang', 'Tour tham quan nửa Ngày', 'Du thuyền hoàng hôn với bữa tối', 'Du thuyền trên sông trải nghiệm văn hóa Nha Trang', 'Tham quan Hòn Tằm và tắm bùn tại resort', 'Tham quan vùng nông thôn Hội An', 'Tour ba thác trong rừng', 'Changed Attraction Tour Thác Ba Hồ khởi hành từ Nha Trang', 'Changed Attraction Du thuyền trên sông nửa ngày với bữa trưa hoặc bữa tối', 'Changed Attraction Khóa học lái xe máy trong một giờ']"
Tham quan vùng nông thôn Hội An,"['Tour riêng khám phá thành phố kèm bữa trưa 1', 'Du thuyền hoàng hôn với bữa tối', 'Du thuyền trên sông nửa ngày với bữa trưa hoặc bữa tối', 'Du thuyền trên sông trải nghiệm văn hóa Nha Trang', 'Khóa học lái xe máy trong một giờ', 'Tham quan Hòn Tằm và tắm bùn tại resort', 'Tour ba thác trong rừng', 'Changed Attraction Tour ngắm hoàng hôn trên sông ở Nha Trang', 'Changed Attraction Tour du lịch miền quê bằng ô tô', 'Changed Attraction Tour Thác Ba Hồ khởi hành từ Nha Trang']"
Tour riêng tìm hiểu văn hóa vùng quê Nha Trang,"['Tour du thuyền riêng trên sông với bữa trưa', 'Du thuyền hoàng hôn với bữa tối', 'Du thuyền trên sông trải nghiệm văn hóa Nha Trang', 'Khóa học lái xe máy trong một giờ', 'Tham quan Hòn Tằm và tắm bùn tại resort', 'Tour Thác Ba Hồ khởi hành từ Nha Trang', 'Tour ba thác trong rừng', 'Changed Attraction Tour riêng khám phá văn hóa Nha Trang bằng ô tô', 'Changed Attraction Tham quan vùng nông thôn Hội An', 'Changed Attraction Du thuyền trên sông nửa ngày với bữa trưa hoặc bữa tối']"
Tour tham quan Nha Trang trải nghiệm tắm bùn,"['Tour thành phố Nha Trang nửa ngày', 'Du thuyền hoàng hôn với bữa tối', 'Du thuyền trên sông nửa ngày với bữa trưa hoặc bữa tối', 'Khóa học lái xe máy trong một giờ', 'Tham quan Hòn Tằm và tắm bùn tại resort', 'Tour ba thác trong rừng', 'Tour du lịch miền quê bằng ô tô', 'Changed Attraction Tour Thác Ba Hồ khởi hành từ Nha Trang', 'Changed Attraction Du thuyền trên sông trải nghiệm văn hóa Nha Trang', 'Changed Attraction Tham quan vùng nông thôn Hội An']"
Tour riêng có bữa trưa thăm vùng nông thôn bằng xe hơi,"['Du thuyền hoàng hôn với bữa tối', 'Du thuyền trên sông nửa ngày với bữa trưa hoặc bữa tối', 'Khóa học lái xe máy trong một giờ', 'Tham quan Hòn Tằm và tắm bùn tại resort', 'Tham quan vùng nông thôn Hội An', 'Tour ba thác trong rừng', 'Tour du lịch miền quê bằng ô tô', 'Changed Attraction Tour Thác Ba Hồ khởi hành từ Nha Trang', 'Changed Attraction Tour du thuyền riêng trên sông với bữa trưa', 'Changed Attraction Du thuyền trên sông trải nghiệm văn hóa Nha Trang']"
Tour riêng tham quan vùng quê Nha Trang có hướng dẫn,"['Du thuyền hoàng hôn với bữa tối', 'Du thuyền trên sông nửa ngày với bữa trưa hoặc bữa tối', 'Du thuyền trên sông trải nghiệm văn hóa Nha Trang', 'Tham quan vùng nông thôn Hội An', 'Tour Thác Ba Hồ khởi hành từ Nha Trang', 'Tour ba thác trong rừng', 'Tour du thuyền riêng trên sông với bữa trưa', 'Changed Attraction Khóa học lái xe máy trong một giờ', 'Changed Attraction Tour du lịch miền quê bằng ô tô', 'Changed Attraction Tham quan Hòn Tằm và tắm bùn tại resort']"
Tour du lịch miền quê bằng ô tô,"['Du thuyền trên sông nửa ngày với bữa trưa hoặc bữa tối', 'Du thuyền trên sông trải nghiệm văn hóa Nha Trang', 'Khóa học lái xe máy trong một giờ', 'Tham quan vùng nông thôn Hội An', 'Tour Thác Ba Hồ khởi hành từ Nha Trang', 'Tour ba thác trong rừng', 'Tour du thuyền riêng trên sông với bữa trưa', 'Changed Attraction Tour du thuyền riêng trên sông với bữa trưa 1', 'Changed Attraction Du thuyền hoàng hôn với bữa tối', 'Changed Attraction Tham quan Hòn Tằm và tắm bùn tại resort']"
Tour vùng nông thôn với bữa trưa,"['Du thuyền hoàng hôn với bữa tối', 'Du thuyền trên sông nửa ngày với bữa trưa hoặc bữa tối', 'Tham quan Hòn Tằm và tắm bùn tại resort', 'Tham quan vùng nông thôn Hội An', 'Tour Thác Ba Hồ khởi hành từ Nha Trang', 'Tour ba thác trong rừng', 'Tour du lịch miền quê bằng ô tô', 'Changed Attraction Tour du thuyền riêng trên sông với bữa trưa', 'Changed Attraction Khóa học lái xe máy trong một giờ', 'Changed Attraction Du thuyền trên sông trải nghiệm văn hóa Nha Trang']"
Tour trekking đi thác với bữa trưa,"['Du thuyền hoàng hôn với bữa tối', 'Du thuyền trên sông nửa ngày với bữa trưa hoặc bữa tối', 'Du thuyền trên sông trải nghiệm văn hóa Nha Trang', 'Khóa học lái xe máy trong một giờ', 'Tham quan Hòn Tằm và tắm bùn tại resort', 'Tham quan vùng nông thôn Hội An', 'Tour du lịch miền quê bằng ô tô', 'Changed Attraction Tour ba thác trong rừng', 'Changed Attraction Tour Thác Ba Hồ khởi hành từ Nha Trang', 'Changed Attraction Tour du thuyền riêng trên sông với bữa trưa']"
Du thuyền trên sông nửa ngày với bữa trưa hoặc bữa tối,"['Du thuyền hoàng hôn với bữa tối', 'Du thuyền trên sông trải nghiệm văn hóa Nha Trang', 'Khóa học lái xe máy trong một giờ', 'Tham quan vùng nông thôn Hội An', 'Tour Thác Ba Hồ khởi hành từ Nha Trang', 'Tour du lịch miền quê bằng ô tô', 'Tour du thuyền riêng trên sông với bữa trưa 1', 'Changed Attraction Tour ba thác trong rừng', 'Changed Attraction Tham quan Hòn Tằm và tắm bùn tại resort', 'Changed Attraction Tour du thuyền riêng trên sông với bữa trưa']"
Tour du thuyền riêng trên sông với bữa trưa 1,"['Du thuyền hoàng hôn với bữa tối', 'Du thuyền trên sông nửa ngày với bữa trưa hoặc bữa tối', 'Du thuyền trên sông trải nghiệm văn hóa Nha Trang', 'Khóa học lái xe máy trong một giờ', 'Tham quan Hòn Tằm và tắm bùn tại resort', 'Tham quan vùng nông thôn Hội An', 'Tour du lịch miền quê bằng ô tô', 'Changed Attraction Tour Thác Ba Hồ khởi hành từ Nha Trang', 'Changed Attraction Tour ba thác trong rừng', 'Changed Attraction Tour du thuyền riêng trên sông với bữa trưa']"
Trải nghiệm mát-xa toàn thân,"['Du thuyền hoàng hôn với bữa tối', 'Khóa học lái xe máy trong một giờ', 'Tham quan Hòn Tằm và tắm bùn tại resort', 'Tour Thác Ba Hồ khởi hành từ Nha Trang', 'Tour ba thác trong rừng', 'Tour du lịch miền quê bằng ô tô', 'Tour du thuyền riêng trên sông với bữa trưa', 'Changed Attraction Tham quan vùng nông thôn Hội An', 'Changed Attraction Du thuyền trên sông trải nghiệm văn hóa Nha Trang', 'Changed Attraction Du thuyền trên sông nửa ngày với bữa trưa hoặc bữa tối']"
Tour riêng khám phá lịch sử và văn hóa Nha Trang,"['Tham quan Hòn Tằm và tắm bùn tại resort', 'Du thuyền hoàng hôn với bữa tối', 'Du thuyền trên sông nửa ngày với bữa trưa hoặc bữa tối', 'Khóa học lái xe máy trong một giờ', 'Tour Thác Ba Hồ khởi hành từ Nha Trang', 'Tour ba thác trong rừng', 'Tour du lịch miền quê bằng ô tô', 'Changed Attraction Tour riêng tìm hiểu văn hóa vùng quê ở Nha Trang', 'Changed Attraction Tham quan vùng nông thôn Hội An', 'Changed Attraction Du thuyền trên sông trải nghiệm văn hóa Nha Trang']"
Tour riêng khám phá vùng nông thôn Nha Trang,"['Tour riêng khám phá vùng quê và làng mạc', 'Tour tham quan nửa Ngày', 'Du thuyền trên sông nửa ngày với bữa trưa hoặc bữa tối', 'Du thuyền trên sông trải nghiệm văn hóa Nha Trang', 'Tham quan vùng nông thôn Hội An', 'Tour Thác Ba Hồ khởi hành từ Nha Trang', 'Tour ba thác trong rừng', 'Changed Attraction Tham quan Hòn Tằm và tắm bùn tại resort', 'Changed Attraction Du thuyền hoàng hôn với bữa tối', 'Changed Attraction Khóa học lái xe máy trong một giờ']"
Tour riêng khám phá thành phố kèm bữa trưa 1,"['Tham quan vùng nông thôn Hội An', 'Tour ngắm hoàng hôn trên sông ở Nha Trang', 'Du thuyền hoàng hôn với bữa tối', 'Du thuyền trên sông nửa ngày với bữa trưa hoặc bữa tối', 'Tham quan Hòn Tằm và tắm bùn tại resort', 'Tour Thác Ba Hồ khởi hành từ Nha Trang', 'Tour du lịch miền quê bằng ô tô', 'Changed Attraction Khóa học lái xe máy trong một giờ', 'Changed Attraction Du thuyền trên sông trải nghiệm văn hóa Nha Trang', 'Changed Attraction Tour ba thác trong rừng']"
Tour riêng khám phá văn hóa Nha Trang bằng ô tô,"['Tour du thuyền riêng trên sông với bữa trưa', 'Tour riêng tìm hiểu văn hóa vùng quê Nha Trang', 'Du thuyền hoàng hôn với bữa tối', 'Du thuyền trên sông trải nghiệm văn hóa Nha Trang', 'Tham quan Hòn Tằm và tắm bùn tại resort', 'Tham quan vùng nông thôn Hội An', 'Tour ba thác trong rừng', 'Changed Attraction Tour Thác Ba Hồ khởi hành từ Nha Trang', 'Changed Attraction Khóa học lái xe máy trong một giờ', 'Changed Attraction Du thuyền trên sông nửa ngày với bữa trưa hoặc bữa tối']"
Tour thành phố Nha Trang nửa ngày,"['Du thuyền trên sông trải nghiệm văn hóa Nha Trang', 'Tour tham quan Nha Trang trải nghiệm tắm bùn', 'Du thuyền trên sông nửa ngày với bữa trưa hoặc bữa tối', 'Khóa học lái xe máy trong một giờ', 'Tham quan Hòn Tằm và tắm bùn tại resort', 'Tour Thác Ba Hồ khởi hành từ Nha Trang', 'Tour ba thác trong rừng', 'Changed Attraction Tham quan vùng nông thôn Hội An', 'Changed Attraction Tour du lịch miền quê bằng ô tô', 'Changed Attraction Du thuyền hoàng hôn với bữa tối']"
Tour ba thác trong rừng,"['Du thuyền hoàng hôn với bữa tối', 'Du thuyền trên sông trải nghiệm văn hóa Nha Trang', 'Tham quan Hòn Tằm và tắm bùn tại resort', 'Tham quan vùng nông thôn Hội An', 'Tour Thác Ba Hồ khởi hành từ Nha Trang', 'Tour du thuyền riêng trên sông với bữa trưa', 'Tour du thuyền riêng trên sông với bữa trưa 1', 'Changed Attraction Tour du lịch miền quê bằng ô tô', 'Changed Attraction Khóa học lái xe máy trong một giờ', 'Changed Attraction Du thuyền trên sông nửa ngày với bữa trưa hoặc bữa tối']"
Tour riêng về văn hóa nông thôn và đi thuyền trên sông,"['Du thuyền hoàng hôn với bữa tối', 'Du thuyền trên sông trải nghiệm văn hóa Nha Trang', 'Khóa học lái xe máy trong một giờ', 'Tham quan Hòn Tằm và tắm bùn tại resort', 'Tour Thác Ba Hồ khởi hành từ Nha Trang', 'Tour ba thác trong rừng', 'Tour du lịch miền quê bằng ô tô', 'Changed Attraction Du thuyền trên sông nửa ngày với bữa trưa hoặc bữa tối', 'Changed Attraction Tham quan vùng nông thôn Hội An', 'Changed Attraction Tour du thuyền riêng trên sông với bữa trưa']"
Trải nghiệm đi trekking & bơi lội ở thác Ba Hồ,"['Du thuyền hoàng hôn với bữa tối', 'Du thuyền trên sông nửa ngày với bữa trưa hoặc bữa tối', 'Du thuyền trên sông trải nghiệm văn hóa Nha Trang', 'Khóa học lái xe máy trong một giờ', 'Tham quan Hòn Tằm và tắm bùn tại resort', 'Tour Thác Ba Hồ khởi hành từ Nha Trang', 'Tour du lịch miền quê bằng ô tô', 'Changed Attraction Tham quan vùng nông thôn Hội An', 'Changed Attraction Tour ba thác trong rừng', 'Changed Attraction Tour du thuyền riêng trên sông với bữa trưa']"
Tour Thác Ba Hồ khởi hành từ Nha Trang,"['Du thuyền hoàng hôn với bữa tối', 'Du thuyền trên sông nửa ngày với bữa trưa hoặc bữa tối', 'Tham quan Hòn Tằm và tắm bùn tại resort', 'Tham quan vùng nông thôn Hội An', 'Tour ba thác trong rừng', 'Tour du thuyền riêng trên sông với bữa trưa', 'Tour du thuyền riêng trên sông với bữa trưa 1', 'Changed Attraction Tour du lịch miền quê bằng ô tô', 'Changed Attraction Du thuyền trên sông trải nghiệm văn hóa Nha Trang', 'Changed Attraction Khóa học lái xe máy trong một giờ']"
