Attraction Name,Recommendations
Tour tham quan địa đạo Củ Chi theo nhóm nhỏ,"['Biểu diễn múa rối nước Rồng Vàng', 'Du thuyền ăn tối trên sông Sài Gòn 1', 'Du thuyền Đồng bằng sông Cửu Long với cưỡi ngựa và ăn trưa', 'Khóa học nấu ăn nâng cao & tham quan chợ', 'Lớp học nấu các món ăn Việt Nam', 'Lớp học nấu món chay', 'Lớp học nấu ăn và tour tham quan chợ', 'Changed Attraction Chuyến tham quan các điểm nổi bật của thành phố trong nửa ngày', 'Changed Attraction Du thuyền ăn tối trên sông Sài Gòn', 'Changed Attraction Lớp học nấu ăn với buổi đi chợ']"
Tour Đồng bằng sông Cửu Long trọn ngày với bữa trưa,"['Biểu diễn múa rối nước Rồng Vàng', 'Chuyến tham quan các điểm nổi bật của thành phố trong nửa ngày', 'Du thuyền Đồng bằng sông Cửu Long với cưỡi ngựa và ăn trưa', 'Khóa học nấu ăn nâng cao & tham quan chợ', 'Lớp học nấu các món ăn Việt Nam', 'Lớp học nấu món chay', 'Lớp học nấu ăn và tour tham quan chợ', 'Changed Attraction Du thuyền ăn tối trên sông Sài Gòn', 'Changed Attraction Du thuyền ăn tối trên sông Sài Gòn 1', 'Changed Attraction Tour nửa ngày tham quan Địa đạo Củ Chi']"
Tour địa đạo Củ Chi và đồng bằng sông Cửu Long,"['Biểu diễn múa rối nước Rồng Vàng', 'Du thuyền ăn tối trên sông Sài Gòn', 'Du thuyền ăn tối trên sông Sài Gòn 1', 'Du thuyền Đồng bằng sông Cửu Long với cưỡi ngựa và ăn trưa', 'Lớp học nấu các món ăn Việt Nam', 'Lớp học nấu món chay', 'Lớp học nấu ăn và tour tham quan chợ', 'Changed Attraction Tour tìm hiểu về Trận Long Tân', 'Changed Attraction Chuyến tham quan các điểm nổi bật của thành phố trong nửa ngày', 'Changed Attraction Khóa học nấu ăn nâng cao & tham quan chợ']"
Tour ẩm thực đường phố trên xe máy,"['Du thuyền ăn tối trên sông Sài Gòn 1', 'Tour nửa ngày đi xe máy và ăn tối', 'Tour tham quan đảo Cần Giờ bằng xe máy', 'Tour Đồng Bằng Sông Cửu Long trọn ngày với bữa trưa', 'Tour đồng bằng sông Cửu Long kèm bữa trưa', 'Du thuyền ăn tối trên sông Sài Gòn', 'Du thuyền Đồng bằng sông Cửu Long với cưỡi ngựa và ăn trưa', 'Changed Attraction Chuyến tham quan các điểm nổi bật của thành phố trong nửa ngày', 'Changed Attraction Biểu diễn múa rối nước Rồng Vàng', 'Changed Attraction Tour riêng tham quan đồng bằng sông Cửu Long kèm bữa trưa']"
Vé vào cửa Saigon Skydeck,"['Tour cuộc sống về đêm và ẩm thực bằng xe máy', 'Tour tham quan thượng nguồn sông Mê Kông cả ngày, có bữa trưa', 'Tour tham quan địa đạo Củ Chi trong nửa ngày 2', 'Biểu diễn múa rối nước Rồng Vàng', 'Chuyến tham quan các điểm nổi bật của thành phố trong nửa ngày', 'Du thuyền ăn tối trên sông Sài Gòn', 'Du thuyền ăn tối trên sông Sài Gòn 1', 'Changed Attraction Du thuyền Đồng bằng sông Cửu Long với cưỡi ngựa và ăn trưa', 'Changed Attraction Tour Bảo tàng Chứng tích Chiến tranh kèm bữa trưa', 'Changed Attraction Tour nguyên ngày có hướng dẫn viên']"
Tour Đồng bằng sông Cửu Long từ Hồ Chí Minh bằng xe limousine,"['Tham quan Sài Gòn trong ngày', 'Chuyến tham quan các điểm nổi bật của thành phố trong nửa ngày', 'Du thuyền ăn tối trên sông Sài Gòn', 'Khóa học nấu ăn nâng cao & tham quan chợ', 'Lớp học nấu các món ăn Việt Nam', 'Lớp học nấu món chay', 'Lớp học nấu ăn và tour tham quan chợ', 'Changed Attraction Biểu diễn múa rối nước Rồng Vàng', 'Changed Attraction Du thuyền ăn tối trên sông Sài Gòn 1', 'Changed Attraction Du thuyền Đồng bằng sông Cửu Long với cưỡi ngựa và ăn trưa']"
Tour cả ngày tham quan Đồng bằng sông Cửu Long & Địa đạo Củ Chi có hướng dẫn viên,"['Chuyến tham quan các điểm nổi bật của thành phố trong nửa ngày', 'Lớp học nấu ăn và tour tham quan chợ', 'Tham quan thành phố về đêm và chuyến đi khám phá ẩm thực bằng xe máy', 'Tham quan Địa Đạo Củ Chi, Bến Dược và chợ với bữa trưa', 'Đua xe Go-Kart', 'Biểu diễn múa rối nước Rồng Vàng', 'Du thuyền ăn tối trên sông Sài Gòn 1', 'Changed Attraction Đài quan sát Landmark 81 SkyView', 'Changed Attraction Du thuyền ăn tối trên sông Sài Gòn', 'Changed Attraction Du thuyền Đồng bằng sông Cửu Long với cưỡi ngựa và ăn trưa']"
Đi du thuyền và ăn tối trên sông Sài Gòn,"['Chuyến tham quan các điểm nổi bật của thành phố trong nửa ngày', 'Du thuyền ăn tối trên sông Sài Gòn', 'Du thuyền ăn tối trên sông Sài Gòn 1', 'Lớp học nấu các món ăn Việt Nam', 'Lớp học nấu món chay', 'Lớp học nấu ăn và tour tham quan chợ', 'Lớp học nấu ăn với buổi đi chợ', 'Changed Attraction Khóa học nấu ăn nâng cao & tham quan chợ', 'Changed Attraction Biểu diễn múa rối nước Rồng Vàng', 'Changed Attraction Du thuyền Đồng bằng sông Cửu Long với cưỡi ngựa và ăn trưa']"
Vé xem À Ố Show tại Nhà hát Thành phố Hồ Chí Minh,"['Chuyến tham quan các điểm nổi bật của thành phố trong nửa ngày', 'Du thuyền ăn tối trên sông Sài Gòn 1', 'Du thuyền Đồng bằng sông Cửu Long với cưỡi ngựa và ăn trưa', 'Khóa học nấu ăn nâng cao & tham quan chợ', 'Lớp học nấu các món ăn Việt Nam', 'Lớp học nấu ăn và tour tham quan chợ', 'Lớp học nấu ăn với buổi đi chợ', 'Changed Attraction Du thuyền ăn tối trên sông Sài Gòn', 'Changed Attraction Biểu diễn múa rối nước Rồng Vàng', 'Changed Attraction Lớp học nấu món chay']"
Địa đạo Củ Chi,"['Tour tham quan địa đạo Củ Chi trong nửa ngày 1', 'Tour địa đạo Củ Chi', 'Tour địa đạo Củ Chi 1', 'Chuyến tham quan các điểm nổi bật của thành phố trong nửa ngày', 'Du thuyền ăn tối trên sông Sài Gòn', 'Du thuyền Đồng bằng sông Cửu Long với cưỡi ngựa và ăn trưa', 'Khóa học nấu ăn nâng cao & tham quan chợ', 'Changed Attraction Tour tham quan Sài Gòn nửa ngày bằng xích lô', 'Changed Attraction Du thuyền ăn tối trên sông Sài Gòn 1', 'Changed Attraction Biểu diễn múa rối nước Rồng Vàng']"
Tour đi xích lô,"['Tour Thành phố Hồ Chí Minh có tham quan Địa đạo Củ Chi', 'Tour tham quan Đồng bằng sông Cửu Long', 'Tour Đồng bằng sông Cửu Long cả ngày', 'Biểu diễn múa rối nước Rồng Vàng', 'Chuyến tham quan các điểm nổi bật của thành phố trong nửa ngày', 'Du thuyền ăn tối trên sông Sài Gòn', 'Du thuyền ăn tối trên sông Sài Gòn 1', 'Changed Attraction Khóa học nấu ăn nâng cao & tham quan chợ', 'Changed Attraction Du thuyền Đồng bằng sông Cửu Long với cưỡi ngựa và ăn trưa', 'Changed Attraction Tour đồng bằng sông Cửu Long theo nhóm nhỏ có hướng dẫn và học nấu ăn']"
Đài quan sát Landmark 81 SkyView,"['Chuyến tham quan các điểm nổi bật của thành phố trong nửa ngày', 'Tham quan thành phố về đêm và chuyến đi khám phá ẩm thực bằng xe máy', 'Tham quan Địa Đạo Củ Chi, Bến Dược và chợ với bữa trưa', 'Tour cả ngày tham quan Đồng bằng sông Cửu Long & Địa đạo Củ Chi có hướng dẫn viên', 'Đua xe Go-Kart', 'Du thuyền ăn tối trên sông Sài Gòn', 'Du thuyền ăn tối trên sông Sài Gòn 1', 'Changed Attraction Du thuyền Đồng bằng sông Cửu Long với cưỡi ngựa và ăn trưa', 'Changed Attraction Biểu diễn múa rối nước Rồng Vàng', 'Changed Attraction Lớp học nấu ăn và tour tham quan chợ']"
Tour Đồng bằng sông Cửu Long kèm bữa trưa,"['Tham quan các chợ ở Sài Gòn', 'Tour khám phá ẩm thực Sài Gòn bằng xe máy', 'Chuyến tham quan các điểm nổi bật của thành phố trong nửa ngày', 'Du thuyền ăn tối trên sông Sài Gòn', 'Du thuyền ăn tối trên sông Sài Gòn 1', 'Khóa học nấu ăn nâng cao & tham quan chợ', 'Lớp học nấu các món ăn Việt Nam', 'Changed Attraction Tour địa đạo Củ Chi và Đồng bằng sông Cửu Long', 'Changed Attraction Du thuyền Đồng bằng sông Cửu Long với cưỡi ngựa và ăn trưa', 'Changed Attraction Biểu diễn múa rối nước Rồng Vàng']"
Du thuyền ăn tối trên sông Sài Gòn,"['Tour trọn ngày Địa Đạo Củ Chi và Đồng Bằng Sông Cửu Long 1', 'Ăn tối trên du thuyền trong thành phố', 'Biểu diễn múa rối nước Rồng Vàng', 'Chuyến tham quan các điểm nổi bật của thành phố trong nửa ngày', 'Khóa học nấu ăn nâng cao & tham quan chợ', 'Lớp học nấu các món ăn Việt Nam', 'Lớp học nấu món chay', 'Changed Attraction Du thuyền Đồng bằng sông Cửu Long với cưỡi ngựa và ăn trưa', 'Changed Attraction Du thuyền ăn tối trên sông Sài Gòn 1', 'Changed Attraction Tour ẩm thực đường phố riêng bằng xe máy']"
Tour tham quan địa đạo Củ Chi trong nửa ngày,"['Tour địa đạo Củ Chi và Thành phố Hồ Chí Minh', 'Tour ẩm thực đường phố với bữa tối tại Thành phố Hồ Chí Minh', 'Chuyến tham quan các điểm nổi bật của thành phố trong nửa ngày', 'Du thuyền Đồng bằng sông Cửu Long với cưỡi ngựa và ăn trưa', 'Khóa học nấu ăn nâng cao & tham quan chợ', 'Lớp học nấu các món ăn Việt Nam', 'Lớp học nấu món chay', 'Changed Attraction Du thuyền ăn tối trên sông Sài Gòn 1', 'Changed Attraction Du thuyền ăn tối trên sông Sài Gòn', 'Changed Attraction Biểu diễn múa rối nước Rồng Vàng']"
Vé vào nhà hát múa rối nước Rồng Vàng,"['Du thuyền ăn tối trên sông Sài Gòn', 'Du thuyền ăn tối trên sông Sài Gòn 1', 'Du thuyền Đồng bằng sông Cửu Long với cưỡi ngựa và ăn trưa', 'Lớp học nấu các món ăn Việt Nam', 'Lớp học nấu món chay', 'Lớp học nấu ăn và tour tham quan chợ', 'Lớp học nấu ăn với buổi đi chợ', 'Changed Attraction Khóa học nấu ăn nâng cao & tham quan chợ', 'Changed Attraction Chuyến tham quan các điểm nổi bật của thành phố trong nửa ngày', 'Changed Attraction Biểu diễn múa rối nước Rồng Vàng']"
Tour du lịch Mũi Né trong ngày,"['Lớp học nấu ăn với buổi đi chợ', 'Chuyến tham quan các điểm nổi bật của thành phố trong nửa ngày', 'Du thuyền ăn tối trên sông Sài Gòn 1', 'Du thuyền Đồng bằng sông Cửu Long với cưỡi ngựa và ăn trưa', 'Khóa học nấu ăn nâng cao & tham quan chợ', 'Lớp học nấu món chay', 'Lớp học nấu ăn và tour tham quan chợ', 'Changed Attraction Du thuyền ăn tối trên sông Sài Gòn', 'Changed Attraction Lớp học nấu các món ăn Việt Nam', 'Changed Attraction Biểu diễn múa rối nước Rồng Vàng']"
Tour cao cấp tham quan thành phố Hồ Chí Minh theo nhóm trong nửa ngày,"['Biểu diễn múa rối nước Rồng Vàng', 'Chuyến tham quan các điểm nổi bật của thành phố trong nửa ngày', 'Du thuyền ăn tối trên sông Sài Gòn', 'Du thuyền ăn tối trên sông Sài Gòn 1', 'Khóa học nấu ăn nâng cao & tham quan chợ', 'Lớp học nấu các món ăn Việt Nam', 'Lớp học nấu món chay', 'Changed Attraction Du thuyền Đồng bằng sông Cửu Long với cưỡi ngựa và ăn trưa', 'Changed Attraction Tour nửa ngày tham quan Thành phố Hồ Chí Minh theo nhóm', 'Changed Attraction Tour thưởng thức bia hơi về đêm và bữa tối']"
Tour đi bộ riêng khám phá ẩm thực,"['Chuyến tham quan các điểm nổi bật của thành phố trong nửa ngày', 'Du thuyền ăn tối trên sông Sài Gòn', 'Khóa học nấu ăn nâng cao & tham quan chợ', 'Lớp học nấu các món ăn Việt Nam', 'Lớp học nấu món chay', 'Lớp học nấu ăn và tour tham quan chợ', 'Lớp học nấu ăn với buổi đi chợ', 'Changed Attraction Biểu diễn múa rối nước Rồng Vàng', 'Changed Attraction Du thuyền ăn tối trên sông Sài Gòn 1', 'Changed Attraction Du thuyền Đồng bằng sông Cửu Long với cưỡi ngựa và ăn trưa']"
Tour xe máy buổi tối ở Sài Gòn,"['Tour xe máy Sài Gòn', 'Biểu diễn múa rối nước Rồng Vàng', 'Chuyến tham quan các điểm nổi bật của thành phố trong nửa ngày', 'Du thuyền ăn tối trên sông Sài Gòn 1', 'Du thuyền Đồng bằng sông Cửu Long với cưỡi ngựa và ăn trưa', 'Khóa học nấu ăn nâng cao & tham quan chợ', 'Lớp học nấu món chay', 'Changed Attraction Tour sáng có hướng dẫn viên', 'Changed Attraction Du thuyền ăn tối trên sông Sài Gòn', 'Changed Attraction Lớp học nấu các món ăn Việt Nam']"
Lớp học nấu ăn và tour tham quan chợ,"['Chuyến tham quan các điểm nổi bật của thành phố trong nửa ngày', 'Tham quan Địa Đạo Củ Chi, Bến Dược và chợ với bữa trưa', 'Đua xe Go-Kart', 'Đài quan sát Landmark 81 SkyView', 'Biểu diễn múa rối nước Rồng Vàng', 'Du thuyền ăn tối trên sông Sài Gòn', 'Du thuyền ăn tối trên sông Sài Gòn 1', 'Changed Attraction Du thuyền Đồng bằng sông Cửu Long với cưỡi ngựa và ăn trưa', 'Changed Attraction Tour cả ngày tham quan Đồng bằng sông Cửu Long & Địa đạo Củ Chi có hướng dẫn viên', 'Changed Attraction Tham quan thành phố về đêm và chuyến đi khám phá ẩm thực bằng xe máy']"
Tour trọn ngày Địa Đạo Củ Chi và Đồng Bằng Sông Cửu Long,"['Chuyến tham quan các điểm nổi bật của thành phố trong nửa ngày', 'Du thuyền ăn tối trên sông Sài Gòn 1', 'Du thuyền Đồng bằng sông Cửu Long với cưỡi ngựa và ăn trưa', 'Khóa học nấu ăn nâng cao & tham quan chợ', 'Lớp học nấu các món ăn Việt Nam', 'Lớp học nấu món chay', 'Lớp học nấu ăn với buổi đi chợ', 'Changed Attraction Biểu diễn múa rối nước Rồng Vàng', 'Changed Attraction Lớp học nấu ăn và tour tham quan chợ', 'Changed Attraction Du thuyền ăn tối trên sông Sài Gòn']"
Tour VIP địa đạo Củ Chi với bữa trưa,"['Chuyến tham quan các điểm nổi bật của thành phố trong nửa ngày', 'Du thuyền ăn tối trên sông Sài Gòn', 'Du thuyền Đồng bằng sông Cửu Long với cưỡi ngựa và ăn trưa', 'Lớp học nấu các món ăn Việt Nam', 'Lớp học nấu món chay', 'Lớp học nấu ăn và tour tham quan chợ', 'Lớp học nấu ăn với buổi đi chợ', 'Changed Attraction Biểu diễn múa rối nước Rồng Vàng', 'Changed Attraction Khóa học nấu ăn nâng cao & tham quan chợ', 'Changed Attraction Du thuyền ăn tối trên sông Sài Gòn 1']"
Tour sáng thăm thú Sài Gòn,"['Tour riêng tham quan thành phố bằng xe máy theo chủ đề ẩm thực', 'Tour tham quan Địa đạo Củ Chi trong nửa ngày', 'Biểu diễn múa rối nước Rồng Vàng', 'Du thuyền ăn tối trên sông Sài Gòn', 'Du thuyền ăn tối trên sông Sài Gòn 1', 'Khóa học nấu ăn nâng cao & tham quan chợ', 'Lớp học nấu món chay', 'Changed Attraction Chuyến tham quan các điểm nổi bật của thành phố trong nửa ngày', 'Changed Attraction Lớp học nấu các món ăn Việt Nam', 'Changed Attraction Du thuyền Đồng bằng sông Cửu Long với cưỡi ngựa và ăn trưa']"
Tour ẩm thực đường phố bằng xe máy - tour riêng,"['Biểu diễn múa rối nước Rồng Vàng', 'Du thuyền ăn tối trên sông Sài Gòn 1', 'Du thuyền Đồng bằng sông Cửu Long với cưỡi ngựa và ăn trưa', 'Khóa học nấu ăn nâng cao & tham quan chợ', 'Lớp học nấu các món ăn Việt Nam', 'Lớp học nấu món chay', 'Lớp học nấu ăn với buổi đi chợ', 'Changed Attraction Du thuyền ăn tối trên sông Sài Gòn', 'Changed Attraction Lớp học nấu ăn và tour tham quan chợ', 'Changed Attraction Chuyến tham quan các điểm nổi bật của thành phố trong nửa ngày']"
Biểu diễn múa rối nước Rồng Vàng,"['Chuyến tham quan các điểm nổi bật của thành phố trong nửa ngày', 'Du thuyền ăn tối trên sông Sài Gòn', 'Du thuyền ăn tối trên sông Sài Gòn 1', 'Du thuyền Đồng bằng sông Cửu Long với cưỡi ngựa và ăn trưa', 'Lớp học nấu các món ăn Việt Nam', 'Lớp học nấu món chay', 'Lớp học nấu ăn với buổi đi chợ', 'Changed Attraction Khóa học nấu ăn nâng cao & tham quan chợ', 'Changed Attraction Lớp học nấu ăn và tour tham quan chợ', 'Changed Attraction Tham quan Sài Gòn trong ngày']"
Tour Đồng Bằng Sông Cửu Long trọn ngày với bữa trưa,"['Du thuyền ăn tối trên sông Sài Gòn 1', 'Tour nửa ngày đi xe máy và ăn tối', 'Tour riêng tham quan đồng bằng sông Cửu Long kèm bữa trưa', 'Biểu diễn múa rối nước Rồng Vàng', 'Chuyến tham quan các điểm nổi bật của thành phố trong nửa ngày', 'Du thuyền ăn tối trên sông Sài Gòn', 'Du thuyền Đồng bằng sông Cửu Long với cưỡi ngựa và ăn trưa', 'Changed Attraction Tour đồng bằng sông Cửu Long kèm bữa trưa', 'Changed Attraction Tour ẩm thực đường phố trên xe máy', 'Changed Attraction Tour tham quan đảo Cần Giờ bằng xe máy']"
Tour cuộc sống về đêm và ẩm thực bằng xe máy,"['Tour Bảo tàng Chứng tích Chiến tranh kèm bữa trưa', 'Tour nguyên ngày có hướng dẫn viên', 'Tour tham quan thượng nguồn sông Mê Kông cả ngày, có bữa trưa', 'Vé vào cửa Saigon Skydeck', 'Biểu diễn múa rối nước Rồng Vàng', 'Du thuyền ăn tối trên sông Sài Gòn', 'Du thuyền ăn tối trên sông Sài Gòn 1', 'Changed Attraction Du thuyền Đồng bằng sông Cửu Long với cưỡi ngựa và ăn trưa', 'Changed Attraction Tour tham quan địa đạo Củ Chi trong nửa ngày 2', 'Changed Attraction Chuyến tham quan các điểm nổi bật của thành phố trong nửa ngày']"
Tour tham quan địa đạo Củ Chi trong nửa ngày 1,"['Tour tham quan Sài Gòn nửa ngày bằng xích lô', 'Tour địa đạo Củ Chi', 'Tour địa đạo Củ Chi 1', 'Biểu diễn múa rối nước Rồng Vàng', 'Du thuyền ăn tối trên sông Sài Gòn', 'Du thuyền ăn tối trên sông Sài Gòn 1', 'Khóa học nấu ăn nâng cao & tham quan chợ', 'Changed Attraction Du thuyền Đồng bằng sông Cửu Long với cưỡi ngựa và ăn trưa', 'Changed Attraction Địa đạo Củ Chi', 'Changed Attraction Chuyến tham quan các điểm nổi bật của thành phố trong nửa ngày']"
Tour Đồng bằng sông Cửu Long cả ngày,"['Tour tham quan Đồng bằng sông Cửu Long', 'Tour đi xích lô', 'Biểu diễn múa rối nước Rồng Vàng', 'Chuyến tham quan các điểm nổi bật của thành phố trong nửa ngày', 'Du thuyền ăn tối trên sông Sài Gòn', 'Du thuyền Đồng bằng sông Cửu Long với cưỡi ngựa và ăn trưa', 'Khóa học nấu ăn nâng cao & tham quan chợ', 'Changed Attraction Du thuyền ăn tối trên sông Sài Gòn 1', 'Changed Attraction Tour Thành phố Hồ Chí Minh có tham quan Địa đạo Củ Chi', 'Changed Attraction Tour đồng bằng sông Cửu Long theo nhóm nhỏ có hướng dẫn và học nấu ăn']"
Tour khám phá ẩm thực Sài Gòn bằng xe máy,"['Tham quan các chợ ở Sài Gòn', 'Tour Đồng bằng sông Cửu Long kèm bữa trưa', 'Tour địa đạo Củ Chi và Đồng bằng sông Cửu Long', 'Biểu diễn múa rối nước Rồng Vàng', 'Chuyến tham quan các điểm nổi bật của thành phố trong nửa ngày', 'Du thuyền Đồng bằng sông Cửu Long với cưỡi ngựa và ăn trưa', 'Lớp học nấu các món ăn Việt Nam', 'Changed Attraction Du thuyền ăn tối trên sông Sài Gòn 1', 'Changed Attraction Du thuyền ăn tối trên sông Sài Gòn', 'Changed Attraction Khóa học nấu ăn nâng cao & tham quan chợ']"
Tour trọn ngày Địa Đạo Củ Chi và Đồng Bằng Sông Cửu Long 1,"['Du thuyền ăn tối trên sông Sài Gòn', 'Tour ẩm thực đường phố riêng bằng xe máy', 'Ăn tối trên du thuyền trong thành phố', 'Biểu diễn múa rối nước Rồng Vàng', 'Chuyến tham quan các điểm nổi bật của thành phố trong nửa ngày', 'Du thuyền ăn tối trên sông Sài Gòn 1', 'Lớp học nấu các món ăn Việt Nam', 'Changed Attraction Khóa học nấu ăn nâng cao & tham quan chợ', 'Changed Attraction Lớp học nấu món chay', 'Changed Attraction Du thuyền Đồng bằng sông Cửu Long với cưỡi ngựa và ăn trưa']"
Tham quan thành phố về đêm và chuyến đi khám phá ẩm thực bằng xe máy,"['Lớp học nấu ăn và tour tham quan chợ', 'Tour cả ngày tham quan Đồng bằng sông Cửu Long & Địa đạo Củ Chi có hướng dẫn viên', 'Đua xe Go-Kart', 'Đài quan sát Landmark 81 SkyView', 'Biểu diễn múa rối nước Rồng Vàng', 'Du thuyền ăn tối trên sông Sài Gòn', 'Du thuyền Đồng bằng sông Cửu Long với cưỡi ngựa và ăn trưa', 'Changed Attraction Du thuyền ăn tối trên sông Sài Gòn 1', 'Changed Attraction Tham quan Địa Đạo Củ Chi, Bến Dược và chợ với bữa trưa', 'Changed Attraction Chuyến tham quan các điểm nổi bật của thành phố trong nửa ngày']"
Lớp học nấu các món ăn Việt Nam,"['Tour du lịch Mũi Né trong ngày', 'Biểu diễn múa rối nước Rồng Vàng', 'Chuyến tham quan các điểm nổi bật của thành phố trong nửa ngày', 'Du thuyền ăn tối trên sông Sài Gòn', 'Du thuyền ăn tối trên sông Sài Gòn 1', 'Khóa học nấu ăn nâng cao & tham quan chợ', 'Lớp học nấu món chay', 'Changed Attraction Du thuyền Đồng bằng sông Cửu Long với cưỡi ngựa và ăn trưa', 'Changed Attraction Lớp học nấu ăn và tour tham quan chợ', 'Changed Attraction Lớp học nấu ăn với buổi đi chợ']"
Tour nửa ngày tham quan Thành phố Hồ Chí Minh theo nhóm,"['Tour cao cấp tham quan thành phố Hồ Chí Minh theo nhóm trong nửa ngày', 'Tour thưởng thức bia hơi về đêm và bữa tối', 'Chuyến tham quan các điểm nổi bật của thành phố trong nửa ngày', 'Du thuyền ăn tối trên sông Sài Gòn', 'Du thuyền ăn tối trên sông Sài Gòn 1', 'Du thuyền Đồng bằng sông Cửu Long với cưỡi ngựa và ăn trưa', 'Lớp học nấu món chay', 'Changed Attraction Lớp học nấu các món ăn Việt Nam', 'Changed Attraction Biểu diễn múa rối nước Rồng Vàng', 'Changed Attraction Khóa học nấu ăn nâng cao & tham quan chợ']"
Tour sáng có hướng dẫn viên,"['Tour xe máy Sài Gòn', 'Chuyến tham quan các điểm nổi bật của thành phố trong nửa ngày', 'Du thuyền ăn tối trên sông Sài Gòn', 'Du thuyền ăn tối trên sông Sài Gòn 1', 'Du thuyền Đồng bằng sông Cửu Long với cưỡi ngựa và ăn trưa', 'Lớp học nấu các món ăn Việt Nam', 'Lớp học nấu món chay', 'Changed Attraction Biểu diễn múa rối nước Rồng Vàng', 'Changed Attraction Khóa học nấu ăn nâng cao & tham quan chợ', 'Changed Attraction Tour xe máy buổi tối ở Sài Gòn']"
Tour tham quan Địa đạo Củ Chi trong nửa ngày,"['Tour sáng thăm thú Sài Gòn', 'Biểu diễn múa rối nước Rồng Vàng', 'Chuyến tham quan các điểm nổi bật của thành phố trong nửa ngày', 'Du thuyền ăn tối trên sông Sài Gòn 1', 'Du thuyền Đồng bằng sông Cửu Long với cưỡi ngựa và ăn trưa', 'Lớp học nấu các món ăn Việt Nam', 'Lớp học nấu món chay', 'Changed Attraction Khóa học nấu ăn nâng cao & tham quan chợ', 'Changed Attraction Du thuyền ăn tối trên sông Sài Gòn', 'Changed Attraction Tour riêng tham quan thành phố bằng xe máy theo chủ đề ẩm thực']"
Tour thành phố nửa ngày có hướng dẫn viên,"['Chuyến tham quan các điểm nổi bật của thành phố trong nửa ngày', 'Du thuyền ăn tối trên sông Sài Gòn', 'Du thuyền ăn tối trên sông Sài Gòn 1', 'Du thuyền Đồng bằng sông Cửu Long với cưỡi ngựa và ăn trưa', 'Lớp học nấu các món ăn Việt Nam', 'Lớp học nấu ăn và tour tham quan chợ', 'Lớp học nấu ăn với buổi đi chợ', 'Changed Attraction Khóa học nấu ăn nâng cao & tham quan chợ', 'Changed Attraction Lớp học nấu món chay', 'Changed Attraction Biểu diễn múa rối nước Rồng Vàng']"
Tour chiều thăm thú Sài Gòn,"['Biểu diễn múa rối nước Rồng Vàng', 'Chuyến tham quan các điểm nổi bật của thành phố trong nửa ngày', 'Du thuyền ăn tối trên sông Sài Gòn', 'Du thuyền ăn tối trên sông Sài Gòn 1', 'Khóa học nấu ăn nâng cao & tham quan chợ', 'Lớp học nấu món chay', 'Lớp học nấu ăn và tour tham quan chợ', 'Changed Attraction Lớp học nấu các món ăn Việt Nam', 'Changed Attraction Du thuyền Đồng bằng sông Cửu Long với cưỡi ngựa và ăn trưa', 'Changed Attraction Lớp học nấu ăn với buổi đi chợ']"
"Trải nghiệm ăn tối trên du thuyền, đi xe máy & quán bar trên sân thượng","['Chuyến tham quan các điểm nổi bật của thành phố trong nửa ngày', 'Du thuyền ăn tối trên sông Sài Gòn', 'Du thuyền Đồng bằng sông Cửu Long với cưỡi ngựa và ăn trưa', 'Lớp học nấu các món ăn Việt Nam', 'Lớp học nấu món chay', 'Lớp học nấu ăn và tour tham quan chợ', 'Lớp học nấu ăn với buổi đi chợ', 'Changed Attraction Du thuyền ăn tối trên sông Sài Gòn 1', 'Changed Attraction Biểu diễn múa rối nước Rồng Vàng', 'Changed Attraction Khóa học nấu ăn nâng cao & tham quan chợ']"
Tour Địa đạo Củ Chi nửa ngày,"['Biểu diễn múa rối nước Rồng Vàng', 'Chuyến tham quan các điểm nổi bật của thành phố trong nửa ngày', 'Du thuyền ăn tối trên sông Sài Gòn', 'Du thuyền ăn tối trên sông Sài Gòn 1', 'Khóa học nấu ăn nâng cao & tham quan chợ', 'Lớp học nấu các món ăn Việt Nam', 'Lớp học nấu ăn và tour tham quan chợ', 'Changed Attraction Lớp học nấu ăn với buổi đi chợ', 'Changed Attraction Lớp học nấu món chay', 'Changed Attraction Du thuyền Đồng bằng sông Cửu Long với cưỡi ngựa và ăn trưa']"
Tour ẩm thực và ngắm cảnh Sài Gòn về đêm,"['Biểu diễn múa rối nước Rồng Vàng', 'Chuyến tham quan các điểm nổi bật của thành phố trong nửa ngày', 'Du thuyền ăn tối trên sông Sài Gòn 1', 'Lớp học nấu các món ăn Việt Nam', 'Lớp học nấu món chay', 'Lớp học nấu ăn và tour tham quan chợ', 'Lớp học nấu ăn với buổi đi chợ', 'Changed Attraction Du thuyền ăn tối trên sông Sài Gòn', 'Changed Attraction Khóa học nấu ăn nâng cao & tham quan chợ', 'Changed Attraction Du thuyền Đồng bằng sông Cửu Long với cưỡi ngựa và ăn trưa']"
Đua xe Go-Kart,"['Chuyến tham quan các điểm nổi bật của thành phố trong nửa ngày', 'Tham quan thành phố về đêm và chuyến đi khám phá ẩm thực bằng xe máy', 'Tham quan Địa Đạo Củ Chi, Bến Dược và chợ với bữa trưa', 'Tour cả ngày tham quan Đồng bằng sông Cửu Long & Địa đạo Củ Chi có hướng dẫn viên', 'Đài quan sát Landmark 81 SkyView', 'Du thuyền ăn tối trên sông Sài Gòn 1', 'Du thuyền Đồng bằng sông Cửu Long với cưỡi ngựa và ăn trưa', 'Changed Attraction Lớp học nấu ăn và tour tham quan chợ', 'Changed Attraction Biểu diễn múa rối nước Rồng Vàng', 'Changed Attraction Du thuyền ăn tối trên sông Sài Gòn']"
Tour Sài Gòn bằng xe máy,"['Biểu diễn múa rối nước Rồng Vàng', 'Du thuyền ăn tối trên sông Sài Gòn', 'Du thuyền Đồng bằng sông Cửu Long với cưỡi ngựa và ăn trưa', 'Khóa học nấu ăn nâng cao & tham quan chợ', 'Lớp học nấu các món ăn Việt Nam', 'Lớp học nấu ăn và tour tham quan chợ', 'Lớp học nấu ăn với buổi đi chợ', 'Changed Attraction Du thuyền ăn tối trên sông Sài Gòn 1', 'Changed Attraction Chuyến tham quan các điểm nổi bật của thành phố trong nửa ngày', 'Changed Attraction Lớp học nấu món chay']"
Tham quan đồng bằng sông Cửu Long theo đoàn,"['Biểu diễn múa rối nước Rồng Vàng', 'Chuyến tham quan các điểm nổi bật của thành phố trong nửa ngày', 'Du thuyền ăn tối trên sông Sài Gòn', 'Du thuyền ăn tối trên sông Sài Gòn 1', 'Lớp học nấu các món ăn Việt Nam', 'Lớp học nấu món chay', 'Lớp học nấu ăn và tour tham quan chợ', 'Changed Attraction Khóa học nấu ăn nâng cao & tham quan chợ', 'Changed Attraction Du thuyền Đồng bằng sông Cửu Long với cưỡi ngựa và ăn trưa', 'Changed Attraction Lớp học nấu ăn với buổi đi chợ']"
"Tham quan Địa Đạo Củ Chi, Bến Dược và chợ với bữa trưa","['Chuyến tham quan các điểm nổi bật của thành phố trong nửa ngày', 'Lớp học nấu ăn và tour tham quan chợ', 'Tham quan thành phố về đêm và chuyến đi khám phá ẩm thực bằng xe máy', 'Đua xe Go-Kart', 'Du thuyền ăn tối trên sông Sài Gòn', 'Du thuyền ăn tối trên sông Sài Gòn 1', 'Du thuyền Đồng bằng sông Cửu Long với cưỡi ngựa và ăn trưa', 'Changed Attraction Tour cả ngày tham quan Đồng bằng sông Cửu Long & Địa đạo Củ Chi có hướng dẫn viên', 'Changed Attraction Biểu diễn múa rối nước Rồng Vàng', 'Changed Attraction Đài quan sát Landmark 81 SkyView']"
Tour trải nghiệm cà phê Việt Nam,"['Biểu diễn múa rối nước Rồng Vàng', 'Chuyến tham quan các điểm nổi bật của thành phố trong nửa ngày', 'Du thuyền ăn tối trên sông Sài Gòn 1', 'Du thuyền Đồng bằng sông Cửu Long với cưỡi ngựa và ăn trưa', 'Khóa học nấu ăn nâng cao & tham quan chợ', 'Lớp học nấu món chay', 'Lớp học nấu ăn và tour tham quan chợ', 'Changed Attraction Du thuyền ăn tối trên sông Sài Gòn', 'Changed Attraction Lớp học nấu các món ăn Việt Nam', 'Changed Attraction Lớp học nấu ăn với buổi đi chợ']"
Tour tham quan Địa đạo Củ Chi nửa ngày,"['Biểu diễn múa rối nước Rồng Vàng', 'Chuyến tham quan các điểm nổi bật của thành phố trong nửa ngày', 'Du thuyền Đồng bằng sông Cửu Long với cưỡi ngựa và ăn trưa', 'Khóa học nấu ăn nâng cao & tham quan chợ', 'Lớp học nấu các món ăn Việt Nam', 'Lớp học nấu ăn và tour tham quan chợ', 'Lớp học nấu ăn với buổi đi chợ', 'Changed Attraction Du thuyền ăn tối trên sông Sài Gòn', 'Changed Attraction Lớp học nấu món chay', 'Changed Attraction Du thuyền ăn tối trên sông Sài Gòn 1']"
Tour tham quan Thành phố Hồ Chí Minh,"['Tour đi xích lô, xem múa rối và ăn tối trên du thuyền', 'Tour ẩm thực đường phố bằng xe máy 1', 'Biểu diễn múa rối nước Rồng Vàng', 'Du thuyền ăn tối trên sông Sài Gòn', 'Du thuyền ăn tối trên sông Sài Gòn 1', 'Du thuyền Đồng bằng sông Cửu Long với cưỡi ngựa và ăn trưa', 'Khóa học nấu ăn nâng cao & tham quan chợ', 'Changed Attraction Lớp học nấu món chay', 'Changed Attraction Chuyến tham quan các điểm nổi bật của thành phố trong nửa ngày', 'Changed Attraction Lớp học nấu các món ăn Việt Nam']"
Tour nửa ngày tham quan Địa đạo Củ Chi lịch sử,"['Biểu diễn múa rối nước Rồng Vàng', 'Chuyến tham quan các điểm nổi bật của thành phố trong nửa ngày', 'Du thuyền ăn tối trên sông Sài Gòn', 'Du thuyền ăn tối trên sông Sài Gòn 1', 'Du thuyền Đồng bằng sông Cửu Long với cưỡi ngựa và ăn trưa', 'Khóa học nấu ăn nâng cao & tham quan chợ', 'Lớp học nấu món chay', 'Changed Attraction Tour ẩm thực đường phố buổi sáng bằng xe máy', 'Changed Attraction Lớp học nấu các món ăn Việt Nam', 'Changed Attraction Tour tham quan Thành phố Hồ Chí Minh 2']"
Tour tham quan Địa Đạo Củ Chi nửa ngày,"['Biểu diễn múa rối nước Rồng Vàng', 'Chuyến tham quan các điểm nổi bật của thành phố trong nửa ngày', 'Du thuyền ăn tối trên sông Sài Gòn', 'Khóa học nấu ăn nâng cao & tham quan chợ', 'Lớp học nấu món chay', 'Lớp học nấu ăn và tour tham quan chợ', 'Lớp học nấu ăn với buổi đi chợ', 'Changed Attraction Du thuyền Đồng bằng sông Cửu Long với cưỡi ngựa và ăn trưa', 'Changed Attraction Du thuyền ăn tối trên sông Sài Gòn 1', 'Changed Attraction Lớp học nấu các món ăn Việt Nam']"
Tour tham quan thành phố cả ngày,"['Chuyến tham quan các điểm nổi bật của thành phố trong nửa ngày', 'Du thuyền ăn tối trên sông Sài Gòn', 'Du thuyền ăn tối trên sông Sài Gòn 1', 'Du thuyền Đồng bằng sông Cửu Long với cưỡi ngựa và ăn trưa', 'Lớp học nấu món chay', 'Lớp học nấu ăn và tour tham quan chợ', 'Lớp học nấu ăn với buổi đi chợ', 'Changed Attraction Lớp học nấu các món ăn Việt Nam', 'Changed Attraction Khóa học nấu ăn nâng cao & tham quan chợ', 'Changed Attraction Biểu diễn múa rối nước Rồng Vàng']"
Du thuyền Đồng bằng sông Cửu Long với cưỡi ngựa và ăn trưa,"['Biểu diễn múa rối nước Rồng Vàng', 'Chuyến tham quan các điểm nổi bật của thành phố trong nửa ngày', 'Du thuyền ăn tối trên sông Sài Gòn', 'Khóa học nấu ăn nâng cao & tham quan chợ', 'Lớp học nấu các món ăn Việt Nam', 'Lớp học nấu món chay', 'Tham quan Sài Gòn trong ngày', 'Changed Attraction Lớp học nấu ăn và tour tham quan chợ', 'Changed Attraction Lớp học nấu ăn với buổi đi chợ', 'Changed Attraction Du thuyền ăn tối trên sông Sài Gòn 1']"
Chuyến tham quan các điểm nổi bật của thành phố trong nửa ngày,"['Tham quan thành phố về đêm và chuyến đi khám phá ẩm thực bằng xe máy', 'Tham quan Địa Đạo Củ Chi, Bến Dược và chợ với bữa trưa', 'Tour cả ngày tham quan Đồng bằng sông Cửu Long & Địa đạo Củ Chi có hướng dẫn viên', 'Đài quan sát Landmark 81 SkyView', 'Du thuyền ăn tối trên sông Sài Gòn', 'Du thuyền ăn tối trên sông Sài Gòn 1', 'Du thuyền Đồng bằng sông Cửu Long với cưỡi ngựa và ăn trưa', 'Changed Attraction Đua xe Go-Kart', 'Changed Attraction Biểu diễn múa rối nước Rồng Vàng', 'Changed Attraction Lớp học nấu ăn và tour tham quan chợ']"
"Tour nửa ngày tham quan Sài Gòn vào buổi chiều, có hướng dẫn","['Biểu diễn múa rối nước Rồng Vàng', 'Chuyến tham quan các điểm nổi bật của thành phố trong nửa ngày', 'Du thuyền ăn tối trên sông Sài Gòn', 'Du thuyền Đồng bằng sông Cửu Long với cưỡi ngựa và ăn trưa', 'Lớp học nấu món chay', 'Lớp học nấu ăn và tour tham quan chợ', 'Lớp học nấu ăn với buổi đi chợ', 'Changed Attraction Khóa học nấu ăn nâng cao & tham quan chợ', 'Changed Attraction Du thuyền ăn tối trên sông Sài Gòn 1', 'Changed Attraction Lớp học nấu các món ăn Việt Nam']"
Trải nghiệm ẩm thực đường phố với dân địa phương,"['Chuyến tham quan các điểm nổi bật của thành phố trong nửa ngày', 'Du thuyền ăn tối trên sông Sài Gòn', 'Du thuyền Đồng bằng sông Cửu Long với cưỡi ngựa và ăn trưa', 'Khóa học nấu ăn nâng cao & tham quan chợ', 'Lớp học nấu các món ăn Việt Nam', 'Lớp học nấu món chay', 'Lớp học nấu ăn với buổi đi chợ', 'Changed Attraction Du thuyền ăn tối trên sông Sài Gòn 1', 'Changed Attraction Biểu diễn múa rối nước Rồng Vàng', 'Changed Attraction Lớp học nấu ăn và tour tham quan chợ']"
Tour riêng Thành phố Hồ Chí Minh đi xe Jeep quân đội Mỹ,"['Biểu diễn múa rối nước Rồng Vàng', 'Du thuyền ăn tối trên sông Sài Gòn', 'Du thuyền ăn tối trên sông Sài Gòn 1', 'Khóa học nấu ăn nâng cao & tham quan chợ', 'Lớp học nấu các món ăn Việt Nam', 'Lớp học nấu ăn và tour tham quan chợ', 'Lớp học nấu ăn với buổi đi chợ', 'Changed Attraction Chuyến tham quan các điểm nổi bật của thành phố trong nửa ngày', 'Changed Attraction Du thuyền Đồng bằng sông Cửu Long với cưỡi ngựa và ăn trưa', 'Changed Attraction Lớp học nấu món chay']"
Tour tìm hiểu lịch sử thành phố bằng xe máy,"['Biểu diễn múa rối nước Rồng Vàng', 'Chuyến tham quan các điểm nổi bật của thành phố trong nửa ngày', 'Du thuyền ăn tối trên sông Sài Gòn', 'Du thuyền ăn tối trên sông Sài Gòn 1', 'Du thuyền Đồng bằng sông Cửu Long với cưỡi ngựa và ăn trưa', 'Khóa học nấu ăn nâng cao & tham quan chợ', 'Lớp học nấu ăn và tour tham quan chợ', 'Changed Attraction Lớp học nấu món chay', 'Changed Attraction Lớp học nấu ăn với buổi đi chợ', 'Changed Attraction Lớp học nấu các món ăn Việt Nam']"
Tour đồng bằng sông Cửu Long,"['Biểu diễn múa rối nước Rồng Vàng', 'Chuyến tham quan các điểm nổi bật của thành phố trong nửa ngày', 'Du thuyền ăn tối trên sông Sài Gòn', 'Du thuyền ăn tối trên sông Sài Gòn 1', 'Lớp học nấu các món ăn Việt Nam', 'Lớp học nấu món chay', 'Lớp học nấu ăn và tour tham quan chợ', 'Changed Attraction Du thuyền Đồng bằng sông Cửu Long với cưỡi ngựa và ăn trưa', 'Changed Attraction Khóa học nấu ăn nâng cao & tham quan chợ', 'Changed Attraction Lớp học nấu ăn với buổi đi chợ']"
Tour ẩm thực đường phố bằng xe máy,"['Biểu diễn múa rối nước Rồng Vàng', 'Chuyến tham quan các điểm nổi bật của thành phố trong nửa ngày', 'Du thuyền ăn tối trên sông Sài Gòn', 'Du thuyền ăn tối trên sông Sài Gòn 1', 'Lớp học nấu các món ăn Việt Nam', 'Lớp học nấu món chay', 'Lớp học nấu ăn và tour tham quan chợ', 'Changed Attraction Khóa học nấu ăn nâng cao & tham quan chợ', 'Changed Attraction Du thuyền Đồng bằng sông Cửu Long với cưỡi ngựa và ăn trưa', 'Changed Attraction Lớp học nấu ăn với buổi đi chợ']"
Tour đồng bằng sông Cửu Long trong ngày,"['Biểu diễn múa rối nước Rồng Vàng', 'Chuyến tham quan các điểm nổi bật của thành phố trong nửa ngày', 'Du thuyền ăn tối trên sông Sài Gòn', 'Du thuyền ăn tối trên sông Sài Gòn 1', 'Khóa học nấu ăn nâng cao & tham quan chợ', 'Lớp học nấu các món ăn Việt Nam', 'Lớp học nấu món chay', 'Changed Attraction Lớp học nấu ăn và tour tham quan chợ', 'Changed Attraction Du thuyền Đồng bằng sông Cửu Long với cưỡi ngựa và ăn trưa', 'Changed Attraction Lớp học nấu ăn với buổi đi chợ']"
Tour xe máy tìm hiểu tâm linh và tín ngưỡng địa phương,"['Tour đi bộ thưởng thức ẩm thực đường phố Sài Gòn', 'Biểu diễn múa rối nước Rồng Vàng', 'Du thuyền ăn tối trên sông Sài Gòn', 'Du thuyền ăn tối trên sông Sài Gòn 1', 'Du thuyền Đồng bằng sông Cửu Long với cưỡi ngựa và ăn trưa', 'Khóa học nấu ăn nâng cao & tham quan chợ', 'Lớp học nấu món chay', 'Changed Attraction Lớp học nấu các món ăn Việt Nam', 'Changed Attraction Tour bằng xe máy khám phá lịch sử Sài Gòn', 'Changed Attraction Chuyến tham quan các điểm nổi bật của thành phố trong nửa ngày']"
Tour Sài Gòn nửa đêm bằng xe máy,"['Tour Sài Gòn về đêm bằng xe máy', 'Tour khám phá văn hóa Sài Gòn bằng xe máy', 'Biểu diễn múa rối nước Rồng Vàng', 'Chuyến tham quan các điểm nổi bật của thành phố trong nửa ngày', 'Du thuyền ăn tối trên sông Sài Gòn 1', 'Lớp học nấu các món ăn Việt Nam', 'Lớp học nấu món chay', 'Changed Attraction Du thuyền ăn tối trên sông Sài Gòn', 'Changed Attraction Du thuyền Đồng bằng sông Cửu Long với cưỡi ngựa và ăn trưa', 'Changed Attraction Khóa học nấu ăn nâng cao & tham quan chợ']"
"Tour trong ngày tham quan Đồng bằng sông Cửu Long, đi du thuyền trên sông & ăn trưa","['Biểu diễn múa rối nước Rồng Vàng', 'Chuyến tham quan các điểm nổi bật của thành phố trong nửa ngày', 'Du thuyền ăn tối trên sông Sài Gòn', 'Du thuyền Đồng bằng sông Cửu Long với cưỡi ngựa và ăn trưa', 'Khóa học nấu ăn nâng cao & tham quan chợ', 'Lớp học nấu ăn và tour tham quan chợ', 'Lớp học nấu ăn với buổi đi chợ', 'Changed Attraction Lớp học nấu món chay', 'Changed Attraction Du thuyền ăn tối trên sông Sài Gòn 1', 'Changed Attraction Lớp học nấu các món ăn Việt Nam']"
Tour Sài Gòn về đêm,"['Biểu diễn múa rối nước Rồng Vàng', 'Chuyến tham quan các điểm nổi bật của thành phố trong nửa ngày', 'Du thuyền ăn tối trên sông Sài Gòn', 'Du thuyền Đồng bằng sông Cửu Long với cưỡi ngựa và ăn trưa', 'Khóa học nấu ăn nâng cao & tham quan chợ', 'Lớp học nấu các món ăn Việt Nam', 'Lớp học nấu ăn với buổi đi chợ', 'Changed Attraction Lớp học nấu món chay', 'Changed Attraction Lớp học nấu ăn và tour tham quan chợ', 'Changed Attraction Du thuyền ăn tối trên sông Sài Gòn 1']"
Tham quan khu ổ chuột có hướng dẫn viên,"['Tour tham quan Thành phố Hồ Chí Minh và Địa đạo Củ Chi cả ngày', 'Biểu diễn múa rối nước Rồng Vàng', 'Chuyến tham quan các điểm nổi bật của thành phố trong nửa ngày', 'Du thuyền ăn tối trên sông Sài Gòn', 'Du thuyền ăn tối trên sông Sài Gòn 1', 'Du thuyền Đồng bằng sông Cửu Long với cưỡi ngựa và ăn trưa', 'Khóa học nấu ăn nâng cao & tham quan chợ', 'Changed Attraction Lớp học nấu món chay', 'Changed Attraction Tour ẩm thực đường phố vào buổi sáng', 'Changed Attraction Lớp học nấu các món ăn Việt Nam']"
Lớp học nấu món chay,"['Tour Công viên giải trí Suối Tiên', 'Tour ẩm thực chay', 'Chuyến tham quan các điểm nổi bật của thành phố trong nửa ngày', 'Du thuyền ăn tối trên sông Sài Gòn', 'Du thuyền ăn tối trên sông Sài Gòn 1', 'Du thuyền Đồng bằng sông Cửu Long với cưỡi ngựa và ăn trưa', 'Lớp học nấu ăn và tour tham quan chợ', 'Changed Attraction Biểu diễn múa rối nước Rồng Vàng', 'Changed Attraction Khóa học nấu ăn nâng cao & tham quan chợ', 'Changed Attraction Lớp học nấu các món ăn Việt Nam']"
Tour trọn ngày Địa đạo Củ Chi và sông Sài Gòn,"['Tour tham quan thành phố cả ngày 1', 'Chuyến tham quan các điểm nổi bật của thành phố trong nửa ngày', 'Du thuyền ăn tối trên sông Sài Gòn', 'Du thuyền Đồng bằng sông Cửu Long với cưỡi ngựa và ăn trưa', 'Khóa học nấu ăn nâng cao & tham quan chợ', 'Lớp học nấu các món ăn Việt Nam', 'Lớp học nấu món chay', 'Changed Attraction Tour ẩm thực đường phố', 'Changed Attraction Biểu diễn múa rối nước Rồng Vàng', 'Changed Attraction Du thuyền ăn tối trên sông Sài Gòn 1']"
Tour tham quan đảo Cần Giờ bằng xe máy,"['Du thuyền ăn tối trên sông Sài Gòn 1', 'Tour nửa ngày đi xe máy và ăn tối', 'Tour riêng tham quan đồng bằng sông Cửu Long kèm bữa trưa', 'Tour Đồng Bằng Sông Cửu Long trọn ngày với bữa trưa', 'Tour đồng bằng sông Cửu Long kèm bữa trưa', 'Tour ẩm thực đường phố trên xe máy', 'Du thuyền ăn tối trên sông Sài Gòn', 'Changed Attraction Du thuyền Đồng bằng sông Cửu Long với cưỡi ngựa và ăn trưa', 'Changed Attraction Chuyến tham quan các điểm nổi bật của thành phố trong nửa ngày', 'Changed Attraction Biểu diễn múa rối nước Rồng Vàng']"
"Tour tham quan thượng nguồn sông Mê Kông cả ngày, có bữa trưa","['Tour Bảo tàng Chứng tích Chiến tranh kèm bữa trưa', 'Tour nguyên ngày có hướng dẫn viên', 'Tour tham quan địa đạo Củ Chi trong nửa ngày 2', 'Vé vào cửa Saigon Skydeck', 'Biểu diễn múa rối nước Rồng Vàng', 'Du thuyền ăn tối trên sông Sài Gòn', 'Du thuyền Đồng bằng sông Cửu Long với cưỡi ngựa và ăn trưa', 'Changed Attraction Du thuyền ăn tối trên sông Sài Gòn 1', 'Changed Attraction Tour cuộc sống về đêm và ẩm thực bằng xe máy', 'Changed Attraction Chuyến tham quan các điểm nổi bật của thành phố trong nửa ngày']"
Tour tham quan Sài Gòn nửa ngày bằng xích lô,"['Tour tham quan địa đạo Củ Chi trong nửa ngày 1', 'Tour địa đạo Củ Chi', 'Tour địa đạo Củ Chi 1', 'Chuyến tham quan các điểm nổi bật của thành phố trong nửa ngày', 'Du thuyền ăn tối trên sông Sài Gòn', 'Du thuyền ăn tối trên sông Sài Gòn 1', 'Du thuyền Đồng bằng sông Cửu Long với cưỡi ngựa và ăn trưa', 'Changed Attraction Biểu diễn múa rối nước Rồng Vàng', 'Changed Attraction Khóa học nấu ăn nâng cao & tham quan chợ', 'Changed Attraction Địa đạo Củ Chi']"
Tour tham quan Đồng bằng sông Cửu Long,"['Tour Thành phố Hồ Chí Minh có tham quan Địa đạo Củ Chi', 'Tour đi xích lô', 'Tour đồng bằng sông Cửu Long theo nhóm nhỏ có hướng dẫn và học nấu ăn', 'Biểu diễn múa rối nước Rồng Vàng', 'Chuyến tham quan các điểm nổi bật của thành phố trong nửa ngày', 'Du thuyền ăn tối trên sông Sài Gòn', 'Du thuyền ăn tối trên sông Sài Gòn 1', 'Changed Attraction Khóa học nấu ăn nâng cao & tham quan chợ', 'Changed Attraction Tour Đồng bằng sông Cửu Long cả ngày', 'Changed Attraction Du thuyền Đồng bằng sông Cửu Long với cưỡi ngựa và ăn trưa']"
Tour ẩm thực đường phố bằng xe máy 1,"['Tour đi xích lô, xem múa rối và ăn tối trên du thuyền', 'Chuyến tham quan các điểm nổi bật của thành phố trong nửa ngày', 'Du thuyền ăn tối trên sông Sài Gòn 1', 'Du thuyền Đồng bằng sông Cửu Long với cưỡi ngựa và ăn trưa', 'Khóa học nấu ăn nâng cao & tham quan chợ', 'Lớp học nấu các món ăn Việt Nam', 'Lớp học nấu món chay', 'Changed Attraction Du thuyền ăn tối trên sông Sài Gòn', 'Changed Attraction Tour tham quan Thành phố Hồ Chí Minh', 'Changed Attraction Biểu diễn múa rối nước Rồng Vàng']"
Tour ẩm thực đường phố buổi sáng bằng xe máy,"['Tour nửa ngày tham quan Địa đạo Củ Chi lịch sử', 'Tour tham quan Thành phố Hồ Chí Minh 2', 'Biểu diễn múa rối nước Rồng Vàng', 'Chuyến tham quan các điểm nổi bật của thành phố trong nửa ngày', 'Du thuyền Đồng bằng sông Cửu Long với cưỡi ngựa và ăn trưa', 'Khóa học nấu ăn nâng cao & tham quan chợ', 'Lớp học nấu các món ăn Việt Nam', 'Changed Attraction Du thuyền ăn tối trên sông Sài Gòn 1', 'Changed Attraction Lớp học nấu món chay', 'Changed Attraction Du thuyền ăn tối trên sông Sài Gòn']"
Tour đi bộ thưởng thức ẩm thực đường phố Sài Gòn,"['Tour xe máy tìm hiểu tâm linh và tín ngưỡng địa phương', 'Biểu diễn múa rối nước Rồng Vàng', 'Du thuyền ăn tối trên sông Sài Gòn', 'Du thuyền ăn tối trên sông Sài Gòn 1', 'Du thuyền Đồng bằng sông Cửu Long với cưỡi ngựa và ăn trưa', 'Khóa học nấu ăn nâng cao & tham quan chợ', 'Lớp học nấu các món ăn Việt Nam', 'Changed Attraction Tour bằng xe máy khám phá lịch sử Sài Gòn', 'Changed Attraction Lớp học nấu món chay', 'Changed Attraction Chuyến tham quan các điểm nổi bật của thành phố trong nửa ngày']"
Tour Sài Gòn về đêm bằng xe máy,"['Tour Sài Gòn nửa đêm bằng xe máy', 'Tour khám phá văn hóa Sài Gòn bằng xe máy', 'Chuyến tham quan các điểm nổi bật của thành phố trong nửa ngày', 'Du thuyền ăn tối trên sông Sài Gòn', 'Du thuyền ăn tối trên sông Sài Gòn 1', 'Du thuyền Đồng bằng sông Cửu Long với cưỡi ngựa và ăn trưa', 'Khóa học nấu ăn nâng cao & tham quan chợ', 'Changed Attraction Lớp học nấu món chay', 'Changed Attraction Biểu diễn múa rối nước Rồng Vàng', 'Changed Attraction Lớp học nấu các món ăn Việt Nam']"
Tour ẩm thực đường phố vào buổi sáng,"['Tham quan khu ổ chuột có hướng dẫn viên', 'Tour tham quan Thành phố Hồ Chí Minh và Địa đạo Củ Chi cả ngày', 'Biểu diễn múa rối nước Rồng Vàng', 'Chuyến tham quan các điểm nổi bật của thành phố trong nửa ngày', 'Du thuyền Đồng bằng sông Cửu Long với cưỡi ngựa và ăn trưa', 'Khóa học nấu ăn nâng cao & tham quan chợ', 'Lớp học nấu các món ăn Việt Nam', 'Changed Attraction Du thuyền ăn tối trên sông Sài Gòn 1', 'Changed Attraction Du thuyền ăn tối trên sông Sài Gòn', 'Changed Attraction Lớp học nấu món chay']"
Tour ẩm thực chay,"['Lớp học nấu món chay', 'Tour Công viên giải trí Suối Tiên', 'Chuyến tham quan các điểm nổi bật của thành phố trong nửa ngày', 'Du thuyền ăn tối trên sông Sài Gòn', 'Du thuyền ăn tối trên sông Sài Gòn 1', 'Du thuyền Đồng bằng sông Cửu Long với cưỡi ngựa và ăn trưa', 'Khóa học nấu ăn nâng cao & tham quan chợ', 'Changed Attraction Lớp học nấu ăn và tour tham quan chợ', 'Changed Attraction Lớp học nấu các món ăn Việt Nam', 'Changed Attraction Biểu diễn múa rối nước Rồng Vàng']"
Tour ẩm thực đường phố,"['Chuyến tham quan các điểm nổi bật của thành phố trong nửa ngày', 'Du thuyền ăn tối trên sông Sài Gòn', 'Du thuyền ăn tối trên sông Sài Gòn 1', 'Du thuyền Đồng bằng sông Cửu Long với cưỡi ngựa và ăn trưa', 'Khóa học nấu ăn nâng cao & tham quan chợ', 'Lớp học nấu các món ăn Việt Nam', 'Lớp học nấu món chay', 'Changed Attraction Biểu diễn múa rối nước Rồng Vàng', 'Changed Attraction Tour trọn ngày Địa đạo Củ Chi và sông Sài Gòn', 'Changed Attraction Tour tham quan thành phố cả ngày 1']"
Tour riêng tham quan đồng bằng sông Cửu Long kèm bữa trưa,"['Du thuyền ăn tối trên sông Sài Gòn 1', 'Tour tham quan đảo Cần Giờ bằng xe máy', 'Tour Đồng Bằng Sông Cửu Long trọn ngày với bữa trưa', 'Tour đồng bằng sông Cửu Long kèm bữa trưa', 'Tour ẩm thực đường phố trên xe máy', 'Chuyến tham quan các điểm nổi bật của thành phố trong nửa ngày', 'Du thuyền ăn tối trên sông Sài Gòn', 'Changed Attraction Du thuyền Đồng bằng sông Cửu Long với cưỡi ngựa và ăn trưa', 'Changed Attraction Biểu diễn múa rối nước Rồng Vàng', 'Changed Attraction Tour nửa ngày đi xe máy và ăn tối']"
Tour tham quan Thành phố Hồ Chí Minh 1,"['Chuyến tham quan các điểm nổi bật của thành phố trong nửa ngày', 'Du thuyền ăn tối trên sông Sài Gòn', 'Khóa học nấu ăn nâng cao & tham quan chợ', 'Lớp học nấu các món ăn Việt Nam', 'Lớp học nấu món chay', 'Lớp học nấu ăn và tour tham quan chợ', 'Lớp học nấu ăn với buổi đi chợ', 'Changed Attraction Du thuyền Đồng bằng sông Cửu Long với cưỡi ngựa và ăn trưa', 'Changed Attraction Du thuyền ăn tối trên sông Sài Gòn 1', 'Changed Attraction Biểu diễn múa rối nước Rồng Vàng']"
Khóa học nấu ăn nâng cao & tham quan chợ,"['Biểu diễn múa rối nước Rồng Vàng', 'Du thuyền Đồng bằng sông Cửu Long với cưỡi ngựa và ăn trưa', 'Lớp học nấu các món ăn Việt Nam', 'Lớp học nấu món chay', 'Lớp học nấu ăn và tour tham quan chợ', 'Lớp học nấu ăn với buổi đi chợ', 'Tham quan Sài Gòn trong ngày', 'Changed Attraction Du thuyền ăn tối trên sông Sài Gòn 1', 'Changed Attraction Du thuyền ăn tối trên sông Sài Gòn', 'Changed Attraction Chuyến tham quan các điểm nổi bật của thành phố trong nửa ngày']"
Tour địa đạo Củ Chi và đồng bằng sông Cửu Long 1,"['Biểu diễn múa rối nước Rồng Vàng', 'Chuyến tham quan các điểm nổi bật của thành phố trong nửa ngày', 'Du thuyền ăn tối trên sông Sài Gòn', 'Du thuyền ăn tối trên sông Sài Gòn 1', 'Khóa học nấu ăn nâng cao & tham quan chợ', 'Lớp học nấu các món ăn Việt Nam', 'Lớp học nấu món chay', 'Changed Attraction Lớp học nấu ăn và tour tham quan chợ', 'Changed Attraction Du thuyền Đồng bằng sông Cửu Long với cưỡi ngựa và ăn trưa', 'Changed Attraction Lớp học nấu ăn với buổi đi chợ']"
Tour ẩm thực đường phố 1,"['Biểu diễn múa rối nước Rồng Vàng', 'Chuyến tham quan các điểm nổi bật của thành phố trong nửa ngày', 'Du thuyền ăn tối trên sông Sài Gòn', 'Du thuyền ăn tối trên sông Sài Gòn 1', 'Lớp học nấu các món ăn Việt Nam', 'Lớp học nấu món chay', 'Lớp học nấu ăn với buổi đi chợ', 'Changed Attraction Du thuyền Đồng bằng sông Cửu Long với cưỡi ngựa và ăn trưa', 'Changed Attraction Khóa học nấu ăn nâng cao & tham quan chợ', 'Changed Attraction Lớp học nấu ăn và tour tham quan chợ']"
Tour địa đạo Củ Chi và đồng bằng sông Cửu Long cả ngày,"['Biểu diễn múa rối nước Rồng Vàng', 'Du thuyền ăn tối trên sông Sài Gòn', 'Du thuyền Đồng bằng sông Cửu Long với cưỡi ngựa và ăn trưa', 'Khóa học nấu ăn nâng cao & tham quan chợ', 'Lớp học nấu các món ăn Việt Nam', 'Lớp học nấu ăn và tour tham quan chợ', 'Lớp học nấu ăn với buổi đi chợ', 'Changed Attraction Lớp học nấu món chay', 'Changed Attraction Du thuyền ăn tối trên sông Sài Gòn 1', 'Changed Attraction Chuyến tham quan các điểm nổi bật của thành phố trong nửa ngày']"
Ăn tối trên du thuyền và tùy chọn xem múa rối nước,"['Biểu diễn múa rối nước Rồng Vàng', 'Chuyến tham quan các điểm nổi bật của thành phố trong nửa ngày', 'Du thuyền ăn tối trên sông Sài Gòn', 'Du thuyền ăn tối trên sông Sài Gòn 1', 'Du thuyền Đồng bằng sông Cửu Long với cưỡi ngựa và ăn trưa', 'Lớp học nấu các món ăn Việt Nam', 'Lớp học nấu món chay', 'Changed Attraction Lớp học nấu ăn với buổi đi chợ', 'Changed Attraction Khóa học nấu ăn nâng cao & tham quan chợ', 'Changed Attraction Lớp học nấu ăn và tour tham quan chợ']"
Tour ẩm thực Sài Gòn về đêm,"['Chuyến tham quan các điểm nổi bật của thành phố trong nửa ngày', 'Du thuyền ăn tối trên sông Sài Gòn 1', 'Du thuyền Đồng bằng sông Cửu Long với cưỡi ngựa và ăn trưa', 'Khóa học nấu ăn nâng cao & tham quan chợ', 'Lớp học nấu các món ăn Việt Nam', 'Lớp học nấu món chay', 'Lớp học nấu ăn và tour tham quan chợ', 'Changed Attraction Biểu diễn múa rối nước Rồng Vàng', 'Changed Attraction Lớp học nấu ăn với buổi đi chợ', 'Changed Attraction Du thuyền ăn tối trên sông Sài Gòn']"
Tour Đồng bằng sông Cửu Long trong ngày với bữa trưa,"['Biểu diễn múa rối nước Rồng Vàng', 'Chuyến tham quan các điểm nổi bật của thành phố trong nửa ngày', 'Du thuyền ăn tối trên sông Sài Gòn', 'Du thuyền ăn tối trên sông Sài Gòn 1', 'Khóa học nấu ăn nâng cao & tham quan chợ', 'Lớp học nấu ăn và tour tham quan chợ', 'Lớp học nấu ăn với buổi đi chợ', 'Changed Attraction Lớp học nấu món chay', 'Changed Attraction Lớp học nấu các món ăn Việt Nam', 'Changed Attraction Du thuyền Đồng bằng sông Cửu Long với cưỡi ngựa và ăn trưa']"
"Tour đi xích lô, xem múa rối và ăn tối trên du thuyền","['Tour tham quan Thành phố Hồ Chí Minh', 'Biểu diễn múa rối nước Rồng Vàng', 'Du thuyền ăn tối trên sông Sài Gòn', 'Du thuyền ăn tối trên sông Sài Gòn 1', 'Du thuyền Đồng bằng sông Cửu Long với cưỡi ngựa và ăn trưa', 'Khóa học nấu ăn nâng cao & tham quan chợ', 'Lớp học nấu món chay', 'Changed Attraction Lớp học nấu các món ăn Việt Nam', 'Changed Attraction Tour ẩm thực đường phố bằng xe máy 1', 'Changed Attraction Chuyến tham quan các điểm nổi bật của thành phố trong nửa ngày']"
Tour tham quan Thành phố Hồ Chí Minh 2,"['Tour nửa ngày tham quan Địa đạo Củ Chi lịch sử', 'Tour ẩm thực đường phố buổi sáng bằng xe máy', 'Chuyến tham quan các điểm nổi bật của thành phố trong nửa ngày', 'Du thuyền ăn tối trên sông Sài Gòn', 'Du thuyền Đồng bằng sông Cửu Long với cưỡi ngựa và ăn trưa', 'Khóa học nấu ăn nâng cao & tham quan chợ', 'Lớp học nấu các món ăn Việt Nam', 'Changed Attraction Biểu diễn múa rối nước Rồng Vàng', 'Changed Attraction Lớp học nấu món chay', 'Changed Attraction Du thuyền ăn tối trên sông Sài Gòn 1']"
Tour bằng xe máy khám phá lịch sử Sài Gòn,"['Biểu diễn múa rối nước Rồng Vàng', 'Chuyến tham quan các điểm nổi bật của thành phố trong nửa ngày', 'Du thuyền ăn tối trên sông Sài Gòn', 'Du thuyền ăn tối trên sông Sài Gòn 1', 'Du thuyền Đồng bằng sông Cửu Long với cưỡi ngựa và ăn trưa', 'Khóa học nấu ăn nâng cao & tham quan chợ', 'Lớp học nấu món chay', 'Changed Attraction Lớp học nấu các món ăn Việt Nam', 'Changed Attraction Tour đi bộ thưởng thức ẩm thực đường phố Sài Gòn', 'Changed Attraction Tour xe máy tìm hiểu tâm linh và tín ngưỡng địa phương']"
Tour khám phá văn hóa Sài Gòn bằng xe máy,"['Tour Sài Gòn về đêm bằng xe máy', 'Chuyến tham quan các điểm nổi bật của thành phố trong nửa ngày', 'Du thuyền ăn tối trên sông Sài Gòn', 'Du thuyền Đồng bằng sông Cửu Long với cưỡi ngựa và ăn trưa', 'Khóa học nấu ăn nâng cao & tham quan chợ', 'Lớp học nấu các món ăn Việt Nam', 'Lớp học nấu món chay', 'Changed Attraction Tour Sài Gòn nửa đêm bằng xe máy', 'Changed Attraction Du thuyền ăn tối trên sông Sài Gòn 1', 'Changed Attraction Biểu diễn múa rối nước Rồng Vàng']"
Tour tham quan Thành phố Hồ Chí Minh và Địa đạo Củ Chi cả ngày,"['Tham quan khu ổ chuột có hướng dẫn viên', 'Biểu diễn múa rối nước Rồng Vàng', 'Du thuyền ăn tối trên sông Sài Gòn 1', 'Du thuyền Đồng bằng sông Cửu Long với cưỡi ngựa và ăn trưa', 'Khóa học nấu ăn nâng cao & tham quan chợ', 'Lớp học nấu các món ăn Việt Nam', 'Lớp học nấu món chay', 'Changed Attraction Du thuyền ăn tối trên sông Sài Gòn', 'Changed Attraction Chuyến tham quan các điểm nổi bật của thành phố trong nửa ngày', 'Changed Attraction Tour ẩm thực đường phố vào buổi sáng']"
Tour Công viên giải trí Suối Tiên,"['Lớp học nấu món chay', 'Tour ẩm thực chay', 'Chuyến tham quan các điểm nổi bật của thành phố trong nửa ngày', 'Du thuyền ăn tối trên sông Sài Gòn', 'Du thuyền ăn tối trên sông Sài Gòn 1', 'Khóa học nấu ăn nâng cao & tham quan chợ', 'Lớp học nấu ăn và tour tham quan chợ', 'Changed Attraction Lớp học nấu các món ăn Việt Nam', 'Changed Attraction Biểu diễn múa rối nước Rồng Vàng', 'Changed Attraction Du thuyền Đồng bằng sông Cửu Long với cưỡi ngựa và ăn trưa']"
Tour tham quan thành phố cả ngày 1,"['Tour trọn ngày Địa đạo Củ Chi và sông Sài Gòn', 'Tour ẩm thực đường phố', 'Chuyến tham quan các điểm nổi bật của thành phố trong nửa ngày', 'Du thuyền ăn tối trên sông Sài Gòn', 'Du thuyền ăn tối trên sông Sài Gòn 1', 'Du thuyền Đồng bằng sông Cửu Long với cưỡi ngựa và ăn trưa', 'Khóa học nấu ăn nâng cao & tham quan chợ', 'Changed Attraction Lớp học nấu các món ăn Việt Nam', 'Changed Attraction Biểu diễn múa rối nước Rồng Vàng', 'Changed Attraction Lớp học nấu món chay']"
Tour đồng bằng sông Cửu Long kèm bữa trưa,"['Tour nửa ngày đi xe máy và ăn tối', 'Tour riêng tham quan đồng bằng sông Cửu Long kèm bữa trưa', 'Tour tham quan đảo Cần Giờ bằng xe máy', 'Tour Đồng Bằng Sông Cửu Long trọn ngày với bữa trưa', 'Tour ẩm thực đường phố trên xe máy', 'Chuyến tham quan các điểm nổi bật của thành phố trong nửa ngày', 'Du thuyền ăn tối trên sông Sài Gòn', 'Changed Attraction Biểu diễn múa rối nước Rồng Vàng', 'Changed Attraction Du thuyền ăn tối trên sông Sài Gòn 1', 'Changed Attraction Du thuyền Đồng bằng sông Cửu Long với cưỡi ngựa và ăn trưa']"
Tour tham quan địa đạo Củ Chi trong nửa ngày 2,"['Tour Bảo tàng Chứng tích Chiến tranh kèm bữa trưa', 'Tour cuộc sống về đêm và ẩm thực bằng xe máy', 'Tour nguyên ngày có hướng dẫn viên', 'Tour tham quan thượng nguồn sông Mê Kông cả ngày, có bữa trưa', 'Vé vào cửa Saigon Skydeck', 'Biểu diễn múa rối nước Rồng Vàng', 'Du thuyền ăn tối trên sông Sài Gòn', 'Changed Attraction Chuyến tham quan các điểm nổi bật của thành phố trong nửa ngày', 'Changed Attraction Du thuyền Đồng bằng sông Cửu Long với cưỡi ngựa và ăn trưa', 'Changed Attraction Du thuyền ăn tối trên sông Sài Gòn 1']"
Tour địa đạo Củ Chi,"['Tour tham quan Sài Gòn nửa ngày bằng xích lô', 'Tour địa đạo Củ Chi 1', 'Địa đạo Củ Chi', 'Biểu diễn múa rối nước Rồng Vàng', 'Du thuyền ăn tối trên sông Sài Gòn 1', 'Du thuyền Đồng bằng sông Cửu Long với cưỡi ngựa và ăn trưa', 'Khóa học nấu ăn nâng cao & tham quan chợ', 'Changed Attraction Chuyến tham quan các điểm nổi bật của thành phố trong nửa ngày', 'Changed Attraction Du thuyền ăn tối trên sông Sài Gòn', 'Changed Attraction Tour tham quan địa đạo Củ Chi trong nửa ngày 1']"
Tour đồng bằng sông Cửu Long theo nhóm nhỏ có hướng dẫn và học nấu ăn,"['Tour tham quan Đồng bằng sông Cửu Long', 'Tour đi xích lô', 'Biểu diễn múa rối nước Rồng Vàng', 'Du thuyền ăn tối trên sông Sài Gòn', 'Du thuyền ăn tối trên sông Sài Gòn 1', 'Du thuyền Đồng bằng sông Cửu Long với cưỡi ngựa và ăn trưa', 'Khóa học nấu ăn nâng cao & tham quan chợ', 'Changed Attraction Tour Thành phố Hồ Chí Minh có tham quan Địa đạo Củ Chi', 'Changed Attraction Chuyến tham quan các điểm nổi bật của thành phố trong nửa ngày', 'Changed Attraction Tour Đồng bằng sông Cửu Long cả ngày']"
Tham quan các chợ ở Sài Gòn,"['Tour khám phá ẩm thực Sài Gòn bằng xe máy', 'Tour địa đạo Củ Chi và Đồng bằng sông Cửu Long', 'Biểu diễn múa rối nước Rồng Vàng', 'Chuyến tham quan các điểm nổi bật của thành phố trong nửa ngày', 'Du thuyền ăn tối trên sông Sài Gòn', 'Du thuyền ăn tối trên sông Sài Gòn 1', 'Du thuyền Đồng bằng sông Cửu Long với cưỡi ngựa và ăn trưa', 'Changed Attraction Tour Đồng bằng sông Cửu Long kèm bữa trưa', 'Changed Attraction Lớp học nấu các món ăn Việt Nam', 'Changed Attraction Khóa học nấu ăn nâng cao & tham quan chợ']"
Ăn tối trên du thuyền trong thành phố,"['Du thuyền ăn tối trên sông Sài Gòn', 'Tour trọn ngày Địa Đạo Củ Chi và Đồng Bằng Sông Cửu Long 1', 'Tour ẩm thực đường phố riêng bằng xe máy', 'Chuyến tham quan các điểm nổi bật của thành phố trong nửa ngày', 'Du thuyền ăn tối trên sông Sài Gòn 1', 'Du thuyền Đồng bằng sông Cửu Long với cưỡi ngựa và ăn trưa', 'Khóa học nấu ăn nâng cao & tham quan chợ', 'Changed Attraction Lớp học nấu các món ăn Việt Nam', 'Changed Attraction Biểu diễn múa rối nước Rồng Vàng', 'Changed Attraction Lớp học nấu món chay']"
Tour địa đạo Củ Chi và Thành phố Hồ Chí Minh,"['Tour ẩm thực đường phố với bữa tối tại Thành phố Hồ Chí Minh', 'Chuyến tham quan các điểm nổi bật của thành phố trong nửa ngày', 'Du thuyền ăn tối trên sông Sài Gòn', 'Du thuyền ăn tối trên sông Sài Gòn 1', 'Du thuyền Đồng bằng sông Cửu Long với cưỡi ngựa và ăn trưa', 'Khóa học nấu ăn nâng cao & tham quan chợ', 'Lớp học nấu các món ăn Việt Nam', 'Changed Attraction Tour tham quan địa đạo Củ Chi trong nửa ngày', 'Changed Attraction Lớp học nấu món chay', 'Changed Attraction Biểu diễn múa rối nước Rồng Vàng']"
Lớp học nấu ăn với buổi đi chợ,"['Lớp học nấu các món ăn Việt Nam', 'Biểu diễn múa rối nước Rồng Vàng', 'Du thuyền ăn tối trên sông Sài Gòn 1', 'Du thuyền Đồng bằng sông Cửu Long với cưỡi ngựa và ăn trưa', 'Khóa học nấu ăn nâng cao & tham quan chợ', 'Lớp học nấu món chay', 'Lớp học nấu ăn và tour tham quan chợ', 'Changed Attraction Chuyến tham quan các điểm nổi bật của thành phố trong nửa ngày', 'Changed Attraction Du thuyền ăn tối trên sông Sài Gòn', 'Changed Attraction Tour du lịch Mũi Né trong ngày']"
Tour thưởng thức bia hơi về đêm và bữa tối,"['Tour nửa ngày tham quan Thành phố Hồ Chí Minh theo nhóm', 'Biểu diễn múa rối nước Rồng Vàng', 'Chuyến tham quan các điểm nổi bật của thành phố trong nửa ngày', 'Du thuyền ăn tối trên sông Sài Gòn', 'Du thuyền ăn tối trên sông Sài Gòn 1', 'Khóa học nấu ăn nâng cao & tham quan chợ', 'Lớp học nấu món chay', 'Changed Attraction Du thuyền Đồng bằng sông Cửu Long với cưỡi ngựa và ăn trưa', 'Changed Attraction Tour cao cấp tham quan thành phố Hồ Chí Minh theo nhóm trong nửa ngày', 'Changed Attraction Lớp học nấu các món ăn Việt Nam']"
Tour xe máy Sài Gòn,"['Tour xe máy buổi tối ở Sài Gòn', 'Biểu diễn múa rối nước Rồng Vàng', 'Chuyến tham quan các điểm nổi bật của thành phố trong nửa ngày', 'Du thuyền ăn tối trên sông Sài Gòn', 'Du thuyền Đồng bằng sông Cửu Long với cưỡi ngựa và ăn trưa', 'Lớp học nấu các món ăn Việt Nam', 'Lớp học nấu món chay', 'Changed Attraction Tour sáng có hướng dẫn viên', 'Changed Attraction Du thuyền ăn tối trên sông Sài Gòn 1', 'Changed Attraction Khóa học nấu ăn nâng cao & tham quan chợ']"
Tour riêng tham quan thành phố bằng xe máy theo chủ đề ẩm thực,"['Tour sáng thăm thú Sài Gòn', 'Biểu diễn múa rối nước Rồng Vàng', 'Chuyến tham quan các điểm nổi bật của thành phố trong nửa ngày', 'Du thuyền ăn tối trên sông Sài Gòn 1', 'Du thuyền Đồng bằng sông Cửu Long với cưỡi ngựa và ăn trưa', 'Lớp học nấu các món ăn Việt Nam', 'Lớp học nấu món chay', 'Changed Attraction Khóa học nấu ăn nâng cao & tham quan chợ', 'Changed Attraction Du thuyền ăn tối trên sông Sài Gòn', 'Changed Attraction Tour tham quan Địa đạo Củ Chi trong nửa ngày']"
Tour đi bộ Sài Gòn,"['Biểu diễn múa rối nước Rồng Vàng', 'Chuyến tham quan các điểm nổi bật của thành phố trong nửa ngày', 'Du thuyền ăn tối trên sông Sài Gòn', 'Du thuyền ăn tối trên sông Sài Gòn 1', 'Du thuyền Đồng bằng sông Cửu Long với cưỡi ngựa và ăn trưa', 'Khóa học nấu ăn nâng cao & tham quan chợ', 'Lớp học nấu ăn với buổi đi chợ', 'Changed Attraction Lớp học nấu ăn và tour tham quan chợ', 'Changed Attraction Lớp học nấu món chay', 'Changed Attraction Lớp học nấu các món ăn Việt Nam']"
"Tour khám phá Rooftop Bar, du thuyền ăn tối và đi xe máy ở Sài Gòn","['Biểu diễn múa rối nước Rồng Vàng', 'Chuyến tham quan các điểm nổi bật của thành phố trong nửa ngày', 'Du thuyền ăn tối trên sông Sài Gòn 1', 'Lớp học nấu các món ăn Việt Nam', 'Lớp học nấu món chay', 'Lớp học nấu ăn và tour tham quan chợ', 'Lớp học nấu ăn với buổi đi chợ', 'Changed Attraction Du thuyền Đồng bằng sông Cửu Long với cưỡi ngựa và ăn trưa', 'Changed Attraction Khóa học nấu ăn nâng cao & tham quan chợ', 'Changed Attraction Du thuyền ăn tối trên sông Sài Gòn']"
Tour nửa ngày tham quan Địa đạo Củ Chi,"['Tour Đồng bằng sông Cửu Long trọn ngày với bữa trưa', 'Du thuyền ăn tối trên sông Sài Gòn', 'Du thuyền ăn tối trên sông Sài Gòn 1', 'Du thuyền Đồng bằng sông Cửu Long với cưỡi ngựa và ăn trưa', 'Khóa học nấu ăn nâng cao & tham quan chợ', 'Lớp học nấu các món ăn Việt Nam', 'Lớp học nấu ăn và tour tham quan chợ', 'Changed Attraction Chuyến tham quan các điểm nổi bật của thành phố trong nửa ngày', 'Changed Attraction Lớp học nấu món chay', 'Changed Attraction Biểu diễn múa rối nước Rồng Vàng']"
Tour tìm hiểu về Trận Long Tân,"['Tour địa đạo Củ Chi và đồng bằng sông Cửu Long', 'Biểu diễn múa rối nước Rồng Vàng', 'Chuyến tham quan các điểm nổi bật của thành phố trong nửa ngày', 'Du thuyền ăn tối trên sông Sài Gòn', 'Du thuyền Đồng bằng sông Cửu Long với cưỡi ngựa và ăn trưa', 'Lớp học nấu món chay', 'Lớp học nấu ăn và tour tham quan chợ', 'Changed Attraction Du thuyền ăn tối trên sông Sài Gòn 1', 'Changed Attraction Lớp học nấu các món ăn Việt Nam', 'Changed Attraction Khóa học nấu ăn nâng cao & tham quan chợ']"
Du thuyền ăn tối trên sông Sài Gòn 1,"['Tour riêng tham quan đồng bằng sông Cửu Long kèm bữa trưa', 'Tour tham quan đảo Cần Giờ bằng xe máy', 'Tour Đồng Bằng Sông Cửu Long trọn ngày với bữa trưa', 'Tour ẩm thực đường phố trên xe máy', 'Chuyến tham quan các điểm nổi bật của thành phố trong nửa ngày', 'Du thuyền ăn tối trên sông Sài Gòn', 'Du thuyền Đồng bằng sông Cửu Long với cưỡi ngựa và ăn trưa', 'Changed Attraction Biểu diễn múa rối nước Rồng Vàng', 'Changed Attraction Tour đồng bằng sông Cửu Long kèm bữa trưa', 'Changed Attraction Tour nửa ngày đi xe máy và ăn tối']"
Tour Bảo tàng Chứng tích Chiến tranh kèm bữa trưa,"['Tour nguyên ngày có hướng dẫn viên', 'Tour tham quan thượng nguồn sông Mê Kông cả ngày, có bữa trưa', 'Tour tham quan địa đạo Củ Chi trong nửa ngày 2', 'Biểu diễn múa rối nước Rồng Vàng', 'Chuyến tham quan các điểm nổi bật của thành phố trong nửa ngày', 'Du thuyền ăn tối trên sông Sài Gòn', 'Du thuyền ăn tối trên sông Sài Gòn 1', 'Changed Attraction Du thuyền Đồng bằng sông Cửu Long với cưỡi ngựa và ăn trưa', 'Changed Attraction Tour cuộc sống về đêm và ẩm thực bằng xe máy', 'Changed Attraction Vé vào cửa Saigon Skydeck']"
Tham quan Sài Gòn trong ngày,"['Tour Đồng bằng sông Cửu Long từ Hồ Chí Minh bằng xe limousine', 'Chuyến tham quan các điểm nổi bật của thành phố trong nửa ngày', 'Du thuyền ăn tối trên sông Sài Gòn', 'Du thuyền Đồng bằng sông Cửu Long với cưỡi ngựa và ăn trưa', 'Khóa học nấu ăn nâng cao & tham quan chợ', 'Lớp học nấu món chay', 'Lớp học nấu ăn và tour tham quan chợ', 'Changed Attraction Biểu diễn múa rối nước Rồng Vàng', 'Changed Attraction Du thuyền ăn tối trên sông Sài Gòn 1', 'Changed Attraction Lớp học nấu các món ăn Việt Nam']"
Tour nửa ngày đi xe máy và ăn tối,"['Du thuyền ăn tối trên sông Sài Gòn 1', 'Tour tham quan đảo Cần Giờ bằng xe máy', 'Tour đồng bằng sông Cửu Long kèm bữa trưa', 'Tour ẩm thực đường phố trên xe máy', 'Biểu diễn múa rối nước Rồng Vàng', 'Du thuyền ăn tối trên sông Sài Gòn', 'Du thuyền Đồng bằng sông Cửu Long với cưỡi ngựa và ăn trưa', 'Changed Attraction Tour riêng tham quan đồng bằng sông Cửu Long kèm bữa trưa', 'Changed Attraction Chuyến tham quan các điểm nổi bật của thành phố trong nửa ngày', 'Changed Attraction Tour Đồng Bằng Sông Cửu Long trọn ngày với bữa trưa']"
Tour nguyên ngày có hướng dẫn viên,"['Tour Bảo tàng Chứng tích Chiến tranh kèm bữa trưa', 'Tour cuộc sống về đêm và ẩm thực bằng xe máy', 'Vé vào cửa Saigon Skydeck', 'Chuyến tham quan các điểm nổi bật của thành phố trong nửa ngày', 'Du thuyền ăn tối trên sông Sài Gòn', 'Du thuyền ăn tối trên sông Sài Gòn 1', 'Du thuyền Đồng bằng sông Cửu Long với cưỡi ngựa và ăn trưa', 'Changed Attraction Tour tham quan địa đạo Củ Chi trong nửa ngày 2', 'Changed Attraction Tour tham quan thượng nguồn sông Mê Kông cả ngày, có bữa trưa', 'Changed Attraction Biểu diễn múa rối nước Rồng Vàng']"
Tour địa đạo Củ Chi 1,"['Tour tham quan Sài Gòn nửa ngày bằng xích lô', 'Tour địa đạo Củ Chi', 'Địa đạo Củ Chi', 'Biểu diễn múa rối nước Rồng Vàng', 'Du thuyền ăn tối trên sông Sài Gòn', 'Du thuyền Đồng bằng sông Cửu Long với cưỡi ngựa và ăn trưa', 'Khóa học nấu ăn nâng cao & tham quan chợ', 'Changed Attraction Du thuyền ăn tối trên sông Sài Gòn 1', 'Changed Attraction Chuyến tham quan các điểm nổi bật của thành phố trong nửa ngày', 'Changed Attraction Tour tham quan địa đạo Củ Chi trong nửa ngày 1']"
Tour Thành phố Hồ Chí Minh có tham quan Địa đạo Củ Chi,"['Tour Đồng bằng sông Cửu Long cả ngày', 'Tour đi xích lô', 'Tour đồng bằng sông Cửu Long theo nhóm nhỏ có hướng dẫn và học nấu ăn', 'Chuyến tham quan các điểm nổi bật của thành phố trong nửa ngày', 'Du thuyền ăn tối trên sông Sài Gòn', 'Du thuyền ăn tối trên sông Sài Gòn 1', 'Khóa học nấu ăn nâng cao & tham quan chợ', 'Changed Attraction Tour tham quan Đồng bằng sông Cửu Long', 'Changed Attraction Biểu diễn múa rối nước Rồng Vàng', 'Changed Attraction Du thuyền Đồng bằng sông Cửu Long với cưỡi ngựa và ăn trưa']"
Tour địa đạo Củ Chi và Đồng bằng sông Cửu Long,"['Tour khám phá ẩm thực Sài Gòn bằng xe máy', 'Tour Đồng bằng sông Cửu Long kèm bữa trưa', 'Chuyến tham quan các điểm nổi bật của thành phố trong nửa ngày', 'Du thuyền ăn tối trên sông Sài Gòn', 'Du thuyền ăn tối trên sông Sài Gòn 1', 'Khóa học nấu ăn nâng cao & tham quan chợ', 'Lớp học nấu các món ăn Việt Nam', 'Changed Attraction Du thuyền Đồng bằng sông Cửu Long với cưỡi ngựa và ăn trưa', 'Changed Attraction Biểu diễn múa rối nước Rồng Vàng', 'Changed Attraction Tham quan các chợ ở Sài Gòn']"
Tour ẩm thực đường phố riêng bằng xe máy,"['Tour trọn ngày Địa Đạo Củ Chi và Đồng Bằng Sông Cửu Long 1', 'Ăn tối trên du thuyền trong thành phố', 'Du thuyền ăn tối trên sông Sài Gòn 1', 'Du thuyền Đồng bằng sông Cửu Long với cưỡi ngựa và ăn trưa', 'Khóa học nấu ăn nâng cao & tham quan chợ', 'Lớp học nấu các món ăn Việt Nam', 'Lớp học nấu món chay', 'Changed Attraction Biểu diễn múa rối nước Rồng Vàng', 'Changed Attraction Du thuyền ăn tối trên sông Sài Gòn', 'Changed Attraction Chuyến tham quan các điểm nổi bật của thành phố trong nửa ngày']"
Tour ẩm thực đường phố với bữa tối tại Thành phố Hồ Chí Minh,"['Tour tham quan địa đạo Củ Chi trong nửa ngày', 'Chuyến tham quan các điểm nổi bật của thành phố trong nửa ngày', 'Du thuyền ăn tối trên sông Sài Gòn', 'Du thuyền Đồng bằng sông Cửu Long với cưỡi ngựa và ăn trưa', 'Khóa học nấu ăn nâng cao & tham quan chợ', 'Lớp học nấu các món ăn Việt Nam', 'Lớp học nấu món chay', 'Changed Attraction Tour địa đạo Củ Chi và Thành phố Hồ Chí Minh', 'Changed Attraction Biểu diễn múa rối nước Rồng Vàng', 'Changed Attraction Du thuyền ăn tối trên sông Sài Gòn 1']"
