User Name,Recommendations
Thái Tân,"['Du thuyền đêm trên sông Hàn', 'Tour ngoại ô Đà Lạt và Thác Voi', 'Tour riêng tham quan thành phố và du thuyền sông Hàn về đêm', 'Tour tham quan bằng xe máy và khám phá ẩm thực', 'Tour ẩm thực với hướng dẫn viên và đi thuyền trên sông', 'Tour du lịch Đà Nẵng nửa ngày', 'Nấu ăn lúc hoàng hôn với chuyến đi thuyền ở Hội An', 'Changed Attraction Tour ẩm thực và ngắm cảnh về đêm bằng xe máy', 'Changed Attraction Tour tham quan Mỹ Sơn lúc hoàng hôn', 'Changed Attraction Tour chèo kayak hoặc SUP tại Đà Lạt']"
Nhân Sâm,"['Tour Cầu Vàng và Bà Nà Hills', 'Tour Ngũ Hành Sơn & Núi Khỉ với bữa trưa', 'Tour du lịch Đà Nẵng nửa ngày', 'Tour Ngũ Hành Sơn và Hội An', 'Tour tham quan Đà Nẵng về đêm kèm bữa tối', 'Tour Bán đảo Sơn Trà & Hội An từ Đà Nẵng', 'Tham quan rừng cọ và làng thủ công mỹ nghệ', 'Changed Attraction Tour tham gia lớp học nấu ăn và đi thuyền thúng', 'Changed Attraction Tour Bà Nà Hills trọn ngày với bữa trưa buffet', 'Changed Attraction Tour ẩm thực với hướng dẫn viên và đi thuyền trên sông']"
Diệu Hằng,"['Vé vào cửa công viên suối khoáng nóng Núi Thần Tài', 'Tour Bán đảo Sơn Trà & Hội An từ Đà Nẵng', 'Tour Ngũ Hành Sơn và Hội An', 'Tour du lịch Đà Nẵng nửa ngày', 'Tour nửa ngày đi thuyền trên sông thời chiến có hướng dẫn', 'Trải nghiệm cuộc sống thôn dã có ăn tối', 'Tour riêng tham quan thành phố và du thuyền sông Hàn về đêm', 'Changed Attraction Tour tham gia lớp học nấu ăn và đi thuyền thúng', 'Changed Attraction Tour tham quan bằng xe máy và khám phá ẩm thực', 'Changed Attraction Tour Ngũ Hành Sơn & Núi Khỉ với bữa trưa']"
Mỹ Hường,"['Lớp hướng dẫn làm lồng đèn', 'Tour thuyền thúng và lớp học nấu ăn thân thiện với môi trường', 'Tour ẩm thực chợ đêm', 'Tour tham quan bằng xe máy và khám phá ẩm thực', 'Tour nửa ngày tham quan vùng quê bằng xe đạp', 'Tour buổi tối tham quan các điểm nổi bật ở Hội An theo đoàn', 'Tour tham gia lớp học nấu ăn và đi thuyền thúng', 'Changed Attraction Tour riêng tham quan Hội An từ Đà Nẵng', 'Changed Attraction Tour chèo kayak hoặc SUP tại Đà Lạt', 'Changed Attraction Tour du lịch Đà Nẵng nửa ngày']"
Thục,"['Tour Bán đảo Sơn Trà & Hội An từ Đà Nẵng', 'Tour Ngũ Hành Sơn & Núi Khỉ với bữa trưa', 'Tour du lịch Đà Nẵng nửa ngày', 'Tour riêng tham quan Hội An từ Đà Nẵng', 'Tour tham quan Thánh Địa Mỹ Sơn và Ngũ Hành Sơn', 'Tour Phố cổ Hội An có hướng dẫn viên', 'Tour ngoại ô Đà Lạt và Thác Voi', 'Changed Attraction Tour tham quan Mỹ Sơn lúc hoàng hôn', 'Changed Attraction Tour Ngũ Hành Sơn và Hội An', 'Changed Attraction Tour tham quan bằng xe máy và khám phá ẩm thực']"
Tùng Quang,"['Tour thuyền thúng và lớp học nấu ăn thân thiện với môi trường', 'Nấu ăn lúc hoàng hôn với chuyến đi thuyền ở Hội An', 'Tour ẩm thực với hướng dẫn viên và đi thuyền trên sông', 'Học nấu món ăn nhà làm đặc trưng', 'Tham quan rừng cọ và làng thủ công mỹ nghệ', 'Tour đạp xe tham quan làng và ăn trưa', 'Lớp hướng dẫn làm lồng đèn', 'Changed Attraction Tour tham gia lớp học nấu ăn và đi thuyền thúng', 'Changed Attraction Tour nửa ngày tham quan vùng quê bằng xe đạp', 'Changed Attraction Lớp nấu ăn và trải nghiệm làm nông']"
Phương Tâm,"['Tour Ngũ Hành Sơn và Hội An', 'Tour Ngũ Hành Sơn & Núi Khỉ với bữa trưa', 'Tour Bán đảo Sơn Trà & Hội An từ Đà Nẵng', 'Tour ngoại ô Đà Lạt và Thác Voi', 'Tour riêng tham quan Hội An từ Đà Nẵng', 'Tour tham quan bằng xe máy và khám phá ẩm thực', 'Tour tham quan Mỹ Sơn lúc hoàng hôn', 'Changed Attraction Học nấu món ăn nhà làm đặc trưng', 'Changed Attraction Tour tham quan Đà Nẵng về đêm kèm bữa tối', 'Changed Attraction Tour ẩm thực và ngắm cảnh về đêm bằng xe máy']"
Hương Xuân,"['Tour riêng tham quan thành phố và du thuyền sông Hàn về đêm', 'Tour tham quan Đà Nẵng về đêm kèm bữa tối', 'Tour đạp xe tham quan làng và ăn trưa', 'Tour tham quan bằng xe máy và khám phá ẩm thực', 'Tour ẩm thực và ngắm cảnh về đêm bằng xe máy', 'Tour buổi tối tham quan các điểm nổi bật ở Hội An theo đoàn', 'Tour Ngũ Hành Sơn và Hội An', 'Changed Attraction Tour tham quan Mỹ Sơn lúc hoàng hôn', 'Changed Attraction Du thuyền đêm trên sông Hàn', 'Changed Attraction Tour ẩm thực với hướng dẫn viên và đi thuyền trên sông']"
Quang Tuấn,"['Tour ngoại ô Đà Lạt và Thác Voi', 'Tour Ngũ Hành Sơn & Núi Khỉ với bữa trưa', 'Tour ẩm thực với hướng dẫn viên và đi thuyền trên sông', 'Trải nghiệm cuộc sống thôn dã có ăn tối', 'Tour tham quan bằng xe máy và khám phá ẩm thực', 'Tour Bán đảo Sơn Trà & Hội An từ Đà Nẵng', 'Tour tham gia lớp học nấu ăn và đi thuyền thúng', 'Changed Attraction Tour Ngũ Hành Sơn và Hội An', 'Changed Attraction Tham quan Đà Lạt với hướng dẫn viên', 'Changed Attraction Du thuyền đêm trên sông Hàn']"
Danh Văn,"['Tour tham quan Mỹ Sơn lúc hoàng hôn', 'Tour nửa ngày Thánh Địa Mỹ Sơn', 'Tham quan rừng cọ và làng thủ công mỹ nghệ', 'Tour Ngũ Hành Sơn và Hội An', 'Tour Bán đảo Sơn Trà & Hội An từ Đà Nẵng', 'Tour tham quan Thánh Địa Mỹ Sơn và Ngũ Hành Sơn', 'Tour ẩm thực với hướng dẫn viên và đi thuyền trên sông', 'Changed Attraction Tour riêng tham quan Hội An từ Đà Nẵng', 'Changed Attraction Tour chèo thuyền kayak ngắm hoàng hôn tại Hội An', 'Changed Attraction Tour Phố cổ Hội An có hướng dẫn viên']"
Hải Duyên,"['Tour chèo kayak hoặc SUP tại Đà Lạt', 'Tour du lịch Đà Nẵng nửa ngày', 'Lớp hướng dẫn làm lồng đèn', 'Du thuyền đêm trên sông Hàn', 'Tour nửa ngày Thánh Địa Mỹ Sơn', 'Tour ngoại ô Đà Lạt và Thác Voi', 'Tour Cầu Vàng và Bà Nà Hills', 'Changed Attraction Nấu ăn lúc hoàng hôn với chuyến đi thuyền ở Hội An', 'Changed Attraction Tour chèo thuyền kayak ngắm hoàng hôn tại Hội An', 'Changed Attraction Tour ẩm thực với hướng dẫn viên và đi thuyền trên sông']"
Phương Thủy,"['Tour nửa ngày đi thuyền trên sông thời chiến có hướng dẫn', 'Tour Ngũ Hành Sơn & Núi Khỉ với bữa trưa', 'Nấu ăn lúc hoàng hôn với chuyến đi thuyền ở Hội An', 'Tour thuyền thúng và lớp học nấu ăn thân thiện với môi trường', 'Tour tham quan Mỹ Sơn lúc hoàng hôn', 'Tour nửa ngày tham quan vùng quê bằng xe đạp', 'Tour thuyền thúng riêng & trải nghiệm bắt cua', 'Changed Attraction Tham quan Phố Cổ và du ngoạn trên sông', 'Changed Attraction Tour tham gia lớp học nấu ăn và đi thuyền thúng', 'Changed Attraction Lớp nấu ăn và trải nghiệm làm nông']"
Phong,"['Tour riêng tham quan thành phố và du thuyền sông Hàn về đêm', 'Tour tham quan Đà Nẵng về đêm kèm bữa tối', 'Tour ẩm thực với hướng dẫn viên và đi thuyền trên sông', 'Tour ẩm thực chợ đêm', 'Tour du lịch Đà Nẵng nửa ngày', 'Tour Ngũ Hành Sơn và Hội An', 'Tour buổi tối tham quan các điểm nổi bật ở Hội An theo đoàn', 'Changed Attraction Tour tham quan bằng xe máy và khám phá ẩm thực', 'Changed Attraction Tour ẩm thực và ngắm cảnh về đêm bằng xe máy', 'Changed Attraction Tour tham quan Mỹ Sơn lúc hoàng hôn']"
Phương Quyên,"['Tham quan Đà Lạt với hướng dẫn viên', 'Tour ẩm thực với hướng dẫn viên và đi thuyền trên sông', 'Trải nghiệm uống thử cà phê', 'Tour ẩm thực chợ đêm', 'Tour buổi tối tham quan các điểm nổi bật ở Hội An theo đoàn', 'Tour Ngũ Hành Sơn và Hội An', 'Tour Cầu Vàng và Bà Nà Hills', 'Changed Attraction Tour đạp xe tham quan làng và ăn trưa', 'Changed Attraction Tour ngoại ô Đà Lạt và Thác Voi', 'Changed Attraction Tour thuyền thúng riêng & trải nghiệm bắt cua']"
Song,"['Tham quan Phố Cổ và du ngoạn trên sông', 'Tour nửa ngày đi thuyền trên sông thời chiến có hướng dẫn', 'Tour Ngũ Hành Sơn & Núi Khỉ với bữa trưa', 'Tour tham gia lớp học nấu ăn và đi thuyền thúng', 'Tour nửa ngày tham quan vùng quê bằng xe đạp', 'Tham quan rừng cọ và làng thủ công mỹ nghệ', 'Tour tham quan Mỹ Sơn lúc hoàng hôn', 'Changed Attraction Trải nghiệm cuộc sống thôn dã có ăn tối', 'Changed Attraction Tour đạp xe tham quan làng và ăn trưa', 'Changed Attraction Tour ẩm thực với hướng dẫn viên và đi thuyền trên sông']"
Ðình Ðôn,"['Tour tham quan Đà Nẵng về đêm kèm bữa tối', 'Tour riêng tham quan thành phố và du thuyền sông Hàn về đêm', 'Tour đạp xe tham quan làng và ăn trưa', 'Tour ẩm thực và ngắm cảnh về đêm bằng xe máy', 'Tour tham quan bằng xe máy và khám phá ẩm thực', 'Tour Bà Nà Hills trọn ngày với bữa trưa buffet', 'Tour nửa ngày tham quan vùng quê bằng xe đạp', 'Changed Attraction Tour du lịch Đà Nẵng nửa ngày', 'Changed Attraction Tour Ngũ Hành Sơn và Hội An', 'Changed Attraction Tour ẩm thực với hướng dẫn viên và đi thuyền trên sông']"
Vân Hà,"['Trải nghiệm uống thử cà phê', 'Tour ẩm thực với hướng dẫn viên và đi thuyền trên sông', 'Tour ẩm thực chợ đêm', 'Tour thuyền thúng riêng & trải nghiệm bắt cua', 'Tour đạp xe tham quan làng và ăn trưa', 'Tour tham gia lớp học nấu ăn và đi thuyền thúng', 'Tour chèo kayak hoặc SUP tại Đà Lạt', 'Changed Attraction Tour riêng tham quan Hội An từ Đà Nẵng', 'Changed Attraction Tham quan Đà Lạt với hướng dẫn viên', 'Changed Attraction Trải nghiệm rang và thưởng thức cà phê']"
Khải Tâm,"['Tour Ngũ Hành Sơn và Hội An', 'Tour thuyền thúng và lớp học nấu ăn thân thiện với môi trường', 'Tour tham gia lớp học nấu ăn và đi thuyền thúng', 'Tour đạp xe tham quan làng và ăn trưa', 'Tour ẩm thực với hướng dẫn viên và đi thuyền trên sông', 'Tour ẩm thực chợ đêm', 'Tour nửa ngày đi thuyền trên sông thời chiến có hướng dẫn', 'Changed Attraction Nấu ăn lúc hoàng hôn với chuyến đi thuyền ở Hội An', 'Changed Attraction Lớp nấu ăn và trải nghiệm làm nông', 'Changed Attraction Học nấu món ăn nhà làm đặc trưng']"
Thư Lâm,"['Tour Ngũ Hành Sơn & Núi Khỉ với bữa trưa', 'Tham quan Phố Cổ và du ngoạn trên sông', 'Tour tham gia lớp học nấu ăn và đi thuyền thúng', 'Tour nửa ngày đi thuyền trên sông thời chiến có hướng dẫn', 'Tour Bán đảo Sơn Trà & Hội An từ Đà Nẵng', 'Tour Ngũ Hành Sơn và Hội An', 'Tour du lịch Đà Nẵng nửa ngày', 'Changed Attraction Tour tham quan Thánh Địa Mỹ Sơn và Ngũ Hành Sơn', 'Changed Attraction Tour ngoại ô Đà Lạt và Thác Voi', 'Changed Attraction Tour tham quan bằng xe máy và khám phá ẩm thực']"
Chí Giang,"['Tour ẩm thực chợ đêm', 'Tour buổi tối tham quan các điểm nổi bật ở Hội An theo đoàn', 'Trải nghiệm rang và thưởng thức cà phê', 'Tour ẩm thực với hướng dẫn viên và đi thuyền trên sông', 'Tour riêng tham quan Hội An từ Đà Nẵng', 'Tour tham quan Đà Nẵng về đêm kèm bữa tối', 'Tour tham quan Mỹ Sơn lúc hoàng hôn', 'Changed Attraction Tour ẩm thực và ngắm cảnh về đêm bằng xe máy', 'Changed Attraction Tham quan Đà Lạt với hướng dẫn viên', 'Changed Attraction Tour đạp xe tham quan làng và ăn trưa']"
Nguyệt Minh,"['Tour tham quan Mỹ Sơn lúc hoàng hôn', 'Tour nửa ngày tham quan vùng quê bằng xe đạp', 'Tour ẩm thực với hướng dẫn viên và đi thuyền trên sông', 'Tour thuyền thúng và lớp học nấu ăn thân thiện với môi trường', 'Trải nghiệm cuộc sống thôn dã có ăn tối', 'Tham quan Phố Cổ và du ngoạn trên sông', 'Nấu ăn lúc hoàng hôn với chuyến đi thuyền ở Hội An', 'Changed Attraction Tour đạp xe tham quan làng và ăn trưa', 'Changed Attraction Tham quan rừng cọ và làng thủ công mỹ nghệ', 'Changed Attraction Tour tham gia lớp học nấu ăn và đi thuyền thúng']"
Vân Ngọc,"['Nấu ăn lúc hoàng hôn với chuyến đi thuyền ở Hội An', 'Tour thuyền thúng và lớp học nấu ăn thân thiện với môi trường', 'Tour ẩm thực với hướng dẫn viên và đi thuyền trên sông', 'Tour đạp xe tham quan làng và ăn trưa', 'Lớp nấu ăn và trải nghiệm làm nông', 'Tham quan rừng cọ và làng thủ công mỹ nghệ', 'Du thuyền đêm trên sông Hàn', 'Changed Attraction Tour nửa ngày đi thuyền trên sông thời chiến có hướng dẫn', 'Changed Attraction Tour tham gia lớp học nấu ăn và đi thuyền thúng', 'Changed Attraction Học nấu món ăn nhà làm đặc trưng']"
Xuân Nương,"['Tour buổi tối tham quan các điểm nổi bật ở Hội An theo đoàn', 'Tour ẩm thực chợ đêm', 'Tour ẩm thực với hướng dẫn viên và đi thuyền trên sông', 'Tour tham gia lớp học nấu ăn và đi thuyền thúng', 'Tour Ngũ Hành Sơn & Núi Khỉ với bữa trưa', 'Du thuyền đêm trên sông Hàn', 'Tour thuyền thúng và lớp học nấu ăn thân thiện với môi trường', 'Changed Attraction Trải nghiệm rang và thưởng thức cà phê', 'Changed Attraction Tour riêng tham quan thành phố và du thuyền sông Hàn về đêm', 'Changed Attraction Tour ẩm thực và ngắm cảnh về đêm bằng xe máy']"
Khắc Triệu,"['Tour thuyền thúng riêng & trải nghiệm bắt cua', 'Tham quan Đà Lạt với hướng dẫn viên', 'Tour đạp xe tham quan làng và ăn trưa', 'Tour ẩm thực với hướng dẫn viên và đi thuyền trên sông', 'Tour tham gia lớp học nấu ăn và đi thuyền thúng', 'Tour nửa ngày đi thuyền trên sông thời chiến có hướng dẫn', 'Tour riêng tham quan thành phố và du thuyền sông Hàn về đêm', 'Changed Attraction Trải nghiệm uống thử cà phê', 'Changed Attraction Tour tham quan Đà Nẵng về đêm kèm bữa tối', 'Changed Attraction Nấu ăn lúc hoàng hôn với chuyến đi thuyền ở Hội An']"
Tuyết Loan,"['Tour tham gia lớp học nấu ăn và đi thuyền thúng', 'Tour nửa ngày đi thuyền trên sông thời chiến có hướng dẫn', 'Tour Ngũ Hành Sơn & Núi Khỉ với bữa trưa', 'Tour thuyền thúng và lớp học nấu ăn thân thiện với môi trường', 'Nấu ăn lúc hoàng hôn với chuyến đi thuyền ở Hội An', 'Tour đạp xe tham quan làng và ăn trưa', 'Lớp nấu ăn và trải nghiệm làm nông', 'Changed Attraction Học nấu món ăn nhà làm đặc trưng', 'Changed Attraction Tour nửa ngày tham quan vùng quê bằng xe đạp', 'Changed Attraction Tham quan Phố Cổ và du ngoạn trên sông']"
Trúc Linh,"['Tour nửa ngày tham quan vùng quê bằng xe đạp', 'Tour đạp xe tham quan làng và ăn trưa', 'Tour ẩm thực với hướng dẫn viên và đi thuyền trên sông', 'Trải nghiệm cuộc sống thôn dã có ăn tối', 'Tour thuyền thúng và lớp học nấu ăn thân thiện với môi trường', 'Tour tham quan bằng xe máy và khám phá ẩm thực', 'Tham quan Phố Cổ và du ngoạn trên sông', 'Changed Attraction Lớp nấu ăn và trải nghiệm làm nông', 'Changed Attraction Tour tham gia lớp học nấu ăn và đi thuyền thúng', 'Changed Attraction Tham quan rừng cọ và làng thủ công mỹ nghệ']"
Nguyên Khôi,"['Lớp nấu ăn và trải nghiệm làm nông', 'Tour nửa ngày tham quan vùng quê bằng xe đạp', 'Tour ngoại ô Đà Lạt và Thác Voi', 'Tham quan rừng cọ và làng thủ công mỹ nghệ', 'Tour tham gia lớp học nấu ăn và đi thuyền thúng', 'Tour Ngũ Hành Sơn và Hội An', 'Tham quan Phố Cổ và du ngoạn trên sông', 'Changed Attraction Tour tham quan Mỹ Sơn lúc hoàng hôn', 'Changed Attraction Trải nghiệm cuộc sống thôn dã có ăn tối', 'Changed Attraction Tour đạp xe tham quan làng và ăn trưa']"
